event_id,event_date,event_name,event_family,regime_class,series_id,asset,window,start_observation_date,end_observation_date,start_value,end_value,move,unit,transformation,causal_status,source_id
H04,1999-02-12,BOJ zero-interest-rate policy begins,BOJ policy,monetary_regime_change,DEXJPUS,JPY vs USD,1d,1999-02-11,1999-02-12,114.7,114.32,0.3313,%,local-currency return vs USD,descriptive_event_window_not_causal,FRED-DEXJPUS
H04,1999-02-12,BOJ zero-interest-rate policy begins,BOJ policy,monetary_regime_change,DEXJPUS,JPY vs USD,5d,1999-02-11,1999-02-19,114.7,121,-5.4926,%,local-currency return vs USD,descriptive_event_window_not_causal,FRED-DEXJPUS
H04,1999-02-12,BOJ zero-interest-rate policy begins,BOJ policy,monetary_regime_change,DEXJPUS,JPY vs USD,20d,1999-02-11,1999-03-12,114.7,118.99,-3.7402,%,local-currency return vs USD,descriptive_event_window_not_causal,FRED-DEXJPUS
H04,1999-02-12,BOJ zero-interest-rate policy begins,BOJ policy,monetary_regime_change,DEXMXUS,MXN vs USD,1d,1999-02-11,1999-02-12,10.002,9.95,0.5199,%,local-currency return vs USD,descriptive_event_window_not_causal,FRED-DEXMXUS
H04,1999-02-12,BOJ zero-interest-rate policy begins,BOJ policy,monetary_regime_change,DEXMXUS,MXN vs USD,5d,1999-02-11,1999-02-19,10.002,9.935,0.6699,%,local-currency return vs USD,descriptive_event_window_not_causal,FRED-DEXMXUS
H04,1999-02-12,BOJ zero-interest-rate policy begins,BOJ policy,monetary_regime_change,DEXMXUS,MXN vs USD,20d,1999-02-11,1999-03-12,10.002,9.77,2.3195,%,local-currency return vs USD,descriptive_event_window_not_causal,FRED-DEXMXUS
H04,1999-02-12,BOJ zero-interest-rate policy begins,BOJ policy,monetary_regime_change,DEXUSAL,AUD vs USD,1d,1999-02-11,1999-02-12,0.6495,0.6463,-0.4927,%,local-currency return vs USD,descriptive_event_window_not_causal,FRED-DEXUSAL
H04,1999-02-12,BOJ zero-interest-rate policy begins,BOJ policy,monetary_regime_change,DEXUSAL,AUD vs USD,5d,1999-02-11,1999-02-19,0.6495,0.6375,-1.8476,%,local-currency return vs USD,descriptive_event_window_not_causal,FRED-DEXUSAL
H04,1999-02-12,BOJ zero-interest-rate policy begins,BOJ policy,monetary_regime_change,DEXUSAL,AUD vs USD,20d,1999-02-11,1999-03-12,0.6495,0.636,-2.0785,%,local-currency return vs USD,descriptive_event_window_not_causal,FRED-DEXUSAL
H04,1999-02-12,BOJ zero-interest-rate policy begins,BOJ policy,monetary_regime_change,DEXUSNZ,NZD vs USD,1d,1999-02-11,1999-02-12,0.5511,0.5493,-0.3266,%,local-currency return vs USD,descriptive_event_window_not_causal,FRED-DEXUSNZ
H04,1999-02-12,BOJ zero-interest-rate policy begins,BOJ policy,monetary_regime_change,DEXUSNZ,NZD vs USD,5d,1999-02-11,1999-02-19,0.5511,0.5412,-1.7964,%,local-currency return vs USD,descriptive_event_window_not_causal,FRED-DEXUSNZ
H04,1999-02-12,BOJ zero-interest-rate policy begins,BOJ policy,monetary_regime_change,DEXUSNZ,NZD vs USD,20d,1999-02-11,1999-03-12,0.5511,0.534,-3.1029,%,local-currency return vs USD,descriptive_event_window_not_causal,FRED-DEXUSNZ
H04,1999-02-12,BOJ zero-interest-rate policy begins,BOJ policy,monetary_regime_change,DEXBZUS,BRL vs USD,1d,1999-02-11,1999-02-12,1.9,1.9,0,%,local-currency return vs USD,descriptive_event_window_not_causal,FRED-DEXBZUS
H04,1999-02-12,BOJ zero-interest-rate policy begins,BOJ policy,monetary_regime_change,DEXBZUS,BRL vs USD,5d,1999-02-11,1999-02-19,1.9,1.94,-2.1053,%,local-currency return vs USD,descriptive_event_window_not_causal,FRED-DEXBZUS
H04,1999-02-12,BOJ zero-interest-rate policy begins,BOJ policy,monetary_regime_change,DEXBZUS,BRL vs USD,20d,1999-02-11,1999-03-12,1.9,1.91,-0.5263,%,local-currency return vs USD,descriptive_event_window_not_causal,FRED-DEXBZUS
H04,1999-02-12,BOJ zero-interest-rate policy begins,BOJ policy,monetary_regime_change,NASDAQCOM,Nasdaq Composite,1d,1999-02-11,1999-02-12,2405.55,2321.89,-3.4778,%,return_pct,descriptive_event_window_not_causal,FRED-NASDAQCOM
H04,1999-02-12,BOJ zero-interest-rate policy begins,BOJ policy,monetary_regime_change,NASDAQCOM,Nasdaq Composite,5d,1999-02-11,1999-02-19,2405.55,2283.6,-5.0695,%,return_pct,descriptive_event_window_not_causal,FRED-NASDAQCOM
H04,1999-02-12,BOJ zero-interest-rate policy begins,BOJ policy,monetary_regime_change,NASDAQCOM,Nasdaq Composite,20d,1999-02-11,1999-03-12,2405.55,2381.53,-0.9985,%,return_pct,descriptive_event_window_not_causal,FRED-NASDAQCOM
H04,1999-02-12,BOJ zero-interest-rate policy begins,BOJ policy,monetary_regime_change,NIKKEI225,Nikkei 225,1d,1999-02-10,1999-02-12,13952.4,13973.69,0.1526,%,return_pct,descriptive_event_window_not_causal,FRED-NIKKEI225
H04,1999-02-12,BOJ zero-interest-rate policy begins,BOJ policy,monetary_regime_change,NIKKEI225,Nikkei 225,5d,1999-02-10,1999-02-18,13952.4,14146.79,1.3932,%,return_pct,descriptive_event_window_not_causal,FRED-NIKKEI225
H04,1999-02-12,BOJ zero-interest-rate policy begins,BOJ policy,monetary_regime_change,NIKKEI225,Nikkei 225,20d,1999-02-10,1999-03-11,13952.4,15502.14,11.1073,%,return_pct,descriptive_event_window_not_causal,FRED-NIKKEI225
H04,1999-02-12,BOJ zero-interest-rate policy begins,BOJ policy,monetary_regime_change,VIXCLS,VIX,1d,1999-02-11,1999-02-12,27.42,29.76,2.34,index points,change,descriptive_event_window_not_causal,FRED-VIXCLS
H04,1999-02-12,BOJ zero-interest-rate policy begins,BOJ policy,monetary_regime_change,VIXCLS,VIX,5d,1999-02-11,1999-02-19,27.42,29.3,1.88,index points,change,descriptive_event_window_not_causal,FRED-VIXCLS
H04,1999-02-12,BOJ zero-interest-rate policy begins,BOJ policy,monetary_regime_change,VIXCLS,VIX,20d,1999-02-11,1999-03-12,27.42,24.84,-2.58,index points,change,descriptive_event_window_not_causal,FRED-VIXCLS
H04,1999-02-12,BOJ zero-interest-rate policy begins,BOJ policy,monetary_regime_change,DGS10,US 10-year Treasury yield,1d,1999-02-11,1999-02-12,4.93,5.06,13,bp,change_bp,descriptive_event_window_not_causal,FRED-DGS10
H04,1999-02-12,BOJ zero-interest-rate policy begins,BOJ policy,monetary_regime_change,DGS10,US 10-year Treasury yield,5d,1999-02-11,1999-02-19,4.93,5.07,14,bp,change_bp,descriptive_event_window_not_causal,FRED-DGS10
H04,1999-02-12,BOJ zero-interest-rate policy begins,BOJ policy,monetary_regime_change,DGS10,US 10-year Treasury yield,20d,1999-02-11,1999-03-12,4.93,5.16,23,bp,change_bp,descriptive_event_window_not_causal,FRED-DGS10
H04,1999-02-12,BOJ zero-interest-rate policy begins,BOJ policy,monetary_regime_change,DCOILWTICO,WTI crude oil,1d,1999-02-11,1999-02-12,11.94,11.9,-0.335,%,return_pct,descriptive_event_window_not_causal,FRED-DCOILWTICO
H04,1999-02-12,BOJ zero-interest-rate policy begins,BOJ policy,monetary_regime_change,DCOILWTICO,WTI crude oil,5d,1999-02-11,1999-02-19,11.94,11.79,-1.2563,%,return_pct,descriptive_event_window_not_causal,FRED-DCOILWTICO
H04,1999-02-12,BOJ zero-interest-rate policy begins,BOJ policy,monetary_regime_change,DCOILWTICO,WTI crude oil,20d,1999-02-11,1999-03-12,11.94,14.51,21.5243,%,return_pct,descriptive_event_window_not_causal,FRED-DCOILWTICO
H05,2000-08-11,Zero-interest-rate period ends,BOJ policy,monetary_regime_change,DEXJPUS,JPY vs USD,1d,2000-08-10,2000-08-11,108.7,108.68,0.0184,%,local-currency return vs USD,descriptive_event_window_not_causal,FRED-DEXJPUS
H05,2000-08-11,Zero-interest-rate period ends,BOJ policy,monetary_regime_change,DEXJPUS,JPY vs USD,5d,2000-08-10,2000-08-17,108.7,108.48,0.2024,%,local-currency return vs USD,descriptive_event_window_not_causal,FRED-DEXJPUS
H05,2000-08-11,Zero-interest-rate period ends,BOJ policy,monetary_regime_change,DEXJPUS,JPY vs USD,20d,2000-08-10,2000-09-08,108.7,106.03,2.4563,%,local-currency return vs USD,descriptive_event_window_not_causal,FRED-DEXJPUS
H05,2000-08-11,Zero-interest-rate period ends,BOJ policy,monetary_regime_change,DEXMXUS,MXN vs USD,1d,2000-08-10,2000-08-11,9.322,9.279,0.4613,%,local-currency return vs USD,descriptive_event_window_not_causal,FRED-DEXMXUS
H05,2000-08-11,Zero-interest-rate period ends,BOJ policy,monetary_regime_change,DEXMXUS,MXN vs USD,5d,2000-08-10,2000-08-17,9.322,9.189,1.4267,%,local-currency return vs USD,descriptive_event_window_not_causal,FRED-DEXMXUS
H05,2000-08-11,Zero-interest-rate period ends,BOJ policy,monetary_regime_change,DEXMXUS,MXN vs USD,20d,2000-08-10,2000-09-08,9.322,9.327,-0.0536,%,local-currency return vs USD,descriptive_event_window_not_causal,FRED-DEXMXUS
H05,2000-08-11,Zero-interest-rate period ends,BOJ policy,monetary_regime_change,DEXUSAL,AUD vs USD,1d,2000-08-10,2000-08-11,0.5818,0.5795,-0.3953,%,local-currency return vs USD,descriptive_event_window_not_causal,FRED-DEXUSAL
H05,2000-08-11,Zero-interest-rate period ends,BOJ policy,monetary_regime_change,DEXUSAL,AUD vs USD,5d,2000-08-10,2000-08-17,0.5818,0.5935,2.011,%,local-currency return vs USD,descriptive_event_window_not_causal,FRED-DEXUSAL
H05,2000-08-11,Zero-interest-rate period ends,BOJ policy,monetary_regime_change,DEXUSAL,AUD vs USD,20d,2000-08-10,2000-09-08,0.5818,0.5557,-4.4861,%,local-currency return vs USD,descriptive_event_window_not_causal,FRED-DEXUSAL
H05,2000-08-11,Zero-interest-rate period ends,BOJ policy,monetary_regime_change,DEXUSNZ,NZD vs USD,1d,2000-08-10,2000-08-11,0.4518,0.4486,-0.7083,%,local-currency return vs USD,descriptive_event_window_not_causal,FRED-DEXUSNZ
H05,2000-08-11,Zero-interest-rate period ends,BOJ policy,monetary_regime_change,DEXUSNZ,NZD vs USD,5d,2000-08-10,2000-08-17,0.4518,0.453,0.2656,%,local-currency return vs USD,descriptive_event_window_not_causal,FRED-DEXUSNZ
H05,2000-08-11,Zero-interest-rate period ends,BOJ policy,monetary_regime_change,DEXUSNZ,NZD vs USD,20d,2000-08-10,2000-09-08,0.4518,0.4186,-7.3484,%,local-currency return vs USD,descriptive_event_window_not_causal,FRED-DEXUSNZ
H05,2000-08-11,Zero-interest-rate period ends,BOJ policy,monetary_regime_change,DEXBZUS,BRL vs USD,1d,2000-08-10,2000-08-11,1.798,1.796,0.1112,%,local-currency return vs USD,descriptive_event_window_not_causal,FRED-DEXBZUS
H05,2000-08-11,Zero-interest-rate period ends,BOJ policy,monetary_regime_change,DEXBZUS,BRL vs USD,5d,2000-08-10,2000-08-17,1.798,1.809,-0.6118,%,local-currency return vs USD,descriptive_event_window_not_causal,FRED-DEXBZUS
H05,2000-08-11,Zero-interest-rate period ends,BOJ policy,monetary_regime_change,DEXBZUS,BRL vs USD,20d,2000-08-10,2000-09-08,1.798,1.822,-1.3348,%,local-currency return vs USD,descriptive_event_window_not_causal,FRED-DEXBZUS
H05,2000-08-11,Zero-interest-rate period ends,BOJ policy,monetary_regime_change,NASDAQCOM,Nasdaq Composite,1d,2000-08-10,2000-08-11,3759.99,3789.47,0.784,%,return_pct,descriptive_event_window_not_causal,FRED-NASDAQCOM
H05,2000-08-11,Zero-interest-rate period ends,BOJ policy,monetary_regime_change,NASDAQCOM,Nasdaq Composite,5d,2000-08-10,2000-08-17,3759.99,3940.87,4.8107,%,return_pct,descriptive_event_window_not_causal,FRED-NASDAQCOM
H05,2000-08-11,Zero-interest-rate period ends,BOJ policy,monetary_regime_change,NASDAQCOM,Nasdaq Composite,20d,2000-08-10,2000-09-08,3759.99,3978.41,5.8091,%,return_pct,descriptive_event_window_not_causal,FRED-NASDAQCOM
H05,2000-08-11,Zero-interest-rate period ends,BOJ policy,monetary_regime_change,NIKKEI225,Nikkei 225,1d,2000-08-10,2000-08-11,15975.65,16117.5,0.8879,%,return_pct,descriptive_event_window_not_causal,FRED-NIKKEI225
H05,2000-08-11,Zero-interest-rate period ends,BOJ policy,monetary_regime_change,NIKKEI225,Nikkei 225,5d,2000-08-10,2000-08-17,15975.65,16161.03,1.1604,%,return_pct,descriptive_event_window_not_causal,FRED-NIKKEI225
H05,2000-08-11,Zero-interest-rate period ends,BOJ policy,monetary_regime_change,NIKKEI225,Nikkei 225,20d,2000-08-10,2000-09-07,15975.65,16300.46,2.0332,%,return_pct,descriptive_event_window_not_causal,FRED-NIKKEI225
H05,2000-08-11,Zero-interest-rate period ends,BOJ policy,monetary_regime_change,VIXCLS,VIX,1d,2000-08-10,2000-08-11,19.19,18.55,-0.64,index points,change,descriptive_event_window_not_causal,FRED-VIXCLS
H05,2000-08-11,Zero-interest-rate period ends,BOJ policy,monetary_regime_change,VIXCLS,VIX,5d,2000-08-10,2000-08-17,19.19,17.48,-1.71,index points,change,descriptive_event_window_not_causal,FRED-VIXCLS
H05,2000-08-11,Zero-interest-rate period ends,BOJ policy,monetary_regime_change,VIXCLS,VIX,20d,2000-08-10,2000-09-08,19.19,18.46,-0.73,index points,change,descriptive_event_window_not_causal,FRED-VIXCLS
H05,2000-08-11,Zero-interest-rate period ends,BOJ policy,monetary_regime_change,DGS10,US 10-year Treasury yield,1d,2000-08-10,2000-08-11,5.76,5.79,3,bp,change_bp,descriptive_event_window_not_causal,FRED-DGS10
H05,2000-08-11,Zero-interest-rate period ends,BOJ policy,monetary_regime_change,DGS10,US 10-year Treasury yield,5d,2000-08-10,2000-08-17,5.76,5.81,5,bp,change_bp,descriptive_event_window_not_causal,FRED-DGS10
H05,2000-08-11,Zero-interest-rate period ends,BOJ policy,monetary_regime_change,DGS10,US 10-year Treasury yield,20d,2000-08-10,2000-09-08,5.76,5.73,-3,bp,change_bp,descriptive_event_window_not_causal,FRED-DGS10
H05,2000-08-11,Zero-interest-rate period ends,BOJ policy,monetary_regime_change,DCOILWTICO,WTI crude oil,1d,2000-08-10,2000-08-11,31.09,31.02,-0.2252,%,return_pct,descriptive_event_window_not_causal,FRED-DCOILWTICO
H05,2000-08-11,Zero-interest-rate period ends,BOJ policy,monetary_regime_change,DCOILWTICO,WTI crude oil,5d,2000-08-10,2000-08-17,31.09,31.88,2.541,%,return_pct,descriptive_event_window_not_causal,FRED-DCOILWTICO
H05,2000-08-11,Zero-interest-rate period ends,BOJ policy,monetary_regime_change,DCOILWTICO,WTI crude oil,20d,2000-08-10,2000-09-08,31.09,33.62,8.1377,%,return_pct,descriptive_event_window_not_causal,FRED-DCOILWTICO
H06,2001-03-19,BOJ quantitative easing begins,BOJ policy,monetary_regime_change,DEXJPUS,JPY vs USD,1d,2001-03-16,2001-03-19,122.85,122.57,0.2279,%,local-currency return vs USD,descriptive_event_window_not_causal,FRED-DEXJPUS
H06,2001-03-19,BOJ quantitative easing begins,BOJ policy,monetary_regime_change,DEXJPUS,JPY vs USD,5d,2001-03-16,2001-03-23,122.85,122.64,0.1709,%,local-currency return vs USD,descriptive_event_window_not_causal,FRED-DEXJPUS
H06,2001-03-19,BOJ quantitative easing begins,BOJ policy,monetary_regime_change,DEXJPUS,JPY vs USD,20d,2001-03-16,2001-04-13,122.85,124.15,-1.0582,%,local-currency return vs USD,descriptive_event_window_not_causal,FRED-DEXJPUS
H06,2001-03-19,BOJ quantitative easing begins,BOJ policy,monetary_regime_change,DEXMXUS,MXN vs USD,1d,2001-03-16,2001-03-19,9.622,9.573,0.5092,%,local-currency return vs USD,descriptive_event_window_not_causal,FRED-DEXMXUS
H06,2001-03-19,BOJ quantitative easing begins,BOJ policy,monetary_regime_change,DEXMXUS,MXN vs USD,5d,2001-03-16,2001-03-23,9.622,9.663,-0.4261,%,local-currency return vs USD,descriptive_event_window_not_causal,FRED-DEXMXUS
H06,2001-03-19,BOJ quantitative easing begins,BOJ policy,monetary_regime_change,DEXMXUS,MXN vs USD,20d,2001-03-16,2001-04-13,9.622,9.305,3.2945,%,local-currency return vs USD,descriptive_event_window_not_causal,FRED-DEXMXUS
H06,2001-03-19,BOJ quantitative easing begins,BOJ policy,monetary_regime_change,DEXUSAL,AUD vs USD,1d,2001-03-16,2001-03-19,0.494,0.4984,0.8907,%,local-currency return vs USD,descriptive_event_window_not_causal,FRED-DEXUSAL
H06,2001-03-19,BOJ quantitative easing begins,BOJ policy,monetary_regime_change,DEXUSAL,AUD vs USD,5d,2001-03-16,2001-03-23,0.494,0.4963,0.4656,%,local-currency return vs USD,descriptive_event_window_not_causal,FRED-DEXUSAL
H06,2001-03-19,BOJ quantitative easing begins,BOJ policy,monetary_regime_change,DEXUSAL,AUD vs USD,20d,2001-03-16,2001-04-13,0.494,0.5081,2.8543,%,local-currency return vs USD,descriptive_event_window_not_causal,FRED-DEXUSAL
H06,2001-03-19,BOJ quantitative easing begins,BOJ policy,monetary_regime_change,DEXUSNZ,NZD vs USD,1d,2001-03-16,2001-03-19,0.4135,0.418,1.0883,%,local-currency return vs USD,descriptive_event_window_not_causal,FRED-DEXUSNZ
H06,2001-03-19,BOJ quantitative easing begins,BOJ policy,monetary_regime_change,DEXUSNZ,NZD vs USD,5d,2001-03-16,2001-03-23,0.4135,0.4167,0.7739,%,local-currency return vs USD,descriptive_event_window_not_causal,FRED-DEXUSNZ
H06,2001-03-19,BOJ quantitative easing begins,BOJ policy,monetary_regime_change,DEXUSNZ,NZD vs USD,20d,2001-03-16,2001-04-13,0.4135,0.408,-1.3301,%,local-currency return vs USD,descriptive_event_window_not_causal,FRED-DEXUSNZ
H06,2001-03-19,BOJ quantitative easing begins,BOJ policy,monetary_regime_change,DEXBZUS,BRL vs USD,1d,2001-03-16,2001-03-19,2.129,2.171,-1.9728,%,local-currency return vs USD,descriptive_event_window_not_causal,FRED-DEXBZUS
H06,2001-03-19,BOJ quantitative easing begins,BOJ policy,monetary_regime_change,DEXBZUS,BRL vs USD,5d,2001-03-16,2001-03-23,2.129,2.172,-2.0197,%,local-currency return vs USD,descriptive_event_window_not_causal,FRED-DEXBZUS
H06,2001-03-19,BOJ quantitative easing begins,BOJ policy,monetary_regime_change,DEXBZUS,BRL vs USD,20d,2001-03-16,2001-04-13,2.129,2.156,-1.2682,%,local-currency return vs USD,descriptive_event_window_not_causal,FRED-DEXBZUS
H06,2001-03-19,BOJ quantitative easing begins,BOJ policy,monetary_regime_change,NASDAQCOM,Nasdaq Composite,1d,2001-03-16,2001-03-19,1890.91,1951.18,3.1874,%,return_pct,descriptive_event_window_not_causal,FRED-NASDAQCOM
H06,2001-03-19,BOJ quantitative easing begins,BOJ policy,monetary_regime_change,NASDAQCOM,Nasdaq Composite,5d,2001-03-16,2001-03-23,1890.91,1928.68,1.9975,%,return_pct,descriptive_event_window_not_causal,FRED-NASDAQCOM
H06,2001-03-19,BOJ quantitative easing begins,BOJ policy,monetary_regime_change,NASDAQCOM,Nasdaq Composite,20d,2001-03-16,2001-04-16,1890.91,1909.57,0.9868,%,return_pct,descriptive_event_window_not_causal,FRED-NASDAQCOM
H06,2001-03-19,BOJ quantitative easing begins,BOJ policy,monetary_regime_change,NIKKEI225,Nikkei 225,1d,2001-03-16,2001-03-19,12232.98,12190.97,-0.3434,%,return_pct,descriptive_event_window_not_causal,FRED-NIKKEI225
H06,2001-03-19,BOJ quantitative easing begins,BOJ policy,monetary_regime_change,NIKKEI225,Nikkei 225,5d,2001-03-16,2001-03-26,12232.98,13862.31,13.3192,%,return_pct,descriptive_event_window_not_causal,FRED-NIKKEI225
H06,2001-03-19,BOJ quantitative easing begins,BOJ policy,monetary_regime_change,NIKKEI225,Nikkei 225,20d,2001-03-16,2001-04-16,12232.98,13254.89,8.3537,%,return_pct,descriptive_event_window_not_causal,FRED-NIKKEI225
H06,2001-03-19,BOJ quantitative easing begins,BOJ policy,monetary_regime_change,VIXCLS,VIX,1d,2001-03-16,2001-03-19,29.91,29.78,-0.13,index points,change,descriptive_event_window_not_causal,FRED-VIXCLS
H06,2001-03-19,BOJ quantitative easing begins,BOJ policy,monetary_regime_change,VIXCLS,VIX,5d,2001-03-16,2001-03-23,29.91,30.45,0.54,index points,change,descriptive_event_window_not_causal,FRED-VIXCLS
H06,2001-03-19,BOJ quantitative easing begins,BOJ policy,monetary_regime_change,VIXCLS,VIX,20d,2001-03-16,2001-04-16,29.91,26.33,-3.58,index points,change,descriptive_event_window_not_causal,FRED-VIXCLS
H06,2001-03-19,BOJ quantitative easing begins,BOJ policy,monetary_regime_change,DGS10,US 10-year Treasury yield,1d,2001-03-16,2001-03-19,4.78,4.82,4,bp,change_bp,descriptive_event_window_not_causal,FRED-DGS10
H06,2001-03-19,BOJ quantitative easing begins,BOJ policy,monetary_regime_change,DGS10,US 10-year Treasury yield,5d,2001-03-16,2001-03-23,4.78,4.8,2,bp,change_bp,descriptive_event_window_not_causal,FRED-DGS10
H06,2001-03-19,BOJ quantitative easing begins,BOJ policy,monetary_regime_change,DGS10,US 10-year Treasury yield,20d,2001-03-16,2001-04-16,4.78,5.28,50,bp,change_bp,descriptive_event_window_not_causal,FRED-DGS10
H06,2001-03-19,BOJ quantitative easing begins,BOJ policy,monetary_regime_change,DCOILWTICO,WTI crude oil,1d,2001-03-16,2001-03-19,26.68,26.17,-1.9115,%,return_pct,descriptive_event_window_not_causal,FRED-DCOILWTICO
H06,2001-03-19,BOJ quantitative easing begins,BOJ policy,monetary_regime_change,DCOILWTICO,WTI crude oil,5d,2001-03-16,2001-03-23,26.68,27.31,2.3613,%,return_pct,descriptive_event_window_not_causal,FRED-DCOILWTICO
H06,2001-03-19,BOJ quantitative easing begins,BOJ policy,monetary_regime_change,DCOILWTICO,WTI crude oil,20d,2001-03-16,2001-04-16,26.68,28.81,7.9835,%,return_pct,descriptive_event_window_not_causal,FRED-DCOILWTICO
H07,2006-03-09,BOJ quantitative-easing period ends,BOJ policy,monetary_regime_change,DEXJPUS,JPY vs USD,1d,2006-03-08,2006-03-09,117.9,117.96,-0.0509,%,local-currency return vs USD,descriptive_event_window_not_causal,FRED-DEXJPUS
H07,2006-03-09,BOJ quantitative-easing period ends,BOJ policy,monetary_regime_change,DEXJPUS,JPY vs USD,5d,2006-03-08,2006-03-15,117.9,117.3,0.5089,%,local-currency return vs USD,descriptive_event_window_not_causal,FRED-DEXJPUS
H07,2006-03-09,BOJ quantitative-easing period ends,BOJ policy,monetary_regime_change,DEXJPUS,JPY vs USD,20d,2006-03-08,2006-04-05,117.9,117.59,0.2629,%,local-currency return vs USD,descriptive_event_window_not_causal,FRED-DEXJPUS
H07,2006-03-09,BOJ quantitative-easing period ends,BOJ policy,monetary_regime_change,DEXMXUS,MXN vs USD,1d,2006-03-08,2006-03-09,10.775,10.707,0.6311,%,local-currency return vs USD,descriptive_event_window_not_causal,FRED-DEXMXUS
H07,2006-03-09,BOJ quantitative-easing period ends,BOJ policy,monetary_regime_change,DEXMXUS,MXN vs USD,5d,2006-03-08,2006-03-15,10.775,10.67,0.9745,%,local-currency return vs USD,descriptive_event_window_not_causal,FRED-DEXMXUS
H07,2006-03-09,BOJ quantitative-easing period ends,BOJ policy,monetary_regime_change,DEXMXUS,MXN vs USD,20d,2006-03-08,2006-04-05,10.775,10.94,-1.5313,%,local-currency return vs USD,descriptive_event_window_not_causal,FRED-DEXMXUS
H07,2006-03-09,BOJ quantitative-easing period ends,BOJ policy,monetary_regime_change,DEXUSAL,AUD vs USD,1d,2006-03-08,2006-03-09,0.7319,0.7354,0.4782,%,local-currency return vs USD,descriptive_event_window_not_causal,FRED-DEXUSAL
H07,2006-03-09,BOJ quantitative-easing period ends,BOJ policy,monetary_regime_change,DEXUSAL,AUD vs USD,5d,2006-03-08,2006-03-15,0.7319,0.738,0.8334,%,local-currency return vs USD,descriptive_event_window_not_causal,FRED-DEXUSAL
H07,2006-03-09,BOJ quantitative-easing period ends,BOJ policy,monetary_regime_change,DEXUSAL,AUD vs USD,20d,2006-03-08,2006-04-05,0.7319,0.7263,-0.7651,%,local-currency return vs USD,descriptive_event_window_not_causal,FRED-DEXUSAL
H07,2006-03-09,BOJ quantitative-easing period ends,BOJ policy,monetary_regime_change,DEXUSNZ,NZD vs USD,1d,2006-03-08,2006-03-09,0.649,0.6484,-0.0924,%,local-currency return vs USD,descriptive_event_window_not_causal,FRED-DEXUSNZ
H07,2006-03-09,BOJ quantitative-easing period ends,BOJ policy,monetary_regime_change,DEXUSNZ,NZD vs USD,5d,2006-03-08,2006-03-15,0.649,0.645,-0.6163,%,local-currency return vs USD,descriptive_event_window_not_causal,FRED-DEXUSNZ
H07,2006-03-09,BOJ quantitative-easing period ends,BOJ policy,monetary_regime_change,DEXUSNZ,NZD vs USD,20d,2006-03-08,2006-04-05,0.649,0.6139,-5.4083,%,local-currency return vs USD,descriptive_event_window_not_causal,FRED-DEXUSNZ
H07,2006-03-09,BOJ quantitative-easing period ends,BOJ policy,monetary_regime_change,DEXBZUS,BRL vs USD,1d,2006-03-08,2006-03-09,2.1933,2.165,1.2903,%,local-currency return vs USD,descriptive_event_window_not_causal,FRED-DEXBZUS
H07,2006-03-09,BOJ quantitative-easing period ends,BOJ policy,monetary_regime_change,DEXBZUS,BRL vs USD,5d,2006-03-08,2006-03-15,2.1933,2.1256,3.0867,%,local-currency return vs USD,descriptive_event_window_not_causal,FRED-DEXBZUS
H07,2006-03-09,BOJ quantitative-easing period ends,BOJ policy,monetary_regime_change,DEXBZUS,BRL vs USD,20d,2006-03-08,2006-04-05,2.1933,2.129,2.9317,%,local-currency return vs USD,descriptive_event_window_not_causal,FRED-DEXBZUS
H07,2006-03-09,BOJ quantitative-easing period ends,BOJ policy,monetary_regime_change,NASDAQCOM,Nasdaq Composite,1d,2006-03-08,2006-03-09,2267.46,2249.72,-0.7824,%,return_pct,descriptive_event_window_not_causal,FRED-NASDAQCOM
H07,2006-03-09,BOJ quantitative-easing period ends,BOJ policy,monetary_regime_change,NASDAQCOM,Nasdaq Composite,5d,2006-03-08,2006-03-15,2267.46,2311.84,1.9573,%,return_pct,descriptive_event_window_not_causal,FRED-NASDAQCOM
H07,2006-03-09,BOJ quantitative-easing period ends,BOJ policy,monetary_regime_change,NASDAQCOM,Nasdaq Composite,20d,2006-03-08,2006-04-05,2267.46,2359.75,4.0702,%,return_pct,descriptive_event_window_not_causal,FRED-NASDAQCOM
H07,2006-03-09,BOJ quantitative-easing period ends,BOJ policy,monetary_regime_change,NIKKEI225,Nikkei 225,1d,2006-03-08,2006-03-09,15627.49,16036.91,2.6199,%,return_pct,descriptive_event_window_not_causal,FRED-NIKKEI225
H07,2006-03-09,BOJ quantitative-easing period ends,BOJ policy,monetary_regime_change,NIKKEI225,Nikkei 225,5d,2006-03-08,2006-03-15,15627.49,16319.04,4.4252,%,return_pct,descriptive_event_window_not_causal,FRED-NIKKEI225
H07,2006-03-09,BOJ quantitative-easing period ends,BOJ policy,monetary_regime_change,NIKKEI225,Nikkei 225,20d,2006-03-08,2006-04-06,15627.49,17489.33,11.9139,%,return_pct,descriptive_event_window_not_causal,FRED-NIKKEI225
H07,2006-03-09,BOJ quantitative-easing period ends,BOJ policy,monetary_regime_change,VIXCLS,VIX,1d,2006-03-08,2006-03-09,12.32,12.68,0.36,index points,change,descriptive_event_window_not_causal,FRED-VIXCLS
H07,2006-03-09,BOJ quantitative-easing period ends,BOJ policy,monetary_regime_change,VIXCLS,VIX,5d,2006-03-08,2006-03-15,12.32,11.35,-0.97,index points,change,descriptive_event_window_not_causal,FRED-VIXCLS
H07,2006-03-09,BOJ quantitative-easing period ends,BOJ policy,monetary_regime_change,VIXCLS,VIX,20d,2006-03-08,2006-04-05,12.32,11.13,-1.19,index points,change,descriptive_event_window_not_causal,FRED-VIXCLS
H07,2006-03-09,BOJ quantitative-easing period ends,BOJ policy,monetary_regime_change,DGS10,US 10-year Treasury yield,1d,2006-03-08,2006-03-09,4.73,4.74,1,bp,change_bp,descriptive_event_window_not_causal,FRED-DGS10
H07,2006-03-09,BOJ quantitative-easing period ends,BOJ policy,monetary_regime_change,DGS10,US 10-year Treasury yield,5d,2006-03-08,2006-03-15,4.73,4.73,0,bp,change_bp,descriptive_event_window_not_causal,FRED-DGS10
H07,2006-03-09,BOJ quantitative-easing period ends,BOJ policy,monetary_regime_change,DGS10,US 10-year Treasury yield,20d,2006-03-08,2006-04-05,4.73,4.84,11,bp,change_bp,descriptive_event_window_not_causal,FRED-DGS10
H07,2006-03-09,BOJ quantitative-easing period ends,BOJ policy,monetary_regime_change,DCOILWTICO,WTI crude oil,1d,2006-03-08,2006-03-09,60.06,60.51,0.7493,%,return_pct,descriptive_event_window_not_causal,FRED-DCOILWTICO
H07,2006-03-09,BOJ quantitative-easing period ends,BOJ policy,monetary_regime_change,DCOILWTICO,WTI crude oil,5d,2006-03-08,2006-03-15,60.06,62.11,3.4133,%,return_pct,descriptive_event_window_not_causal,FRED-DCOILWTICO
H07,2006-03-09,BOJ quantitative-easing period ends,BOJ policy,monetary_regime_change,DCOILWTICO,WTI crude oil,20d,2006-03-08,2006-04-05,60.06,66.76,11.1555,%,return_pct,descriptive_event_window_not_causal,FRED-DCOILWTICO
H07,2006-03-09,BOJ quantitative-easing period ends,BOJ policy,monetary_regime_change,DTWEXBGS,Broad US dollar index,1d,2006-03-08,2006-03-09,100.8565,100.7718,-0.084,%,return_pct,descriptive_event_window_not_causal,FRED-DTWEXBGS
H07,2006-03-09,BOJ quantitative-easing period ends,BOJ policy,monetary_regime_change,DTWEXBGS,Broad US dollar index,5d,2006-03-08,2006-03-15,100.8565,100.2121,-0.6389,%,return_pct,descriptive_event_window_not_causal,FRED-DTWEXBGS
H07,2006-03-09,BOJ quantitative-easing period ends,BOJ policy,monetary_regime_change,DTWEXBGS,Broad US dollar index,20d,2006-03-08,2006-04-05,100.8565,100.0792,-0.7707,%,return_pct,descriptive_event_window_not_causal,FRED-DTWEXBGS
H09,2010-09-15,Japan intervenes against yen strength,FX intervention,official_fx_action,DEXJPUS,JPY vs USD,1d,2010-09-14,2010-09-15,83.05,85.63,-3.1066,%,local-currency return vs USD,descriptive_event_window_not_causal,FRED-DEXJPUS
H09,2010-09-15,Japan intervenes against yen strength,FX intervention,official_fx_action,DEXJPUS,JPY vs USD,5d,2010-09-14,2010-09-21,83.05,85.36,-2.7815,%,local-currency return vs USD,descriptive_event_window_not_causal,FRED-DEXJPUS
H09,2010-09-15,Japan intervenes against yen strength,FX intervention,official_fx_action,DEXJPUS,JPY vs USD,20d,2010-09-14,2010-10-13,83.05,81.81,1.4931,%,local-currency return vs USD,descriptive_event_window_not_causal,FRED-DEXJPUS
H09,2010-09-15,Japan intervenes against yen strength,FX intervention,official_fx_action,DEXMXUS,MXN vs USD,1d,2010-09-14,2010-09-15,12.8177,12.7772,0.316,%,local-currency return vs USD,descriptive_event_window_not_causal,FRED-DEXMXUS
H09,2010-09-15,Japan intervenes against yen strength,FX intervention,official_fx_action,DEXMXUS,MXN vs USD,5d,2010-09-14,2010-09-21,12.8177,12.7638,0.4205,%,local-currency return vs USD,descriptive_event_window_not_causal,FRED-DEXMXUS
H09,2010-09-15,Japan intervenes against yen strength,FX intervention,official_fx_action,DEXMXUS,MXN vs USD,20d,2010-09-14,2010-10-13,12.8177,12.3705,3.4889,%,local-currency return vs USD,descriptive_event_window_not_causal,FRED-DEXMXUS
H09,2010-09-15,Japan intervenes against yen strength,FX intervention,official_fx_action,DEXUSAL,AUD vs USD,1d,2010-09-14,2010-09-15,0.9436,0.9397,-0.4133,%,local-currency return vs USD,descriptive_event_window_not_causal,FRED-DEXUSAL
H09,2010-09-15,Japan intervenes against yen strength,FX intervention,official_fx_action,DEXUSAL,AUD vs USD,5d,2010-09-14,2010-09-21,0.9436,0.9475,0.4133,%,local-currency return vs USD,descriptive_event_window_not_causal,FRED-DEXUSAL
H09,2010-09-15,Japan intervenes against yen strength,FX intervention,official_fx_action,DEXUSAL,AUD vs USD,20d,2010-09-14,2010-10-13,0.9436,0.9922,5.1505,%,local-currency return vs USD,descriptive_event_window_not_causal,FRED-DEXUSAL
H09,2010-09-15,Japan intervenes against yen strength,FX intervention,official_fx_action,DEXUSNZ,NZD vs USD,1d,2010-09-14,2010-09-15,0.7375,0.733,-0.6102,%,local-currency return vs USD,descriptive_event_window_not_causal,FRED-DEXUSNZ
H09,2010-09-15,Japan intervenes against yen strength,FX intervention,official_fx_action,DEXUSNZ,NZD vs USD,5d,2010-09-14,2010-09-21,0.7375,0.7282,-1.261,%,local-currency return vs USD,descriptive_event_window_not_causal,FRED-DEXUSNZ
H09,2010-09-15,Japan intervenes against yen strength,FX intervention,official_fx_action,DEXUSNZ,NZD vs USD,20d,2010-09-14,2010-10-13,0.7375,0.7625,3.3898,%,local-currency return vs USD,descriptive_event_window_not_causal,FRED-DEXUSNZ
H09,2010-09-15,Japan intervenes against yen strength,FX intervention,official_fx_action,DEXBZUS,BRL vs USD,1d,2010-09-14,2010-09-15,1.7037,1.7176,-0.8159,%,local-currency return vs USD,descriptive_event_window_not_causal,FRED-DEXBZUS
H09,2010-09-15,Japan intervenes against yen strength,FX intervention,official_fx_action,DEXBZUS,BRL vs USD,5d,2010-09-14,2010-09-21,1.7037,1.7276,-1.4028,%,local-currency return vs USD,descriptive_event_window_not_causal,FRED-DEXBZUS
H09,2010-09-15,Japan intervenes against yen strength,FX intervention,official_fx_action,DEXBZUS,BRL vs USD,20d,2010-09-14,2010-10-13,1.7037,1.6574,2.7176,%,local-currency return vs USD,descriptive_event_window_not_causal,FRED-DEXBZUS
H09,2010-09-15,Japan intervenes against yen strength,FX intervention,official_fx_action,NASDAQCOM,Nasdaq Composite,1d,2010-09-14,2010-09-15,2289.77,2301.32,0.5044,%,return_pct,descriptive_event_window_not_causal,FRED-NASDAQCOM
H09,2010-09-15,Japan intervenes against yen strength,FX intervention,official_fx_action,NASDAQCOM,Nasdaq Composite,5d,2010-09-14,2010-09-21,2289.77,2349.35,2.602,%,return_pct,descriptive_event_window_not_causal,FRED-NASDAQCOM
H09,2010-09-15,Japan intervenes against yen strength,FX intervention,official_fx_action,NASDAQCOM,Nasdaq Composite,20d,2010-09-14,2010-10-12,2289.77,2417.92,5.5966,%,return_pct,descriptive_event_window_not_causal,FRED-NASDAQCOM
H09,2010-09-15,Japan intervenes against yen strength,FX intervention,official_fx_action,NIKKEI225,Nikkei 225,1d,2010-09-14,2010-09-15,9299.31,9516.56,2.3362,%,return_pct,descriptive_event_window_not_causal,FRED-NIKKEI225
H09,2010-09-15,Japan intervenes against yen strength,FX intervention,official_fx_action,NIKKEI225,Nikkei 225,5d,2010-09-14,2010-09-22,9299.31,9566.32,2.8713,%,return_pct,descriptive_event_window_not_causal,FRED-NIKKEI225
H09,2010-09-15,Japan intervenes against yen strength,FX intervention,official_fx_action,NIKKEI225,Nikkei 225,20d,2010-09-14,2010-10-15,9299.31,9500.25,2.1608,%,return_pct,descriptive_event_window_not_causal,FRED-NIKKEI225
H09,2010-09-15,Japan intervenes against yen strength,FX intervention,official_fx_action,VIXCLS,VIX,1d,2010-09-14,2010-09-15,21.56,22.1,0.54,index points,change,descriptive_event_window_not_causal,FRED-VIXCLS
H09,2010-09-15,Japan intervenes against yen strength,FX intervention,official_fx_action,VIXCLS,VIX,5d,2010-09-14,2010-09-21,21.56,22.35,0.79,index points,change,descriptive_event_window_not_causal,FRED-VIXCLS
H09,2010-09-15,Japan intervenes against yen strength,FX intervention,official_fx_action,VIXCLS,VIX,20d,2010-09-14,2010-10-12,21.56,18.93,-2.63,index points,change,descriptive_event_window_not_causal,FRED-VIXCLS
H09,2010-09-15,Japan intervenes against yen strength,FX intervention,official_fx_action,DGS10,US 10-year Treasury yield,1d,2010-09-14,2010-09-15,2.68,2.74,6,bp,change_bp,descriptive_event_window_not_causal,FRED-DGS10
H09,2010-09-15,Japan intervenes against yen strength,FX intervention,official_fx_action,DGS10,US 10-year Treasury yield,5d,2010-09-14,2010-09-21,2.68,2.61,-7,bp,change_bp,descriptive_event_window_not_causal,FRED-DGS10
H09,2010-09-15,Japan intervenes against yen strength,FX intervention,official_fx_action,DGS10,US 10-year Treasury yield,20d,2010-09-14,2010-10-13,2.68,2.46,-22,bp,change_bp,descriptive_event_window_not_causal,FRED-DGS10
H09,2010-09-15,Japan intervenes against yen strength,FX intervention,official_fx_action,DCOILWTICO,WTI crude oil,1d,2010-09-14,2010-09-15,76.78,75.92,-1.1201,%,return_pct,descriptive_event_window_not_causal,FRED-DCOILWTICO
H09,2010-09-15,Japan intervenes against yen strength,FX intervention,official_fx_action,DCOILWTICO,WTI crude oil,5d,2010-09-14,2010-09-21,76.78,72.96,-4.9753,%,return_pct,descriptive_event_window_not_causal,FRED-DCOILWTICO
H09,2010-09-15,Japan intervenes against yen strength,FX intervention,official_fx_action,DCOILWTICO,WTI crude oil,20d,2010-09-14,2010-10-12,76.78,81.67,6.3688,%,return_pct,descriptive_event_window_not_causal,FRED-DCOILWTICO
H09,2010-09-15,Japan intervenes against yen strength,FX intervention,official_fx_action,DTWEXBGS,Broad US dollar index,1d,2010-09-14,2010-09-15,92.6182,92.9313,0.3381,%,return_pct,descriptive_event_window_not_causal,FRED-DTWEXBGS
H09,2010-09-15,Japan intervenes against yen strength,FX intervention,official_fx_action,DTWEXBGS,Broad US dollar index,5d,2010-09-14,2010-09-21,92.6182,92.6684,0.0542,%,return_pct,descriptive_event_window_not_causal,FRED-DTWEXBGS
H09,2010-09-15,Japan intervenes against yen strength,FX intervention,official_fx_action,DTWEXBGS,Broad US dollar index,20d,2010-09-14,2010-10-13,92.6182,89.7779,-3.0667,%,return_pct,descriptive_event_window_not_causal,FRED-DTWEXBGS
H10,2010-10-05,BOJ comprehensive monetary easing begins,BOJ policy,monetary_regime_change,DEXJPUS,JPY vs USD,1d,2010-10-04,2010-10-05,83.33,83.17,0.192,%,local-currency return vs USD,descriptive_event_window_not_causal,FRED-DEXJPUS
H10,2010-10-05,BOJ comprehensive monetary easing begins,BOJ policy,monetary_regime_change,DEXJPUS,JPY vs USD,5d,2010-10-04,2010-10-12,83.33,81.74,1.9081,%,local-currency return vs USD,descriptive_event_window_not_causal,FRED-DEXJPUS
H10,2010-10-05,BOJ comprehensive monetary easing begins,BOJ policy,monetary_regime_change,DEXJPUS,JPY vs USD,20d,2010-10-04,2010-11-02,83.33,80.8,3.0361,%,local-currency return vs USD,descriptive_event_window_not_causal,FRED-DEXJPUS
H10,2010-10-05,BOJ comprehensive monetary easing begins,BOJ policy,monetary_regime_change,DEXMXUS,MXN vs USD,1d,2010-10-04,2010-10-05,12.6081,12.5141,0.7456,%,local-currency return vs USD,descriptive_event_window_not_causal,FRED-DEXMXUS
H10,2010-10-05,BOJ comprehensive monetary easing begins,BOJ policy,monetary_regime_change,DEXMXUS,MXN vs USD,5d,2010-10-04,2010-10-12,12.6081,12.4285,1.4245,%,local-currency return vs USD,descriptive_event_window_not_causal,FRED-DEXMXUS
H10,2010-10-05,BOJ comprehensive monetary easing begins,BOJ policy,monetary_regime_change,DEXMXUS,MXN vs USD,20d,2010-10-04,2010-11-02,12.6081,12.301,2.4357,%,local-currency return vs USD,descriptive_event_window_not_causal,FRED-DEXMXUS
H10,2010-10-05,BOJ comprehensive monetary easing begins,BOJ policy,monetary_regime_change,DEXUSAL,AUD vs USD,1d,2010-10-04,2010-10-05,0.9666,0.9699,0.3414,%,local-currency return vs USD,descriptive_event_window_not_causal,FRED-DEXUSAL
H10,2010-10-05,BOJ comprehensive monetary easing begins,BOJ policy,monetary_regime_change,DEXUSAL,AUD vs USD,5d,2010-10-04,2010-10-12,0.9666,0.9848,1.8829,%,local-currency return vs USD,descriptive_event_window_not_causal,FRED-DEXUSAL
H10,2010-10-05,BOJ comprehensive monetary easing begins,BOJ policy,monetary_regime_change,DEXUSAL,AUD vs USD,20d,2010-10-04,2010-11-02,0.9666,0.999,3.352,%,local-currency return vs USD,descriptive_event_window_not_causal,FRED-DEXUSAL
H10,2010-10-05,BOJ comprehensive monetary easing begins,BOJ policy,monetary_regime_change,DEXUSNZ,NZD vs USD,1d,2010-10-04,2010-10-05,0.7413,0.7486,0.9848,%,local-currency return vs USD,descriptive_event_window_not_causal,FRED-DEXUSNZ
H10,2010-10-05,BOJ comprehensive monetary easing begins,BOJ policy,monetary_regime_change,DEXUSNZ,NZD vs USD,5d,2010-10-04,2010-10-12,0.7413,0.7536,1.6592,%,local-currency return vs USD,descriptive_event_window_not_causal,FRED-DEXUSNZ
H10,2010-10-05,BOJ comprehensive monetary easing begins,BOJ policy,monetary_regime_change,DEXUSNZ,NZD vs USD,20d,2010-10-04,2010-11-02,0.7413,0.7717,4.1009,%,local-currency return vs USD,descriptive_event_window_not_causal,FRED-DEXUSNZ
H10,2010-10-05,BOJ comprehensive monetary easing begins,BOJ policy,monetary_regime_change,DEXBZUS,BRL vs USD,1d,2010-10-04,2010-10-05,1.6887,1.6733,0.9119,%,local-currency return vs USD,descriptive_event_window_not_causal,FRED-DEXBZUS
H10,2010-10-05,BOJ comprehensive monetary easing begins,BOJ policy,monetary_regime_change,DEXBZUS,BRL vs USD,5d,2010-10-04,2010-10-12,1.6887,1.6697,1.1251,%,local-currency return vs USD,descriptive_event_window_not_causal,FRED-DEXBZUS
H10,2010-10-05,BOJ comprehensive monetary easing begins,BOJ policy,monetary_regime_change,DEXBZUS,BRL vs USD,20d,2010-10-04,2010-11-02,1.6887,1.7033,-0.8646,%,local-currency return vs USD,descriptive_event_window_not_causal,FRED-DEXBZUS
H10,2010-10-05,BOJ comprehensive monetary easing begins,BOJ policy,monetary_regime_change,NASDAQCOM,Nasdaq Composite,1d,2010-10-04,2010-10-05,2344.52,2399.83,2.3591,%,return_pct,descriptive_event_window_not_causal,FRED-NASDAQCOM
H10,2010-10-05,BOJ comprehensive monetary easing begins,BOJ policy,monetary_regime_change,NASDAQCOM,Nasdaq Composite,5d,2010-10-04,2010-10-11,2344.52,2402.33,2.4657,%,return_pct,descriptive_event_window_not_causal,FRED-NASDAQCOM
H10,2010-10-05,BOJ comprehensive monetary easing begins,BOJ policy,monetary_regime_change,NASDAQCOM,Nasdaq Composite,20d,2010-10-04,2010-11-01,2344.52,2504.84,6.8381,%,return_pct,descriptive_event_window_not_causal,FRED-NASDAQCOM
H10,2010-10-05,BOJ comprehensive monetary easing begins,BOJ policy,monetary_regime_change,NIKKEI225,Nikkei 225,1d,2010-10-04,2010-10-05,9381.06,9518.76,1.4679,%,return_pct,descriptive_event_window_not_causal,FRED-NIKKEI225
H10,2010-10-05,BOJ comprehensive monetary easing begins,BOJ policy,monetary_regime_change,NIKKEI225,Nikkei 225,5d,2010-10-04,2010-10-12,9381.06,9388.64,0.0808,%,return_pct,descriptive_event_window_not_causal,FRED-NIKKEI225
H10,2010-10-05,BOJ comprehensive monetary easing begins,BOJ policy,monetary_regime_change,NIKKEI225,Nikkei 225,20d,2010-10-04,2010-11-02,9381.06,9159.98,-2.3567,%,return_pct,descriptive_event_window_not_causal,FRED-NIKKEI225
H10,2010-10-05,BOJ comprehensive monetary easing begins,BOJ policy,monetary_regime_change,VIXCLS,VIX,1d,2010-10-04,2010-10-05,23.53,21.76,-1.77,index points,change,descriptive_event_window_not_causal,FRED-VIXCLS
H10,2010-10-05,BOJ comprehensive monetary easing begins,BOJ policy,monetary_regime_change,VIXCLS,VIX,5d,2010-10-04,2010-10-11,23.53,18.96,-4.57,index points,change,descriptive_event_window_not_causal,FRED-VIXCLS
H10,2010-10-05,BOJ comprehensive monetary easing begins,BOJ policy,monetary_regime_change,VIXCLS,VIX,20d,2010-10-04,2010-11-01,23.53,21.83,-1.7,index points,change,descriptive_event_window_not_causal,FRED-VIXCLS
H10,2010-10-05,BOJ comprehensive monetary easing begins,BOJ policy,monetary_regime_change,DGS10,US 10-year Treasury yield,1d,2010-10-04,2010-10-05,2.5,2.5,0,bp,change_bp,descriptive_event_window_not_causal,FRED-DGS10
H10,2010-10-05,BOJ comprehensive monetary easing begins,BOJ policy,monetary_regime_change,DGS10,US 10-year Treasury yield,5d,2010-10-04,2010-10-12,2.5,2.44,-6,bp,change_bp,descriptive_event_window_not_causal,FRED-DGS10
H10,2010-10-05,BOJ comprehensive monetary easing begins,BOJ policy,monetary_regime_change,DGS10,US 10-year Treasury yield,20d,2010-10-04,2010-11-02,2.5,2.63,13,bp,change_bp,descriptive_event_window_not_causal,FRED-DGS10
H10,2010-10-05,BOJ comprehensive monetary easing begins,BOJ policy,monetary_regime_change,DCOILWTICO,WTI crude oil,1d,2010-10-04,2010-10-05,81.43,82.83,1.7193,%,return_pct,descriptive_event_window_not_causal,FRED-DCOILWTICO
H10,2010-10-05,BOJ comprehensive monetary easing begins,BOJ policy,monetary_regime_change,DCOILWTICO,WTI crude oil,5d,2010-10-04,2010-10-11,81.43,82.18,0.921,%,return_pct,descriptive_event_window_not_causal,FRED-DCOILWTICO
H10,2010-10-05,BOJ comprehensive monetary easing begins,BOJ policy,monetary_regime_change,DCOILWTICO,WTI crude oil,20d,2010-10-04,2010-11-01,81.43,82.94,1.8544,%,return_pct,descriptive_event_window_not_causal,FRED-DCOILWTICO
H10,2010-10-05,BOJ comprehensive monetary easing begins,BOJ policy,monetary_regime_change,DTWEXBGS,Broad US dollar index,1d,2010-10-04,2010-10-05,91.0015,90.5622,-0.4827,%,return_pct,descriptive_event_window_not_causal,FRED-DTWEXBGS
H10,2010-10-05,BOJ comprehensive monetary easing begins,BOJ policy,monetary_regime_change,DTWEXBGS,Broad US dollar index,5d,2010-10-04,2010-10-12,91.0015,90.2203,-0.8584,%,return_pct,descriptive_event_window_not_causal,FRED-DTWEXBGS
H10,2010-10-05,BOJ comprehensive monetary easing begins,BOJ policy,monetary_regime_change,DTWEXBGS,Broad US dollar index,20d,2010-10-04,2010-11-02,91.0015,89.6847,-1.447,%,return_pct,descriptive_event_window_not_causal,FRED-DTWEXBGS
H11,2011-03-11,"Earthquake, tsunami and rapid yen appreciation",External catalyst,event_specific,DEXJPUS,JPY vs USD,1d,2011-03-10,2011-03-11,82.98,81.77,1.4582,%,local-currency return vs USD,descriptive_event_window_not_causal,FRED-DEXJPUS
H11,2011-03-11,"Earthquake, tsunami and rapid yen appreciation",External catalyst,event_specific,DEXJPUS,JPY vs USD,5d,2011-03-10,2011-03-17,82.98,78.74,5.1097,%,local-currency return vs USD,descriptive_event_window_not_causal,FRED-DEXJPUS
H11,2011-03-11,"Earthquake, tsunami and rapid yen appreciation",External catalyst,event_specific,DEXJPUS,JPY vs USD,20d,2011-03-10,2011-04-07,82.98,84.98,-2.4102,%,local-currency return vs USD,descriptive_event_window_not_causal,FRED-DEXJPUS
H11,2011-03-11,"Earthquake, tsunami and rapid yen appreciation",External catalyst,event_specific,DEXMXUS,MXN vs USD,1d,2011-03-10,2011-03-11,11.9641,11.9211,0.3594,%,local-currency return vs USD,descriptive_event_window_not_causal,FRED-DEXMXUS
H11,2011-03-11,"Earthquake, tsunami and rapid yen appreciation",External catalyst,event_specific,DEXMXUS,MXN vs USD,5d,2011-03-10,2011-03-17,11.9641,12.0997,-1.1334,%,local-currency return vs USD,descriptive_event_window_not_causal,FRED-DEXMXUS
H11,2011-03-11,"Earthquake, tsunami and rapid yen appreciation",External catalyst,event_specific,DEXMXUS,MXN vs USD,20d,2011-03-10,2011-04-07,11.9641,11.7922,1.4368,%,local-currency return vs USD,descriptive_event_window_not_causal,FRED-DEXMXUS
H11,2011-03-11,"Earthquake, tsunami and rapid yen appreciation",External catalyst,event_specific,DEXUSAL,AUD vs USD,1d,2011-03-10,2011-03-11,1.0017,1.011,0.9284,%,local-currency return vs USD,descriptive_event_window_not_causal,FRED-DEXUSAL
H11,2011-03-11,"Earthquake, tsunami and rapid yen appreciation",External catalyst,event_specific,DEXUSAL,AUD vs USD,5d,2011-03-10,2011-03-17,1.0017,0.9823,-1.9367,%,local-currency return vs USD,descriptive_event_window_not_causal,FRED-DEXUSAL
H11,2011-03-11,"Earthquake, tsunami and rapid yen appreciation",External catalyst,event_specific,DEXUSAL,AUD vs USD,20d,2011-03-10,2011-04-07,1.0017,1.0456,4.3825,%,local-currency return vs USD,descriptive_event_window_not_causal,FRED-DEXUSAL
H11,2011-03-11,"Earthquake, tsunami and rapid yen appreciation",External catalyst,event_specific,DEXUSNZ,NZD vs USD,1d,2011-03-10,2011-03-11,0.7359,0.7449,1.223,%,local-currency return vs USD,descriptive_event_window_not_causal,FRED-DEXUSNZ
H11,2011-03-11,"Earthquake, tsunami and rapid yen appreciation",External catalyst,event_specific,DEXUSNZ,NZD vs USD,5d,2011-03-10,2011-03-17,0.7359,0.7208,-2.0519,%,local-currency return vs USD,descriptive_event_window_not_causal,FRED-DEXUSNZ
H11,2011-03-11,"Earthquake, tsunami and rapid yen appreciation",External catalyst,event_specific,DEXUSNZ,NZD vs USD,20d,2011-03-10,2011-04-07,0.7359,0.7773,5.6258,%,local-currency return vs USD,descriptive_event_window_not_causal,FRED-DEXUSNZ
H11,2011-03-11,"Earthquake, tsunami and rapid yen appreciation",External catalyst,event_specific,DEXBZUS,BRL vs USD,1d,2011-03-10,2011-03-11,1.6589,1.6612,-0.1386,%,local-currency return vs USD,descriptive_event_window_not_causal,FRED-DEXBZUS
H11,2011-03-11,"Earthquake, tsunami and rapid yen appreciation",External catalyst,event_specific,DEXBZUS,BRL vs USD,5d,2011-03-10,2011-03-17,1.6589,1.6723,-0.8078,%,local-currency return vs USD,descriptive_event_window_not_causal,FRED-DEXBZUS
H11,2011-03-11,"Earthquake, tsunami and rapid yen appreciation",External catalyst,event_specific,DEXBZUS,BRL vs USD,20d,2011-03-10,2011-04-07,1.6589,1.5925,4.0027,%,local-currency return vs USD,descriptive_event_window_not_causal,FRED-DEXBZUS
H11,2011-03-11,"Earthquake, tsunami and rapid yen appreciation",External catalyst,event_specific,NASDAQCOM,Nasdaq Composite,1d,2011-03-10,2011-03-11,2701.02,2715.61,0.5402,%,return_pct,descriptive_event_window_not_causal,FRED-NASDAQCOM
H11,2011-03-11,"Earthquake, tsunami and rapid yen appreciation",External catalyst,event_specific,NASDAQCOM,Nasdaq Composite,5d,2011-03-10,2011-03-17,2701.02,2636.05,-2.4054,%,return_pct,descriptive_event_window_not_causal,FRED-NASDAQCOM
H11,2011-03-11,"Earthquake, tsunami and rapid yen appreciation",External catalyst,event_specific,NASDAQCOM,Nasdaq Composite,20d,2011-03-10,2011-04-07,2701.02,2796.14,3.5216,%,return_pct,descriptive_event_window_not_causal,FRED-NASDAQCOM
H11,2011-03-11,"Earthquake, tsunami and rapid yen appreciation",External catalyst,event_specific,NIKKEI225,Nikkei 225,1d,2011-03-10,2011-03-11,10434.38,10254.43,-1.7246,%,return_pct,descriptive_event_window_not_causal,FRED-NIKKEI225
H11,2011-03-11,"Earthquake, tsunami and rapid yen appreciation",External catalyst,event_specific,NIKKEI225,Nikkei 225,5d,2011-03-10,2011-03-17,10434.38,8962.67,-14.1044,%,return_pct,descriptive_event_window_not_causal,FRED-NIKKEI225
H11,2011-03-11,"Earthquake, tsunami and rapid yen appreciation",External catalyst,event_specific,NIKKEI225,Nikkei 225,20d,2011-03-10,2011-04-08,10434.38,9768.08,-6.3856,%,return_pct,descriptive_event_window_not_causal,FRED-NIKKEI225
H11,2011-03-11,"Earthquake, tsunami and rapid yen appreciation",External catalyst,event_specific,VIXCLS,VIX,1d,2011-03-10,2011-03-11,21.88,20.08,-1.8,index points,change,descriptive_event_window_not_causal,FRED-VIXCLS
H11,2011-03-11,"Earthquake, tsunami and rapid yen appreciation",External catalyst,event_specific,VIXCLS,VIX,5d,2011-03-10,2011-03-17,21.88,26.37,4.49,index points,change,descriptive_event_window_not_causal,FRED-VIXCLS
H11,2011-03-11,"Earthquake, tsunami and rapid yen appreciation",External catalyst,event_specific,VIXCLS,VIX,20d,2011-03-10,2011-04-07,21.88,17.11,-4.77,index points,change,descriptive_event_window_not_causal,FRED-VIXCLS
H11,2011-03-11,"Earthquake, tsunami and rapid yen appreciation",External catalyst,event_specific,DGS10,US 10-year Treasury yield,1d,2011-03-10,2011-03-11,3.37,3.4,3,bp,change_bp,descriptive_event_window_not_causal,FRED-DGS10
H11,2011-03-11,"Earthquake, tsunami and rapid yen appreciation",External catalyst,event_specific,DGS10,US 10-year Treasury yield,5d,2011-03-10,2011-03-17,3.37,3.25,-12,bp,change_bp,descriptive_event_window_not_causal,FRED-DGS10
H11,2011-03-11,"Earthquake, tsunami and rapid yen appreciation",External catalyst,event_specific,DGS10,US 10-year Treasury yield,20d,2011-03-10,2011-04-07,3.37,3.58,21,bp,change_bp,descriptive_event_window_not_causal,FRED-DGS10
H11,2011-03-11,"Earthquake, tsunami and rapid yen appreciation",External catalyst,event_specific,DCOILWTICO,WTI crude oil,1d,2011-03-10,2011-03-11,102.73,101.14,-1.5477,%,return_pct,descriptive_event_window_not_causal,FRED-DCOILWTICO
H11,2011-03-11,"Earthquake, tsunami and rapid yen appreciation",External catalyst,event_specific,DCOILWTICO,WTI crude oil,5d,2011-03-10,2011-03-17,102.73,101.47,-1.2265,%,return_pct,descriptive_event_window_not_causal,FRED-DCOILWTICO
H11,2011-03-11,"Earthquake, tsunami and rapid yen appreciation",External catalyst,event_specific,DCOILWTICO,WTI crude oil,20d,2011-03-10,2011-04-07,102.73,109.82,6.9016,%,return_pct,descriptive_event_window_not_causal,FRED-DCOILWTICO
H11,2011-03-11,"Earthquake, tsunami and rapid yen appreciation",External catalyst,event_specific,DTWEXBGS,Broad US dollar index,1d,2011-03-10,2011-03-11,88.8698,88.691,-0.2012,%,return_pct,descriptive_event_window_not_causal,FRED-DTWEXBGS
H11,2011-03-11,"Earthquake, tsunami and rapid yen appreciation",External catalyst,event_specific,DTWEXBGS,Broad US dollar index,5d,2011-03-10,2011-03-17,88.8698,88.6549,-0.2418,%,return_pct,descriptive_event_window_not_causal,FRED-DTWEXBGS
H11,2011-03-11,"Earthquake, tsunami and rapid yen appreciation",External catalyst,event_specific,DTWEXBGS,Broad US dollar index,20d,2011-03-10,2011-04-07,88.8698,87.532,-1.5053,%,return_pct,descriptive_event_window_not_causal,FRED-DTWEXBGS
H12,2011-03-18,Concerted G7 yen-weakening intervention,FX intervention,official_fx_action,DEXJPUS,JPY vs USD,1d,2011-03-17,2011-03-18,78.74,81.14,-3.048,%,local-currency return vs USD,descriptive_event_window_not_causal,FRED-DEXJPUS
H12,2011-03-18,Concerted G7 yen-weakening intervention,FX intervention,official_fx_action,DEXJPUS,JPY vs USD,5d,2011-03-17,2011-03-24,78.74,80.82,-2.6416,%,local-currency return vs USD,descriptive_event_window_not_causal,FRED-DEXJPUS
H12,2011-03-18,Concerted G7 yen-weakening intervention,FX intervention,official_fx_action,DEXJPUS,JPY vs USD,20d,2011-03-17,2011-04-14,78.74,83.23,-5.7023,%,local-currency return vs USD,descriptive_event_window_not_causal,FRED-DEXJPUS
H12,2011-03-18,Concerted G7 yen-weakening intervention,FX intervention,official_fx_action,DEXMXUS,MXN vs USD,1d,2011-03-17,2011-03-18,12.0997,12.0584,0.3413,%,local-currency return vs USD,descriptive_event_window_not_causal,FRED-DEXMXUS
H12,2011-03-18,Concerted G7 yen-weakening intervention,FX intervention,official_fx_action,DEXMXUS,MXN vs USD,5d,2011-03-17,2011-03-24,12.0997,11.9532,1.2108,%,local-currency return vs USD,descriptive_event_window_not_causal,FRED-DEXMXUS
H12,2011-03-18,Concerted G7 yen-weakening intervention,FX intervention,official_fx_action,DEXMXUS,MXN vs USD,20d,2011-03-17,2011-04-14,12.0997,11.76,2.8075,%,local-currency return vs USD,descriptive_event_window_not_causal,FRED-DEXMXUS
H12,2011-03-18,Concerted G7 yen-weakening intervention,FX intervention,official_fx_action,DEXUSAL,AUD vs USD,1d,2011-03-17,2011-03-18,0.9823,0.9953,1.3234,%,local-currency return vs USD,descriptive_event_window_not_causal,FRED-DEXUSAL
H12,2011-03-18,Concerted G7 yen-weakening intervention,FX intervention,official_fx_action,DEXUSAL,AUD vs USD,5d,2011-03-17,2011-03-24,0.9823,1.0219,4.0314,%,local-currency return vs USD,descriptive_event_window_not_causal,FRED-DEXUSAL
H12,2011-03-18,Concerted G7 yen-weakening intervention,FX intervention,official_fx_action,DEXUSAL,AUD vs USD,20d,2011-03-17,2011-04-14,0.9823,1.0523,7.1261,%,local-currency return vs USD,descriptive_event_window_not_causal,FRED-DEXUSAL
H12,2011-03-18,Concerted G7 yen-weakening intervention,FX intervention,official_fx_action,DEXUSNZ,NZD vs USD,1d,2011-03-17,2011-03-18,0.7208,0.7297,1.2347,%,local-currency return vs USD,descriptive_event_window_not_causal,FRED-DEXUSNZ
H12,2011-03-18,Concerted G7 yen-weakening intervention,FX intervention,official_fx_action,DEXUSNZ,NZD vs USD,5d,2011-03-17,2011-03-24,0.7208,0.7515,4.2592,%,local-currency return vs USD,descriptive_event_window_not_causal,FRED-DEXUSNZ
H12,2011-03-18,Concerted G7 yen-weakening intervention,FX intervention,official_fx_action,DEXUSNZ,NZD vs USD,20d,2011-03-17,2011-04-14,0.7208,0.792,9.8779,%,local-currency return vs USD,descriptive_event_window_not_causal,FRED-DEXUSNZ
H12,2011-03-18,Concerted G7 yen-weakening intervention,FX intervention,official_fx_action,DEXBZUS,BRL vs USD,1d,2011-03-17,2011-03-18,1.6723,1.6727,-0.0239,%,local-currency return vs USD,descriptive_event_window_not_causal,FRED-DEXBZUS
H12,2011-03-18,Concerted G7 yen-weakening intervention,FX intervention,official_fx_action,DEXBZUS,BRL vs USD,5d,2011-03-17,2011-03-24,1.6723,1.6565,0.9448,%,local-currency return vs USD,descriptive_event_window_not_causal,FRED-DEXBZUS
H12,2011-03-18,Concerted G7 yen-weakening intervention,FX intervention,official_fx_action,DEXBZUS,BRL vs USD,20d,2011-03-17,2011-04-14,1.6723,1.5825,5.3698,%,local-currency return vs USD,descriptive_event_window_not_causal,FRED-DEXBZUS
H12,2011-03-18,Concerted G7 yen-weakening intervention,FX intervention,official_fx_action,NASDAQCOM,Nasdaq Composite,1d,2011-03-17,2011-03-18,2636.05,2643.67,0.2891,%,return_pct,descriptive_event_window_not_causal,FRED-NASDAQCOM
H12,2011-03-18,Concerted G7 yen-weakening intervention,FX intervention,official_fx_action,NASDAQCOM,Nasdaq Composite,5d,2011-03-17,2011-03-24,2636.05,2736.42,3.8076,%,return_pct,descriptive_event_window_not_causal,FRED-NASDAQCOM
H12,2011-03-18,Concerted G7 yen-weakening intervention,FX intervention,official_fx_action,NASDAQCOM,Nasdaq Composite,20d,2011-03-17,2011-04-14,2636.05,2760.22,4.7105,%,return_pct,descriptive_event_window_not_causal,FRED-NASDAQCOM
H12,2011-03-18,Concerted G7 yen-weakening intervention,FX intervention,official_fx_action,NIKKEI225,Nikkei 225,1d,2011-03-17,2011-03-18,8962.67,9206.75,2.7233,%,return_pct,descriptive_event_window_not_causal,FRED-NIKKEI225
H12,2011-03-18,Concerted G7 yen-weakening intervention,FX intervention,official_fx_action,NIKKEI225,Nikkei 225,5d,2011-03-17,2011-03-25,8962.67,9536.13,6.3983,%,return_pct,descriptive_event_window_not_causal,FRED-NIKKEI225
H12,2011-03-18,Concerted G7 yen-weakening intervention,FX intervention,official_fx_action,NIKKEI225,Nikkei 225,20d,2011-03-17,2011-04-15,8962.67,9591.52,7.0163,%,return_pct,descriptive_event_window_not_causal,FRED-NIKKEI225
H12,2011-03-18,Concerted G7 yen-weakening intervention,FX intervention,official_fx_action,VIXCLS,VIX,1d,2011-03-17,2011-03-18,26.37,24.44,-1.93,index points,change,descriptive_event_window_not_causal,FRED-VIXCLS
H12,2011-03-18,Concerted G7 yen-weakening intervention,FX intervention,official_fx_action,VIXCLS,VIX,5d,2011-03-17,2011-03-24,26.37,18,-8.37,index points,change,descriptive_event_window_not_causal,FRED-VIXCLS
H12,2011-03-18,Concerted G7 yen-weakening intervention,FX intervention,official_fx_action,VIXCLS,VIX,20d,2011-03-17,2011-04-14,26.37,16.27,-10.1,index points,change,descriptive_event_window_not_causal,FRED-VIXCLS
H12,2011-03-18,Concerted G7 yen-weakening intervention,FX intervention,official_fx_action,DGS10,US 10-year Treasury yield,1d,2011-03-17,2011-03-18,3.25,3.28,3,bp,change_bp,descriptive_event_window_not_causal,FRED-DGS10
H12,2011-03-18,Concerted G7 yen-weakening intervention,FX intervention,official_fx_action,DGS10,US 10-year Treasury yield,5d,2011-03-17,2011-03-24,3.25,3.42,17,bp,change_bp,descriptive_event_window_not_causal,FRED-DGS10
H12,2011-03-18,Concerted G7 yen-weakening intervention,FX intervention,official_fx_action,DGS10,US 10-year Treasury yield,20d,2011-03-17,2011-04-14,3.25,3.51,26,bp,change_bp,descriptive_event_window_not_causal,FRED-DGS10
H12,2011-03-18,Concerted G7 yen-weakening intervention,FX intervention,official_fx_action,DCOILWTICO,WTI crude oil,1d,2011-03-17,2011-03-18,101.47,101.06,-0.4041,%,return_pct,descriptive_event_window_not_causal,FRED-DCOILWTICO
H12,2011-03-18,Concerted G7 yen-weakening intervention,FX intervention,official_fx_action,DCOILWTICO,WTI crude oil,5d,2011-03-17,2011-03-24,101.47,105.04,3.5183,%,return_pct,descriptive_event_window_not_causal,FRED-DCOILWTICO
H12,2011-03-18,Concerted G7 yen-weakening intervention,FX intervention,official_fx_action,DCOILWTICO,WTI crude oil,20d,2011-03-17,2011-04-14,101.47,107.73,6.1693,%,return_pct,descriptive_event_window_not_causal,FRED-DCOILWTICO
H12,2011-03-18,Concerted G7 yen-weakening intervention,FX intervention,official_fx_action,DTWEXBGS,Broad US dollar index,1d,2011-03-17,2011-03-18,88.6549,88.5221,-0.1498,%,return_pct,descriptive_event_window_not_causal,FRED-DTWEXBGS
H12,2011-03-18,Concerted G7 yen-weakening intervention,FX intervention,official_fx_action,DTWEXBGS,Broad US dollar index,5d,2011-03-17,2011-03-24,88.6549,88.0592,-0.6719,%,return_pct,descriptive_event_window_not_causal,FRED-DTWEXBGS
H12,2011-03-18,Concerted G7 yen-weakening intervention,FX intervention,official_fx_action,DTWEXBGS,Broad US dollar index,20d,2011-03-17,2011-04-14,88.6549,87.0802,-1.7762,%,return_pct,descriptive_event_window_not_causal,FRED-DTWEXBGS
H13,2013-01-22,BOJ adopts 2% price-stability target,BOJ policy,monetary_regime_change,DEXJPUS,JPY vs USD,1d,2013-01-18,2013-01-22,89.9,88.62,1.4238,%,local-currency return vs USD,descriptive_event_window_not_causal,FRED-DEXJPUS
H13,2013-01-22,BOJ adopts 2% price-stability target,BOJ policy,monetary_regime_change,DEXJPUS,JPY vs USD,5d,2013-01-18,2013-01-28,89.9,90.73,-0.9232,%,local-currency return vs USD,descriptive_event_window_not_causal,FRED-DEXJPUS
H13,2013-01-22,BOJ adopts 2% price-stability target,BOJ policy,monetary_regime_change,DEXJPUS,JPY vs USD,20d,2013-01-18,2013-02-19,89.9,93.54,-4.0489,%,local-currency return vs USD,descriptive_event_window_not_causal,FRED-DEXJPUS
H13,2013-01-22,BOJ adopts 2% price-stability target,BOJ policy,monetary_regime_change,DEXMXUS,MXN vs USD,1d,2013-01-18,2013-01-22,12.6568,12.6746,-0.1406,%,local-currency return vs USD,descriptive_event_window_not_causal,FRED-DEXMXUS
H13,2013-01-22,BOJ adopts 2% price-stability target,BOJ policy,monetary_regime_change,DEXMXUS,MXN vs USD,5d,2013-01-18,2013-01-28,12.6568,12.7723,-0.9126,%,local-currency return vs USD,descriptive_event_window_not_causal,FRED-DEXMXUS
H13,2013-01-22,BOJ adopts 2% price-stability target,BOJ policy,monetary_regime_change,DEXMXUS,MXN vs USD,20d,2013-01-18,2013-02-19,12.6568,12.6681,-0.0893,%,local-currency return vs USD,descriptive_event_window_not_causal,FRED-DEXMXUS
H13,2013-01-22,BOJ adopts 2% price-stability target,BOJ policy,monetary_regime_change,DEXUSAL,AUD vs USD,1d,2013-01-18,2013-01-22,1.0495,1.0557,0.5908,%,local-currency return vs USD,descriptive_event_window_not_causal,FRED-DEXUSAL
H13,2013-01-22,BOJ adopts 2% price-stability target,BOJ policy,monetary_regime_change,DEXUSAL,AUD vs USD,5d,2013-01-18,2013-01-28,1.0495,1.0401,-0.8957,%,local-currency return vs USD,descriptive_event_window_not_causal,FRED-DEXUSAL
H13,2013-01-22,BOJ adopts 2% price-stability target,BOJ policy,monetary_regime_change,DEXUSAL,AUD vs USD,20d,2013-01-18,2013-02-19,1.0495,1.035,-1.3816,%,local-currency return vs USD,descriptive_event_window_not_causal,FRED-DEXUSAL
H13,2013-01-22,BOJ adopts 2% price-stability target,BOJ policy,monetary_regime_change,DEXUSNZ,NZD vs USD,1d,2013-01-18,2013-01-22,0.8351,0.8401,0.5987,%,local-currency return vs USD,descriptive_event_window_not_causal,FRED-DEXUSNZ
H13,2013-01-22,BOJ adopts 2% price-stability target,BOJ policy,monetary_regime_change,DEXUSNZ,NZD vs USD,5d,2013-01-18,2013-01-28,0.8351,0.8306,-0.5389,%,local-currency return vs USD,descriptive_event_window_not_causal,FRED-DEXUSNZ
H13,2013-01-22,BOJ adopts 2% price-stability target,BOJ policy,monetary_regime_change,DEXUSNZ,NZD vs USD,20d,2013-01-18,2013-02-19,0.8351,0.8483,1.5806,%,local-currency return vs USD,descriptive_event_window_not_causal,FRED-DEXUSNZ
H13,2013-01-22,BOJ adopts 2% price-stability target,BOJ policy,monetary_regime_change,DEXBZUS,BRL vs USD,1d,2013-01-18,2013-01-22,2.0441,2.0478,-0.181,%,local-currency return vs USD,descriptive_event_window_not_causal,FRED-DEXBZUS
H13,2013-01-22,BOJ adopts 2% price-stability target,BOJ policy,monetary_regime_change,DEXBZUS,BRL vs USD,5d,2013-01-18,2013-01-28,2.0441,2.0028,2.0204,%,local-currency return vs USD,descriptive_event_window_not_causal,FRED-DEXBZUS
H13,2013-01-22,BOJ adopts 2% price-stability target,BOJ policy,monetary_regime_change,DEXBZUS,BRL vs USD,20d,2013-01-18,2013-02-19,2.0441,1.9564,4.2904,%,local-currency return vs USD,descriptive_event_window_not_causal,FRED-DEXBZUS
H13,2013-01-22,BOJ adopts 2% price-stability target,BOJ policy,monetary_regime_change,NASDAQCOM,Nasdaq Composite,1d,2013-01-18,2013-01-22,3134.71,3143.18,0.2702,%,return_pct,descriptive_event_window_not_causal,FRED-NASDAQCOM
H13,2013-01-22,BOJ adopts 2% price-stability target,BOJ policy,monetary_regime_change,NASDAQCOM,Nasdaq Composite,5d,2013-01-18,2013-01-28,3134.71,3154.3,0.6249,%,return_pct,descriptive_event_window_not_causal,FRED-NASDAQCOM
H13,2013-01-22,BOJ adopts 2% price-stability target,BOJ policy,monetary_regime_change,NASDAQCOM,Nasdaq Composite,20d,2013-01-18,2013-02-19,3134.71,3213.59,2.5163,%,return_pct,descriptive_event_window_not_causal,FRED-NASDAQCOM
H13,2013-01-22,BOJ adopts 2% price-stability target,BOJ policy,monetary_regime_change,NIKKEI225,Nikkei 225,1d,2013-01-21,2013-01-22,10747.74,10709.93,-0.3518,%,return_pct,descriptive_event_window_not_causal,FRED-NIKKEI225
H13,2013-01-22,BOJ adopts 2% price-stability target,BOJ policy,monetary_regime_change,NIKKEI225,Nikkei 225,5d,2013-01-21,2013-01-28,10747.74,10824.31,0.7124,%,return_pct,descriptive_event_window_not_causal,FRED-NIKKEI225
H13,2013-01-22,BOJ adopts 2% price-stability target,BOJ policy,monetary_regime_change,NIKKEI225,Nikkei 225,20d,2013-01-21,2013-02-19,10747.74,11372.34,5.8115,%,return_pct,descriptive_event_window_not_causal,FRED-NIKKEI225
H13,2013-01-22,BOJ adopts 2% price-stability target,BOJ policy,monetary_regime_change,VIXCLS,VIX,1d,2013-01-18,2013-01-22,12.46,12.43,-0.03,index points,change,descriptive_event_window_not_causal,FRED-VIXCLS
H13,2013-01-22,BOJ adopts 2% price-stability target,BOJ policy,monetary_regime_change,VIXCLS,VIX,5d,2013-01-18,2013-01-28,12.46,13.57,1.11,index points,change,descriptive_event_window_not_causal,FRED-VIXCLS
H13,2013-01-22,BOJ adopts 2% price-stability target,BOJ policy,monetary_regime_change,VIXCLS,VIX,20d,2013-01-18,2013-02-19,12.46,12.31,-0.15,index points,change,descriptive_event_window_not_causal,FRED-VIXCLS
H13,2013-01-22,BOJ adopts 2% price-stability target,BOJ policy,monetary_regime_change,DGS10,US 10-year Treasury yield,1d,2013-01-18,2013-01-22,1.87,1.86,-1,bp,change_bp,descriptive_event_window_not_causal,FRED-DGS10
H13,2013-01-22,BOJ adopts 2% price-stability target,BOJ policy,monetary_regime_change,DGS10,US 10-year Treasury yield,5d,2013-01-18,2013-01-28,1.87,2,13,bp,change_bp,descriptive_event_window_not_causal,FRED-DGS10
H13,2013-01-22,BOJ adopts 2% price-stability target,BOJ policy,monetary_regime_change,DGS10,US 10-year Treasury yield,20d,2013-01-18,2013-02-19,1.87,2.03,16,bp,change_bp,descriptive_event_window_not_causal,FRED-DGS10
H13,2013-01-22,BOJ adopts 2% price-stability target,BOJ policy,monetary_regime_change,DCOILWTICO,WTI crude oil,1d,2013-01-18,2013-01-22,95.61,96.09,0.502,%,return_pct,descriptive_event_window_not_causal,FRED-DCOILWTICO
H13,2013-01-22,BOJ adopts 2% price-stability target,BOJ policy,monetary_regime_change,DCOILWTICO,WTI crude oil,5d,2013-01-18,2013-01-28,95.61,95.95,0.3556,%,return_pct,descriptive_event_window_not_causal,FRED-DCOILWTICO
H13,2013-01-22,BOJ adopts 2% price-stability target,BOJ policy,monetary_regime_change,DCOILWTICO,WTI crude oil,20d,2013-01-18,2013-02-19,95.61,96.69,1.1296,%,return_pct,descriptive_event_window_not_causal,FRED-DCOILWTICO
H13,2013-01-22,BOJ adopts 2% price-stability target,BOJ policy,monetary_regime_change,DTWEXBGS,Broad US dollar index,1d,2013-01-18,2013-01-22,90.8697,90.7892,-0.0886,%,return_pct,descriptive_event_window_not_causal,FRED-DTWEXBGS
H13,2013-01-22,BOJ adopts 2% price-stability target,BOJ policy,monetary_regime_change,DTWEXBGS,Broad US dollar index,5d,2013-01-18,2013-01-28,90.8697,91.2354,0.4024,%,return_pct,descriptive_event_window_not_causal,FRED-DTWEXBGS
H13,2013-01-22,BOJ adopts 2% price-stability target,BOJ policy,monetary_regime_change,DTWEXBGS,Broad US dollar index,20d,2013-01-18,2013-02-19,90.8697,91.5073,0.7017,%,return_pct,descriptive_event_window_not_causal,FRED-DTWEXBGS
H14,2013-04-04,Quantitative and qualitative easing begins,BOJ policy,monetary_regime_change,DEXJPUS,JPY vs USD,1d,2013-04-03,2013-04-04,92.96,96.12,-3.3993,%,local-currency return vs USD,descriptive_event_window_not_causal,FRED-DEXJPUS
H14,2013-04-04,Quantitative and qualitative easing begins,BOJ policy,monetary_regime_change,DEXJPUS,JPY vs USD,5d,2013-04-03,2013-04-10,92.96,99.61,-7.1536,%,local-currency return vs USD,descriptive_event_window_not_causal,FRED-DEXJPUS
H14,2013-04-04,Quantitative and qualitative easing begins,BOJ policy,monetary_regime_change,DEXJPUS,JPY vs USD,20d,2013-04-03,2013-05-01,92.96,97.28,-4.6472,%,local-currency return vs USD,descriptive_event_window_not_causal,FRED-DEXJPUS
H14,2013-04-04,Quantitative and qualitative easing begins,BOJ policy,monetary_regime_change,DEXMXUS,MXN vs USD,1d,2013-04-03,2013-04-04,12.3205,12.3381,-0.1429,%,local-currency return vs USD,descriptive_event_window_not_causal,FRED-DEXMXUS
H14,2013-04-04,Quantitative and qualitative easing begins,BOJ policy,monetary_regime_change,DEXMXUS,MXN vs USD,5d,2013-04-03,2013-04-10,12.3205,12.1156,1.6631,%,local-currency return vs USD,descriptive_event_window_not_causal,FRED-DEXMXUS
H14,2013-04-04,Quantitative and qualitative easing begins,BOJ policy,monetary_regime_change,DEXMXUS,MXN vs USD,20d,2013-04-03,2013-05-01,12.3205,12.2246,0.7784,%,local-currency return vs USD,descriptive_event_window_not_causal,FRED-DEXMXUS
H14,2013-04-04,Quantitative and qualitative easing begins,BOJ policy,monetary_regime_change,DEXUSAL,AUD vs USD,1d,2013-04-03,2013-04-04,1.0481,1.0397,-0.8015,%,local-currency return vs USD,descriptive_event_window_not_causal,FRED-DEXUSAL
H14,2013-04-04,Quantitative and qualitative easing begins,BOJ policy,monetary_regime_change,DEXUSAL,AUD vs USD,5d,2013-04-03,2013-04-10,1.0481,1.0539,0.5534,%,local-currency return vs USD,descriptive_event_window_not_causal,FRED-DEXUSAL
H14,2013-04-04,Quantitative and qualitative easing begins,BOJ policy,monetary_regime_change,DEXUSAL,AUD vs USD,20d,2013-04-03,2013-05-01,1.0481,1.0285,-1.8701,%,local-currency return vs USD,descriptive_event_window_not_causal,FRED-DEXUSAL
H14,2013-04-04,Quantitative and qualitative easing begins,BOJ policy,monetary_regime_change,DEXUSNZ,NZD vs USD,1d,2013-04-03,2013-04-04,0.8442,0.8381,-0.7226,%,local-currency return vs USD,descriptive_event_window_not_causal,FRED-DEXUSNZ
H14,2013-04-04,Quantitative and qualitative easing begins,BOJ policy,monetary_regime_change,DEXUSNZ,NZD vs USD,5d,2013-04-03,2013-04-10,0.8442,0.8567,1.4807,%,local-currency return vs USD,descriptive_event_window_not_causal,FRED-DEXUSNZ
H14,2013-04-04,Quantitative and qualitative easing begins,BOJ policy,monetary_regime_change,DEXUSNZ,NZD vs USD,20d,2013-04-03,2013-05-01,0.8442,0.8494,0.616,%,local-currency return vs USD,descriptive_event_window_not_causal,FRED-DEXUSNZ
H14,2013-04-04,Quantitative and qualitative easing begins,BOJ policy,monetary_regime_change,DEXBZUS,BRL vs USD,1d,2013-04-03,2013-04-04,2.0235,2.018,0.2718,%,local-currency return vs USD,descriptive_event_window_not_causal,FRED-DEXBZUS
H14,2013-04-04,Quantitative and qualitative easing begins,BOJ policy,monetary_regime_change,DEXBZUS,BRL vs USD,5d,2013-04-03,2013-04-10,2.0235,1.9765,2.3227,%,local-currency return vs USD,descriptive_event_window_not_causal,FRED-DEXBZUS
H14,2013-04-04,Quantitative and qualitative easing begins,BOJ policy,monetary_regime_change,DEXBZUS,BRL vs USD,20d,2013-04-03,2013-05-01,2.0235,2.0065,0.8401,%,local-currency return vs USD,descriptive_event_window_not_causal,FRED-DEXBZUS
H14,2013-04-04,Quantitative and qualitative easing begins,BOJ policy,monetary_regime_change,NASDAQCOM,Nasdaq Composite,1d,2013-04-03,2013-04-04,3218.6,3224.98,0.1982,%,return_pct,descriptive_event_window_not_causal,FRED-NASDAQCOM
H14,2013-04-04,Quantitative and qualitative easing begins,BOJ policy,monetary_regime_change,NASDAQCOM,Nasdaq Composite,5d,2013-04-03,2013-04-10,3218.6,3297.25,2.4436,%,return_pct,descriptive_event_window_not_causal,FRED-NASDAQCOM
H14,2013-04-04,Quantitative and qualitative easing begins,BOJ policy,monetary_regime_change,NASDAQCOM,Nasdaq Composite,20d,2013-04-03,2013-05-01,3218.6,3299.13,2.502,%,return_pct,descriptive_event_window_not_causal,FRED-NASDAQCOM
H14,2013-04-04,Quantitative and qualitative easing begins,BOJ policy,monetary_regime_change,NIKKEI225,Nikkei 225,1d,2013-04-03,2013-04-04,12362.2,12634.54,2.203,%,return_pct,descriptive_event_window_not_causal,FRED-NIKKEI225
H14,2013-04-04,Quantitative and qualitative easing begins,BOJ policy,monetary_regime_change,NIKKEI225,Nikkei 225,5d,2013-04-03,2013-04-10,12362.2,13288.13,7.49,%,return_pct,descriptive_event_window_not_causal,FRED-NIKKEI225
H14,2013-04-04,Quantitative and qualitative easing begins,BOJ policy,monetary_regime_change,NIKKEI225,Nikkei 225,20d,2013-04-03,2013-05-02,12362.2,13694.04,10.7735,%,return_pct,descriptive_event_window_not_causal,FRED-NIKKEI225
H14,2013-04-04,Quantitative and qualitative easing begins,BOJ policy,monetary_regime_change,VIXCLS,VIX,1d,2013-04-03,2013-04-04,14.21,13.89,-0.32,index points,change,descriptive_event_window_not_causal,FRED-VIXCLS
H14,2013-04-04,Quantitative and qualitative easing begins,BOJ policy,monetary_regime_change,VIXCLS,VIX,5d,2013-04-03,2013-04-10,14.21,12.36,-1.85,index points,change,descriptive_event_window_not_causal,FRED-VIXCLS
H14,2013-04-04,Quantitative and qualitative easing begins,BOJ policy,monetary_regime_change,VIXCLS,VIX,20d,2013-04-03,2013-05-01,14.21,14.49,0.28,index points,change,descriptive_event_window_not_causal,FRED-VIXCLS
H14,2013-04-04,Quantitative and qualitative easing begins,BOJ policy,monetary_regime_change,DGS10,US 10-year Treasury yield,1d,2013-04-03,2013-04-04,1.83,1.78,-5,bp,change_bp,descriptive_event_window_not_causal,FRED-DGS10
H14,2013-04-04,Quantitative and qualitative easing begins,BOJ policy,monetary_regime_change,DGS10,US 10-year Treasury yield,5d,2013-04-03,2013-04-10,1.83,1.84,1,bp,change_bp,descriptive_event_window_not_causal,FRED-DGS10
H14,2013-04-04,Quantitative and qualitative easing begins,BOJ policy,monetary_regime_change,DGS10,US 10-year Treasury yield,20d,2013-04-03,2013-05-01,1.83,1.66,-17,bp,change_bp,descriptive_event_window_not_causal,FRED-DGS10
H14,2013-04-04,Quantitative and qualitative easing begins,BOJ policy,monetary_regime_change,DCOILWTICO,WTI crude oil,1d,2013-04-03,2013-04-04,95.02,93.26,-1.8522,%,return_pct,descriptive_event_window_not_causal,FRED-DCOILWTICO
H14,2013-04-04,Quantitative and qualitative easing begins,BOJ policy,monetary_regime_change,DCOILWTICO,WTI crude oil,5d,2013-04-03,2013-04-10,95.02,94.59,-0.4525,%,return_pct,descriptive_event_window_not_causal,FRED-DCOILWTICO
H14,2013-04-04,Quantitative and qualitative easing begins,BOJ policy,monetary_regime_change,DCOILWTICO,WTI crude oil,20d,2013-04-03,2013-05-01,95.02,90.74,-4.5043,%,return_pct,descriptive_event_window_not_causal,FRED-DCOILWTICO
H14,2013-04-04,Quantitative and qualitative easing begins,BOJ policy,monetary_regime_change,DTWEXBGS,Broad US dollar index,1d,2013-04-03,2013-04-04,92.104,92.3896,0.3101,%,return_pct,descriptive_event_window_not_causal,FRED-DTWEXBGS
H14,2013-04-04,Quantitative and qualitative easing begins,BOJ policy,monetary_regime_change,DTWEXBGS,Broad US dollar index,5d,2013-04-03,2013-04-10,92.104,91.9598,-0.1566,%,return_pct,descriptive_event_window_not_causal,FRED-DTWEXBGS
H14,2013-04-04,Quantitative and qualitative easing begins,BOJ policy,monetary_regime_change,DTWEXBGS,Broad US dollar index,20d,2013-04-03,2013-05-01,92.104,91.4331,-0.7284,%,return_pct,descriptive_event_window_not_causal,FRED-DTWEXBGS
H15,2016-01-29,Negative-rate framework announced,BOJ policy,monetary_regime_change,DEXJPUS,JPY vs USD,1d,2016-01-28,2016-01-29,118.61,121.05,-2.0572,%,local-currency return vs USD,descriptive_event_window_not_causal,FRED-DEXJPUS
H15,2016-01-29,Negative-rate framework announced,BOJ policy,monetary_regime_change,DEXJPUS,JPY vs USD,5d,2016-01-28,2016-02-04,118.61,116.75,1.5682,%,local-currency return vs USD,descriptive_event_window_not_causal,FRED-DEXJPUS
H15,2016-01-29,Negative-rate framework announced,BOJ policy,monetary_regime_change,DEXJPUS,JPY vs USD,20d,2016-01-28,2016-02-26,118.61,113.78,4.0722,%,local-currency return vs USD,descriptive_event_window_not_causal,FRED-DEXJPUS
H15,2016-01-29,Negative-rate framework announced,BOJ policy,monetary_regime_change,DEXMXUS,MXN vs USD,1d,2016-01-28,2016-01-29,18.312,18.211,0.5516,%,local-currency return vs USD,descriptive_event_window_not_causal,FRED-DEXMXUS
H15,2016-01-29,Negative-rate framework announced,BOJ policy,monetary_regime_change,DEXMXUS,MXN vs USD,5d,2016-01-28,2016-02-04,18.312,18.2255,0.4724,%,local-currency return vs USD,descriptive_event_window_not_causal,FRED-DEXMXUS
H15,2016-01-29,Negative-rate framework announced,BOJ policy,monetary_regime_change,DEXMXUS,MXN vs USD,20d,2016-01-28,2016-02-26,18.312,18.185,0.6935,%,local-currency return vs USD,descriptive_event_window_not_causal,FRED-DEXMXUS
H15,2016-01-29,Negative-rate framework announced,BOJ policy,monetary_regime_change,DEXUSAL,AUD vs USD,1d,2016-01-28,2016-01-29,0.7085,0.7071,-0.1976,%,local-currency return vs USD,descriptive_event_window_not_causal,FRED-DEXUSAL
H15,2016-01-29,Negative-rate framework announced,BOJ policy,monetary_regime_change,DEXUSAL,AUD vs USD,5d,2016-01-28,2016-02-04,0.7085,0.7216,1.849,%,local-currency return vs USD,descriptive_event_window_not_causal,FRED-DEXUSAL
H15,2016-01-29,Negative-rate framework announced,BOJ policy,monetary_regime_change,DEXUSAL,AUD vs USD,20d,2016-01-28,2016-02-26,0.7085,0.713,0.6351,%,local-currency return vs USD,descriptive_event_window_not_causal,FRED-DEXUSAL
H15,2016-01-29,Negative-rate framework announced,BOJ policy,monetary_regime_change,DEXUSNZ,NZD vs USD,1d,2016-01-28,2016-01-29,0.6477,0.6469,-0.1235,%,local-currency return vs USD,descriptive_event_window_not_causal,FRED-DEXUSNZ
H15,2016-01-29,Negative-rate framework announced,BOJ policy,monetary_regime_change,DEXUSNZ,NZD vs USD,5d,2016-01-28,2016-02-04,0.6477,0.6729,3.8907,%,local-currency return vs USD,descriptive_event_window_not_causal,FRED-DEXUSNZ
H15,2016-01-29,Negative-rate framework announced,BOJ policy,monetary_regime_change,DEXUSNZ,NZD vs USD,20d,2016-01-28,2016-02-26,0.6477,0.6648,2.6401,%,local-currency return vs USD,descriptive_event_window_not_causal,FRED-DEXUSNZ
H15,2016-01-29,Negative-rate framework announced,BOJ policy,monetary_regime_change,DEXBZUS,BRL vs USD,1d,2016-01-28,2016-01-29,4.0979,4.0364,1.5008,%,local-currency return vs USD,descriptive_event_window_not_causal,FRED-DEXBZUS
H15,2016-01-29,Negative-rate framework announced,BOJ policy,monetary_regime_change,DEXBZUS,BRL vs USD,5d,2016-01-28,2016-02-04,4.0979,3.8785,5.354,%,local-currency return vs USD,descriptive_event_window_not_causal,FRED-DEXBZUS
H15,2016-01-29,Negative-rate framework announced,BOJ policy,monetary_regime_change,DEXBZUS,BRL vs USD,20d,2016-01-28,2016-02-26,4.0979,4.012,2.0962,%,local-currency return vs USD,descriptive_event_window_not_causal,FRED-DEXBZUS
H15,2016-01-29,Negative-rate framework announced,BOJ policy,monetary_regime_change,NASDAQCOM,Nasdaq Composite,1d,2016-01-28,2016-01-29,4506.68,4613.95,2.3802,%,return_pct,descriptive_event_window_not_causal,FRED-NASDAQCOM
H15,2016-01-29,Negative-rate framework announced,BOJ policy,monetary_regime_change,NASDAQCOM,Nasdaq Composite,5d,2016-01-28,2016-02-04,4506.68,4509.56,0.0639,%,return_pct,descriptive_event_window_not_causal,FRED-NASDAQCOM
H15,2016-01-29,Negative-rate framework announced,BOJ policy,monetary_regime_change,NASDAQCOM,Nasdaq Composite,20d,2016-01-28,2016-02-26,4506.68,4590.47,1.8592,%,return_pct,descriptive_event_window_not_causal,FRED-NASDAQCOM
H15,2016-01-29,Negative-rate framework announced,BOJ policy,monetary_regime_change,NIKKEI225,Nikkei 225,1d,2016-01-28,2016-01-29,17041.45,17518.3,2.7982,%,return_pct,descriptive_event_window_not_causal,FRED-NIKKEI225
H15,2016-01-29,Negative-rate framework announced,BOJ policy,monetary_regime_change,NIKKEI225,Nikkei 225,5d,2016-01-28,2016-02-04,17041.45,17044.99,0.0208,%,return_pct,descriptive_event_window_not_causal,FRED-NIKKEI225
H15,2016-01-29,Negative-rate framework announced,BOJ policy,monetary_regime_change,NIKKEI225,Nikkei 225,20d,2016-01-28,2016-02-26,17041.45,16188.41,-5.0057,%,return_pct,descriptive_event_window_not_causal,FRED-NIKKEI225
H15,2016-01-29,Negative-rate framework announced,BOJ policy,monetary_regime_change,VIXCLS,VIX,1d,2016-01-28,2016-01-29,22.42,20.2,-2.22,index points,change,descriptive_event_window_not_causal,FRED-VIXCLS
H15,2016-01-29,Negative-rate framework announced,BOJ policy,monetary_regime_change,VIXCLS,VIX,5d,2016-01-28,2016-02-04,22.42,21.84,-0.58,index points,change,descriptive_event_window_not_causal,FRED-VIXCLS
H15,2016-01-29,Negative-rate framework announced,BOJ policy,monetary_regime_change,VIXCLS,VIX,20d,2016-01-28,2016-02-26,22.42,19.81,-2.61,index points,change,descriptive_event_window_not_causal,FRED-VIXCLS
H15,2016-01-29,Negative-rate framework announced,BOJ policy,monetary_regime_change,DGS10,US 10-year Treasury yield,1d,2016-01-28,2016-01-29,2,1.94,-6,bp,change_bp,descriptive_event_window_not_causal,FRED-DGS10
H15,2016-01-29,Negative-rate framework announced,BOJ policy,monetary_regime_change,DGS10,US 10-year Treasury yield,5d,2016-01-28,2016-02-04,2,1.87,-13,bp,change_bp,descriptive_event_window_not_causal,FRED-DGS10
H15,2016-01-29,Negative-rate framework announced,BOJ policy,monetary_regime_change,DGS10,US 10-year Treasury yield,20d,2016-01-28,2016-02-26,2,1.76,-24,bp,change_bp,descriptive_event_window_not_causal,FRED-DGS10
H15,2016-01-29,Negative-rate framework announced,BOJ policy,monetary_regime_change,DCOILWTICO,WTI crude oil,1d,2016-01-28,2016-01-29,33.21,33.66,1.355,%,return_pct,descriptive_event_window_not_causal,FRED-DCOILWTICO
H15,2016-01-29,Negative-rate framework announced,BOJ policy,monetary_regime_change,DCOILWTICO,WTI crude oil,5d,2016-01-28,2016-02-04,33.21,31.63,-4.7576,%,return_pct,descriptive_event_window_not_causal,FRED-DCOILWTICO
H15,2016-01-29,Negative-rate framework announced,BOJ policy,monetary_regime_change,DCOILWTICO,WTI crude oil,20d,2016-01-28,2016-02-26,33.21,31.65,-4.6974,%,return_pct,descriptive_event_window_not_causal,FRED-DCOILWTICO
H15,2016-01-29,Negative-rate framework announced,BOJ policy,monetary_regime_change,CBBTCUSD,Bitcoin,1d,2016-01-28,2016-01-29,379.61,378.68,-0.245,%,return_pct,descriptive_event_window_not_causal,FRED-CBBTCUSD
H15,2016-01-29,Negative-rate framework announced,BOJ policy,monetary_regime_change,CBBTCUSD,Bitcoin,5d,2016-01-28,2016-02-02,379.61,372.93,-1.7597,%,return_pct,descriptive_event_window_not_causal,FRED-CBBTCUSD
H15,2016-01-29,Negative-rate framework announced,BOJ policy,monetary_regime_change,CBBTCUSD,Bitcoin,20d,2016-01-28,2016-02-17,379.61,415.2,9.3754,%,return_pct,descriptive_event_window_not_causal,FRED-CBBTCUSD
H15,2016-01-29,Negative-rate framework announced,BOJ policy,monetary_regime_change,DTWEXBGS,Broad US dollar index,1d,2016-01-28,2016-01-29,115.2224,115.5731,0.3044,%,return_pct,descriptive_event_window_not_causal,FRED-DTWEXBGS
H15,2016-01-29,Negative-rate framework announced,BOJ policy,monetary_regime_change,DTWEXBGS,Broad US dollar index,5d,2016-01-28,2016-02-04,115.2224,113.6012,-1.407,%,return_pct,descriptive_event_window_not_causal,FRED-DTWEXBGS
H15,2016-01-29,Negative-rate framework announced,BOJ policy,monetary_regime_change,DTWEXBGS,Broad US dollar index,20d,2016-01-28,2016-02-26,115.2224,114.3708,-0.7391,%,return_pct,descriptive_event_window_not_causal,FRED-DTWEXBGS
H16,2016-09-21,Yield-curve control introduced,BOJ policy,monetary_regime_change,DEXJPUS,JPY vs USD,1d,2016-09-20,2016-09-21,101.66,100.62,1.023,%,local-currency return vs USD,descriptive_event_window_not_causal,FRED-DEXJPUS
H16,2016-09-21,Yield-curve control introduced,BOJ policy,monetary_regime_change,DEXJPUS,JPY vs USD,5d,2016-09-20,2016-09-27,101.66,100.36,1.2788,%,local-currency return vs USD,descriptive_event_window_not_causal,FRED-DEXJPUS
H16,2016-09-21,Yield-curve control introduced,BOJ policy,monetary_regime_change,DEXJPUS,JPY vs USD,20d,2016-09-20,2016-10-19,101.66,103.3,-1.6132,%,local-currency return vs USD,descriptive_event_window_not_causal,FRED-DEXJPUS
H16,2016-09-21,Yield-curve control introduced,BOJ policy,monetary_regime_change,DEXMXUS,MXN vs USD,1d,2016-09-20,2016-09-21,19.8485,19.8425,0.0302,%,local-currency return vs USD,descriptive_event_window_not_causal,FRED-DEXMXUS
H16,2016-09-21,Yield-curve control introduced,BOJ policy,monetary_regime_change,DEXMXUS,MXN vs USD,5d,2016-09-20,2016-09-27,19.8485,19.465,1.9321,%,local-currency return vs USD,descriptive_event_window_not_causal,FRED-DEXMXUS
H16,2016-09-21,Yield-curve control introduced,BOJ policy,monetary_regime_change,DEXMXUS,MXN vs USD,20d,2016-09-20,2016-10-19,19.8485,18.5605,6.4892,%,local-currency return vs USD,descriptive_event_window_not_causal,FRED-DEXMXUS
H16,2016-09-21,Yield-curve control introduced,BOJ policy,monetary_regime_change,DEXUSAL,AUD vs USD,1d,2016-09-20,2016-09-21,0.7552,0.7589,0.4899,%,local-currency return vs USD,descriptive_event_window_not_causal,FRED-DEXUSAL
H16,2016-09-21,Yield-curve control introduced,BOJ policy,monetary_regime_change,DEXUSAL,AUD vs USD,5d,2016-09-20,2016-09-27,0.7552,0.7658,1.4036,%,local-currency return vs USD,descriptive_event_window_not_causal,FRED-DEXUSAL
H16,2016-09-21,Yield-curve control introduced,BOJ policy,monetary_regime_change,DEXUSAL,AUD vs USD,20d,2016-09-20,2016-10-19,0.7552,0.7715,2.1584,%,local-currency return vs USD,descriptive_event_window_not_causal,FRED-DEXUSAL
H16,2016-09-21,Yield-curve control introduced,BOJ policy,monetary_regime_change,DEXUSNZ,NZD vs USD,1d,2016-09-20,2016-09-21,0.7323,0.7328,0.0683,%,local-currency return vs USD,descriptive_event_window_not_causal,FRED-DEXUSNZ
H16,2016-09-21,Yield-curve control introduced,BOJ policy,monetary_regime_change,DEXUSNZ,NZD vs USD,5d,2016-09-20,2016-09-27,0.7323,0.7294,-0.396,%,local-currency return vs USD,descriptive_event_window_not_causal,FRED-DEXUSNZ
H16,2016-09-21,Yield-curve control introduced,BOJ policy,monetary_regime_change,DEXUSNZ,NZD vs USD,20d,2016-09-20,2016-10-19,0.7323,0.7223,-1.3656,%,local-currency return vs USD,descriptive_event_window_not_causal,FRED-DEXUSNZ
H16,2016-09-21,Yield-curve control introduced,BOJ policy,monetary_regime_change,DEXBZUS,BRL vs USD,1d,2016-09-20,2016-09-21,3.2633,3.2393,0.7355,%,local-currency return vs USD,descriptive_event_window_not_causal,FRED-DEXBZUS
H16,2016-09-21,Yield-curve control introduced,BOJ policy,monetary_regime_change,DEXBZUS,BRL vs USD,5d,2016-09-20,2016-09-27,3.2633,3.2364,0.8243,%,local-currency return vs USD,descriptive_event_window_not_causal,FRED-DEXBZUS
H16,2016-09-21,Yield-curve control introduced,BOJ policy,monetary_regime_change,DEXBZUS,BRL vs USD,20d,2016-09-20,2016-10-19,3.2633,3.1677,2.9295,%,local-currency return vs USD,descriptive_event_window_not_causal,FRED-DEXBZUS
H16,2016-09-21,Yield-curve control introduced,BOJ policy,monetary_regime_change,SP500,S&P 500,1d,2016-09-20,2016-09-21,2139.76,2163.12,1.0917,%,return_pct,descriptive_event_window_not_causal,FRED-SP500
H16,2016-09-21,Yield-curve control introduced,BOJ policy,monetary_regime_change,SP500,S&P 500,5d,2016-09-20,2016-09-27,2139.76,2159.93,0.9426,%,return_pct,descriptive_event_window_not_causal,FRED-SP500
H16,2016-09-21,Yield-curve control introduced,BOJ policy,monetary_regime_change,SP500,S&P 500,20d,2016-09-20,2016-10-18,2139.76,2139.6,-0.0075,%,return_pct,descriptive_event_window_not_causal,FRED-SP500
H16,2016-09-21,Yield-curve control introduced,BOJ policy,monetary_regime_change,NASDAQCOM,Nasdaq Composite,1d,2016-09-20,2016-09-21,5241.35,5295.18,1.027,%,return_pct,descriptive_event_window_not_causal,FRED-NASDAQCOM
H16,2016-09-21,Yield-curve control introduced,BOJ policy,monetary_regime_change,NASDAQCOM,Nasdaq Composite,5d,2016-09-20,2016-09-27,5241.35,5305.71,1.2279,%,return_pct,descriptive_event_window_not_causal,FRED-NASDAQCOM
H16,2016-09-21,Yield-curve control introduced,BOJ policy,monetary_regime_change,NASDAQCOM,Nasdaq Composite,20d,2016-09-20,2016-10-18,5241.35,5243.84,0.0475,%,return_pct,descriptive_event_window_not_causal,FRED-NASDAQCOM
H16,2016-09-21,Yield-curve control introduced,BOJ policy,monetary_regime_change,NIKKEI225,Nikkei 225,1d,2016-09-20,2016-09-21,16492.15,16807.62,1.9128,%,return_pct,descriptive_event_window_not_causal,FRED-NIKKEI225
H16,2016-09-21,Yield-curve control introduced,BOJ policy,monetary_regime_change,NIKKEI225,Nikkei 225,5d,2016-09-20,2016-09-28,16492.15,16465.4,-0.1622,%,return_pct,descriptive_event_window_not_causal,FRED-NIKKEI225
H16,2016-09-21,Yield-curve control introduced,BOJ policy,monetary_regime_change,NIKKEI225,Nikkei 225,20d,2016-09-20,2016-10-20,16492.15,17235.5,4.5073,%,return_pct,descriptive_event_window_not_causal,FRED-NIKKEI225
H16,2016-09-21,Yield-curve control introduced,BOJ policy,monetary_regime_change,VIXCLS,VIX,1d,2016-09-20,2016-09-21,15.92,13.3,-2.62,index points,change,descriptive_event_window_not_causal,FRED-VIXCLS
H16,2016-09-21,Yield-curve control introduced,BOJ policy,monetary_regime_change,VIXCLS,VIX,5d,2016-09-20,2016-09-27,15.92,13.1,-2.82,index points,change,descriptive_event_window_not_causal,FRED-VIXCLS
H16,2016-09-21,Yield-curve control introduced,BOJ policy,monetary_regime_change,VIXCLS,VIX,20d,2016-09-20,2016-10-18,15.92,15.28,-0.64,index points,change,descriptive_event_window_not_causal,FRED-VIXCLS
H16,2016-09-21,Yield-curve control introduced,BOJ policy,monetary_regime_change,DGS10,US 10-year Treasury yield,1d,2016-09-20,2016-09-21,1.69,1.66,-3,bp,change_bp,descriptive_event_window_not_causal,FRED-DGS10
H16,2016-09-21,Yield-curve control introduced,BOJ policy,monetary_regime_change,DGS10,US 10-year Treasury yield,5d,2016-09-20,2016-09-27,1.69,1.56,-13,bp,change_bp,descriptive_event_window_not_causal,FRED-DGS10
H16,2016-09-21,Yield-curve control introduced,BOJ policy,monetary_regime_change,DGS10,US 10-year Treasury yield,20d,2016-09-20,2016-10-19,1.69,1.76,7,bp,change_bp,descriptive_event_window_not_causal,FRED-DGS10
H16,2016-09-21,Yield-curve control introduced,BOJ policy,monetary_regime_change,DCOILWTICO,WTI crude oil,1d,2016-09-20,2016-09-21,43.85,45.33,3.3751,%,return_pct,descriptive_event_window_not_causal,FRED-DCOILWTICO
H16,2016-09-21,Yield-curve control introduced,BOJ policy,monetary_regime_change,DCOILWTICO,WTI crude oil,5d,2016-09-20,2016-09-27,43.85,44.65,1.8244,%,return_pct,descriptive_event_window_not_causal,FRED-DCOILWTICO
H16,2016-09-21,Yield-curve control introduced,BOJ policy,monetary_regime_change,DCOILWTICO,WTI crude oil,20d,2016-09-20,2016-10-18,43.85,50.3,14.7092,%,return_pct,descriptive_event_window_not_causal,FRED-DCOILWTICO
H16,2016-09-21,Yield-curve control introduced,BOJ policy,monetary_regime_change,CBBTCUSD,Bitcoin,1d,2016-09-20,2016-09-21,605.6,597,-1.4201,%,return_pct,descriptive_event_window_not_causal,FRED-CBBTCUSD
H16,2016-09-21,Yield-curve control introduced,BOJ policy,monetary_regime_change,CBBTCUSD,Bitcoin,5d,2016-09-20,2016-09-25,605.6,601.67,-0.6489,%,return_pct,descriptive_event_window_not_causal,FRED-CBBTCUSD
H16,2016-09-21,Yield-curve control introduced,BOJ policy,monetary_regime_change,CBBTCUSD,Bitcoin,20d,2016-09-20,2016-10-10,605.6,618.72,2.1664,%,return_pct,descriptive_event_window_not_causal,FRED-CBBTCUSD
H16,2016-09-21,Yield-curve control introduced,BOJ policy,monetary_regime_change,DTWEXBGS,Broad US dollar index,1d,2016-09-20,2016-09-21,113.1848,112.9842,-0.1772,%,return_pct,descriptive_event_window_not_causal,FRED-DTWEXBGS
H16,2016-09-21,Yield-curve control introduced,BOJ policy,monetary_regime_change,DTWEXBGS,Broad US dollar index,5d,2016-09-20,2016-09-27,113.1848,112.5515,-0.5595,%,return_pct,descriptive_event_window_not_causal,FRED-DTWEXBGS
H16,2016-09-21,Yield-curve control introduced,BOJ policy,monetary_regime_change,DTWEXBGS,Broad US dollar index,20d,2016-09-20,2016-10-19,113.1848,113.0547,-0.1149,%,return_pct,descriptive_event_window_not_causal,FRED-DTWEXBGS
M01,2022-09-22,Japan buys yen to support the currency,FX intervention,official_fx_action,DEXJPUS,JPY vs USD,1d,2022-09-21,2022-09-22,144.14,142.16,1.3737,%,local-currency return vs USD,descriptive_event_window_not_causal,FRED-DEXJPUS
M01,2022-09-22,Japan buys yen to support the currency,FX intervention,official_fx_action,DEXJPUS,JPY vs USD,5d,2022-09-21,2022-09-28,144.14,144.15,-0.0069,%,local-currency return vs USD,descriptive_event_window_not_causal,FRED-DEXJPUS
M01,2022-09-22,Japan buys yen to support the currency,FX intervention,official_fx_action,DEXJPUS,JPY vs USD,20d,2022-09-21,2022-10-20,144.14,149.82,-3.9406,%,local-currency return vs USD,descriptive_event_window_not_causal,FRED-DEXJPUS
M01,2022-09-22,Japan buys yen to support the currency,FX intervention,official_fx_action,DEXMXUS,MXN vs USD,1d,2022-09-21,2022-09-22,19.995,19.964,0.155,%,local-currency return vs USD,descriptive_event_window_not_causal,FRED-DEXMXUS
M01,2022-09-22,Japan buys yen to support the currency,FX intervention,official_fx_action,DEXMXUS,MXN vs USD,5d,2022-09-21,2022-09-28,19.995,20.305,-1.5504,%,local-currency return vs USD,descriptive_event_window_not_causal,FRED-DEXMXUS
M01,2022-09-22,Japan buys yen to support the currency,FX intervention,official_fx_action,DEXMXUS,MXN vs USD,20d,2022-09-21,2022-10-20,19.995,20.031,-0.18,%,local-currency return vs USD,descriptive_event_window_not_causal,FRED-DEXMXUS
M01,2022-09-22,Japan buys yen to support the currency,FX intervention,official_fx_action,DEXUSAL,AUD vs USD,1d,2022-09-21,2022-09-22,0.6661,0.6636,-0.3753,%,local-currency return vs USD,descriptive_event_window_not_causal,FRED-DEXUSAL
M01,2022-09-22,Japan buys yen to support the currency,FX intervention,official_fx_action,DEXUSAL,AUD vs USD,5d,2022-09-21,2022-09-28,0.6661,0.6512,-2.2369,%,local-currency return vs USD,descriptive_event_window_not_causal,FRED-DEXUSAL
M01,2022-09-22,Japan buys yen to support the currency,FX intervention,official_fx_action,DEXUSAL,AUD vs USD,20d,2022-09-21,2022-10-20,0.6661,0.6336,-4.8791,%,local-currency return vs USD,descriptive_event_window_not_causal,FRED-DEXUSAL
M01,2022-09-22,Japan buys yen to support the currency,FX intervention,official_fx_action,DEXUSNZ,NZD vs USD,1d,2022-09-21,2022-09-22,0.5884,0.5844,-0.6798,%,local-currency return vs USD,descriptive_event_window_not_causal,FRED-DEXUSNZ
M01,2022-09-22,Japan buys yen to support the currency,FX intervention,official_fx_action,DEXUSNZ,NZD vs USD,5d,2022-09-21,2022-09-28,0.5884,0.5703,-3.0761,%,local-currency return vs USD,descriptive_event_window_not_causal,FRED-DEXUSNZ
M01,2022-09-22,Japan buys yen to support the currency,FX intervention,official_fx_action,DEXUSNZ,NZD vs USD,20d,2022-09-21,2022-10-20,0.5884,0.5722,-2.7532,%,local-currency return vs USD,descriptive_event_window_not_causal,FRED-DEXUSNZ
M01,2022-09-22,Japan buys yen to support the currency,FX intervention,official_fx_action,DEXBZUS,BRL vs USD,1d,2022-09-21,2022-09-22,5.1806,5.1742,0.1235,%,local-currency return vs USD,descriptive_event_window_not_causal,FRED-DEXBZUS
M01,2022-09-22,Japan buys yen to support the currency,FX intervention,official_fx_action,DEXBZUS,BRL vs USD,5d,2022-09-21,2022-09-28,5.1806,5.3636,-3.5324,%,local-currency return vs USD,descriptive_event_window_not_causal,FRED-DEXBZUS
M01,2022-09-22,Japan buys yen to support the currency,FX intervention,official_fx_action,DEXBZUS,BRL vs USD,20d,2022-09-21,2022-10-20,5.1806,5.2053,-0.4768,%,local-currency return vs USD,descriptive_event_window_not_causal,FRED-DEXBZUS
M01,2022-09-22,Japan buys yen to support the currency,FX intervention,official_fx_action,SP500,S&P 500,1d,2022-09-21,2022-09-22,3789.93,3757.99,-0.8428,%,return_pct,descriptive_event_window_not_causal,FRED-SP500
M01,2022-09-22,Japan buys yen to support the currency,FX intervention,official_fx_action,SP500,S&P 500,5d,2022-09-21,2022-09-28,3789.93,3719.04,-1.8705,%,return_pct,descriptive_event_window_not_causal,FRED-SP500
M01,2022-09-22,Japan buys yen to support the currency,FX intervention,official_fx_action,SP500,S&P 500,20d,2022-09-21,2022-10-19,3789.93,3695.16,-2.5006,%,return_pct,descriptive_event_window_not_causal,FRED-SP500
M01,2022-09-22,Japan buys yen to support the currency,FX intervention,official_fx_action,NASDAQCOM,Nasdaq Composite,1d,2022-09-21,2022-09-22,11220.19,11066.81,-1.367,%,return_pct,descriptive_event_window_not_causal,FRED-NASDAQCOM
M01,2022-09-22,Japan buys yen to support the currency,FX intervention,official_fx_action,NASDAQCOM,Nasdaq Composite,5d,2022-09-21,2022-09-28,11220.19,11051.64,-1.5022,%,return_pct,descriptive_event_window_not_causal,FRED-NASDAQCOM
M01,2022-09-22,Japan buys yen to support the currency,FX intervention,official_fx_action,NASDAQCOM,Nasdaq Composite,20d,2022-09-21,2022-10-19,11220.19,10680.51,-4.8099,%,return_pct,descriptive_event_window_not_causal,FRED-NASDAQCOM
M01,2022-09-22,Japan buys yen to support the currency,FX intervention,official_fx_action,NIKKEI225,Nikkei 225,1d,2022-09-21,2022-09-22,27313.13,27153.83,-0.5832,%,return_pct,descriptive_event_window_not_causal,FRED-NIKKEI225
M01,2022-09-22,Japan buys yen to support the currency,FX intervention,official_fx_action,NIKKEI225,Nikkei 225,5d,2022-09-21,2022-09-29,27313.13,26422.05,-3.2625,%,return_pct,descriptive_event_window_not_causal,FRED-NIKKEI225
M01,2022-09-22,Japan buys yen to support the currency,FX intervention,official_fx_action,NIKKEI225,Nikkei 225,20d,2022-09-21,2022-10-21,27313.13,26890.58,-1.5471,%,return_pct,descriptive_event_window_not_causal,FRED-NIKKEI225
M01,2022-09-22,Japan buys yen to support the currency,FX intervention,official_fx_action,VIXCLS,VIX,1d,2022-09-21,2022-09-22,27.99,27.35,-0.64,index points,change,descriptive_event_window_not_causal,FRED-VIXCLS
M01,2022-09-22,Japan buys yen to support the currency,FX intervention,official_fx_action,VIXCLS,VIX,5d,2022-09-21,2022-09-28,27.99,30.18,2.19,index points,change,descriptive_event_window_not_causal,FRED-VIXCLS
M01,2022-09-22,Japan buys yen to support the currency,FX intervention,official_fx_action,VIXCLS,VIX,20d,2022-09-21,2022-10-19,27.99,30.76,2.77,index points,change,descriptive_event_window_not_causal,FRED-VIXCLS
M01,2022-09-22,Japan buys yen to support the currency,FX intervention,official_fx_action,DGS10,US 10-year Treasury yield,1d,2022-09-21,2022-09-22,3.51,3.7,19,bp,change_bp,descriptive_event_window_not_causal,FRED-DGS10
M01,2022-09-22,Japan buys yen to support the currency,FX intervention,official_fx_action,DGS10,US 10-year Treasury yield,5d,2022-09-21,2022-09-28,3.51,3.72,21,bp,change_bp,descriptive_event_window_not_causal,FRED-DGS10
M01,2022-09-22,Japan buys yen to support the currency,FX intervention,official_fx_action,DGS10,US 10-year Treasury yield,20d,2022-09-21,2022-10-20,3.51,4.24,73,bp,change_bp,descriptive_event_window_not_causal,FRED-DGS10
M01,2022-09-22,Japan buys yen to support the currency,FX intervention,official_fx_action,DCOILWTICO,WTI crude oil,1d,2022-09-21,2022-09-22,83.38,84.02,0.7676,%,return_pct,descriptive_event_window_not_causal,FRED-DCOILWTICO
M01,2022-09-22,Japan buys yen to support the currency,FX intervention,official_fx_action,DCOILWTICO,WTI crude oil,5d,2022-09-21,2022-09-28,83.38,82.61,-0.9235,%,return_pct,descriptive_event_window_not_causal,FRED-DCOILWTICO
M01,2022-09-22,Japan buys yen to support the currency,FX intervention,official_fx_action,DCOILWTICO,WTI crude oil,20d,2022-09-21,2022-10-19,83.38,86,3.1422,%,return_pct,descriptive_event_window_not_causal,FRED-DCOILWTICO
M01,2022-09-22,Japan buys yen to support the currency,FX intervention,official_fx_action,CBBTCUSD,Bitcoin,1d,2022-09-21,2022-09-22,18488.54,19402.35,4.9426,%,return_pct,descriptive_event_window_not_causal,FRED-CBBTCUSD
M01,2022-09-22,Japan buys yen to support the currency,FX intervention,official_fx_action,CBBTCUSD,Bitcoin,5d,2022-09-21,2022-09-26,18488.54,19224.81,3.9823,%,return_pct,descriptive_event_window_not_causal,FRED-CBBTCUSD
M01,2022-09-22,Japan buys yen to support the currency,FX intervention,official_fx_action,CBBTCUSD,Bitcoin,20d,2022-09-21,2022-10-11,18488.54,19069.69,3.1433,%,return_pct,descriptive_event_window_not_causal,FRED-CBBTCUSD
M01,2022-09-22,Japan buys yen to support the currency,FX intervention,official_fx_action,DTWEXBGS,Broad US dollar index,1d,2022-09-21,2022-09-22,125.7399,126.1667,0.3394,%,return_pct,descriptive_event_window_not_causal,FRED-DTWEXBGS
M01,2022-09-22,Japan buys yen to support the currency,FX intervention,official_fx_action,DTWEXBGS,Broad US dollar index,5d,2022-09-21,2022-09-28,125.7399,128.0884,1.8677,%,return_pct,descriptive_event_window_not_causal,FRED-DTWEXBGS
M01,2022-09-22,Japan buys yen to support the currency,FX intervention,official_fx_action,DTWEXBGS,Broad US dollar index,20d,2022-09-21,2022-10-20,125.7399,128.0052,1.8016,%,return_pct,descriptive_event_window_not_causal,FRED-DTWEXBGS
M02,2022-10-21,Further yen-support intervention,FX intervention,official_fx_action,DEXJPUS,JPY vs USD,1d,2022-10-20,2022-10-21,149.82,146.35,2.3161,%,local-currency return vs USD,descriptive_event_window_not_causal,FRED-DEXJPUS
M02,2022-10-21,Further yen-support intervention,FX intervention,official_fx_action,DEXJPUS,JPY vs USD,5d,2022-10-20,2022-10-27,149.82,146.02,2.5364,%,local-currency return vs USD,descriptive_event_window_not_causal,FRED-DEXJPUS
M02,2022-10-21,Further yen-support intervention,FX intervention,official_fx_action,DEXJPUS,JPY vs USD,20d,2022-10-20,2022-11-18,149.82,140.03,6.5345,%,local-currency return vs USD,descriptive_event_window_not_causal,FRED-DEXJPUS
M02,2022-10-21,Further yen-support intervention,FX intervention,official_fx_action,DEXMXUS,MXN vs USD,1d,2022-10-20,2022-10-21,20.031,19.898,0.664,%,local-currency return vs USD,descriptive_event_window_not_causal,FRED-DEXMXUS
M02,2022-10-21,Further yen-support intervention,FX intervention,official_fx_action,DEXMXUS,MXN vs USD,5d,2022-10-20,2022-10-27,20.031,19.838,0.9635,%,local-currency return vs USD,descriptive_event_window_not_causal,FRED-DEXMXUS
M02,2022-10-21,Further yen-support intervention,FX intervention,official_fx_action,DEXMXUS,MXN vs USD,20d,2022-10-20,2022-11-18,20.031,19.487,2.7158,%,local-currency return vs USD,descriptive_event_window_not_causal,FRED-DEXMXUS
M02,2022-10-21,Further yen-support intervention,FX intervention,official_fx_action,DEXUSAL,AUD vs USD,1d,2022-10-20,2022-10-21,0.6336,0.6368,0.5051,%,local-currency return vs USD,descriptive_event_window_not_causal,FRED-DEXUSAL
M02,2022-10-21,Further yen-support intervention,FX intervention,official_fx_action,DEXUSAL,AUD vs USD,5d,2022-10-20,2022-10-27,0.6336,0.6477,2.2254,%,local-currency return vs USD,descriptive_event_window_not_causal,FRED-DEXUSAL
M02,2022-10-21,Further yen-support intervention,FX intervention,official_fx_action,DEXUSAL,AUD vs USD,20d,2022-10-20,2022-11-18,0.6336,0.6681,5.4451,%,local-currency return vs USD,descriptive_event_window_not_causal,FRED-DEXUSAL
M02,2022-10-21,Further yen-support intervention,FX intervention,official_fx_action,DEXUSNZ,NZD vs USD,1d,2022-10-20,2022-10-21,0.5722,0.5754,0.5592,%,local-currency return vs USD,descriptive_event_window_not_causal,FRED-DEXUSNZ
M02,2022-10-21,Further yen-support intervention,FX intervention,official_fx_action,DEXUSNZ,NZD vs USD,5d,2022-10-20,2022-10-27,0.5722,0.5845,2.1496,%,local-currency return vs USD,descriptive_event_window_not_causal,FRED-DEXUSNZ
M02,2022-10-21,Further yen-support intervention,FX intervention,official_fx_action,DEXUSNZ,NZD vs USD,20d,2022-10-20,2022-11-18,0.5722,0.616,7.6547,%,local-currency return vs USD,descriptive_event_window_not_causal,FRED-DEXUSNZ
M02,2022-10-21,Further yen-support intervention,FX intervention,official_fx_action,DEXBZUS,BRL vs USD,1d,2022-10-20,2022-10-21,5.2053,5.175,0.5821,%,local-currency return vs USD,descriptive_event_window_not_causal,FRED-DEXBZUS
M02,2022-10-21,Further yen-support intervention,FX intervention,official_fx_action,DEXBZUS,BRL vs USD,5d,2022-10-20,2022-10-27,5.2053,5.2839,-1.51,%,local-currency return vs USD,descriptive_event_window_not_causal,FRED-DEXBZUS
M02,2022-10-21,Further yen-support intervention,FX intervention,official_fx_action,DEXBZUS,BRL vs USD,20d,2022-10-20,2022-11-18,5.2053,5.3757,-3.2736,%,local-currency return vs USD,descriptive_event_window_not_causal,FRED-DEXBZUS
M02,2022-10-21,Further yen-support intervention,FX intervention,official_fx_action,SP500,S&P 500,1d,2022-10-20,2022-10-21,3665.78,3752.75,2.3725,%,return_pct,descriptive_event_window_not_causal,FRED-SP500
M02,2022-10-21,Further yen-support intervention,FX intervention,official_fx_action,SP500,S&P 500,5d,2022-10-20,2022-10-27,3665.78,3807.3,3.8606,%,return_pct,descriptive_event_window_not_causal,FRED-SP500
M02,2022-10-21,Further yen-support intervention,FX intervention,official_fx_action,SP500,S&P 500,20d,2022-10-20,2022-11-17,3665.78,3946.56,7.6595,%,return_pct,descriptive_event_window_not_causal,FRED-SP500
M02,2022-10-21,Further yen-support intervention,FX intervention,official_fx_action,NASDAQCOM,Nasdaq Composite,1d,2022-10-20,2022-10-21,10614.84,10859.72,2.307,%,return_pct,descriptive_event_window_not_causal,FRED-NASDAQCOM
M02,2022-10-21,Further yen-support intervention,FX intervention,official_fx_action,NASDAQCOM,Nasdaq Composite,5d,2022-10-20,2022-10-27,10614.84,10792.67,1.6753,%,return_pct,descriptive_event_window_not_causal,FRED-NASDAQCOM
M02,2022-10-21,Further yen-support intervention,FX intervention,official_fx_action,NASDAQCOM,Nasdaq Composite,20d,2022-10-20,2022-11-17,10614.84,11144.96,4.9941,%,return_pct,descriptive_event_window_not_causal,FRED-NASDAQCOM
M02,2022-10-21,Further yen-support intervention,FX intervention,official_fx_action,NIKKEI225,Nikkei 225,1d,2022-10-20,2022-10-21,27006.96,26890.58,-0.4309,%,return_pct,descriptive_event_window_not_causal,FRED-NIKKEI225
M02,2022-10-21,Further yen-support intervention,FX intervention,official_fx_action,NIKKEI225,Nikkei 225,5d,2022-10-20,2022-10-27,27006.96,27345.24,1.2526,%,return_pct,descriptive_event_window_not_causal,FRED-NIKKEI225
M02,2022-10-21,Further yen-support intervention,FX intervention,official_fx_action,NIKKEI225,Nikkei 225,20d,2022-10-20,2022-11-18,27006.96,27899.77,3.3059,%,return_pct,descriptive_event_window_not_causal,FRED-NIKKEI225
M02,2022-10-21,Further yen-support intervention,FX intervention,official_fx_action,VIXCLS,VIX,1d,2022-10-20,2022-10-21,29.98,29.69,-0.29,index points,change,descriptive_event_window_not_causal,FRED-VIXCLS
M02,2022-10-21,Further yen-support intervention,FX intervention,official_fx_action,VIXCLS,VIX,5d,2022-10-20,2022-10-27,29.98,27.39,-2.59,index points,change,descriptive_event_window_not_causal,FRED-VIXCLS
M02,2022-10-21,Further yen-support intervention,FX intervention,official_fx_action,VIXCLS,VIX,20d,2022-10-20,2022-11-17,29.98,23.93,-6.05,index points,change,descriptive_event_window_not_causal,FRED-VIXCLS
M02,2022-10-21,Further yen-support intervention,FX intervention,official_fx_action,DGS10,US 10-year Treasury yield,1d,2022-10-20,2022-10-21,4.24,4.21,-3,bp,change_bp,descriptive_event_window_not_causal,FRED-DGS10
M02,2022-10-21,Further yen-support intervention,FX intervention,official_fx_action,DGS10,US 10-year Treasury yield,5d,2022-10-20,2022-10-27,4.24,3.96,-28,bp,change_bp,descriptive_event_window_not_causal,FRED-DGS10
M02,2022-10-21,Further yen-support intervention,FX intervention,official_fx_action,DGS10,US 10-year Treasury yield,20d,2022-10-20,2022-11-18,4.24,3.82,-42,bp,change_bp,descriptive_event_window_not_causal,FRED-DGS10
M02,2022-10-21,Further yen-support intervention,FX intervention,official_fx_action,DCOILWTICO,WTI crude oil,1d,2022-10-20,2022-10-21,86.02,85.47,-0.6394,%,return_pct,descriptive_event_window_not_causal,FRED-DCOILWTICO
M02,2022-10-21,Further yen-support intervention,FX intervention,official_fx_action,DCOILWTICO,WTI crude oil,5d,2022-10-20,2022-10-27,86.02,89.06,3.5341,%,return_pct,descriptive_event_window_not_causal,FRED-DCOILWTICO
M02,2022-10-21,Further yen-support intervention,FX intervention,official_fx_action,DCOILWTICO,WTI crude oil,20d,2022-10-20,2022-11-17,86.02,81.69,-5.0337,%,return_pct,descriptive_event_window_not_causal,FRED-DCOILWTICO
M02,2022-10-21,Further yen-support intervention,FX intervention,official_fx_action,CBBTCUSD,Bitcoin,1d,2022-10-20,2022-10-21,19046.77,19172.57,0.6605,%,return_pct,descriptive_event_window_not_causal,FRED-CBBTCUSD
M02,2022-10-21,Further yen-support intervention,FX intervention,official_fx_action,CBBTCUSD,Bitcoin,5d,2022-10-20,2022-10-25,19046.77,20113.74,5.6018,%,return_pct,descriptive_event_window_not_causal,FRED-CBBTCUSD
M02,2022-10-21,Further yen-support intervention,FX intervention,official_fx_action,CBBTCUSD,Bitcoin,20d,2022-10-20,2022-11-09,19046.77,15850.62,-16.7805,%,return_pct,descriptive_event_window_not_causal,FRED-CBBTCUSD
M02,2022-10-21,Further yen-support intervention,FX intervention,official_fx_action,DTWEXBGS,Broad US dollar index,1d,2022-10-20,2022-10-21,128.0052,127.6735,-0.2591,%,return_pct,descriptive_event_window_not_causal,FRED-DTWEXBGS
M02,2022-10-21,Further yen-support intervention,FX intervention,official_fx_action,DTWEXBGS,Broad US dollar index,5d,2022-10-20,2022-10-27,128.0052,126.7028,-1.0175,%,return_pct,descriptive_event_window_not_causal,FRED-DTWEXBGS
M02,2022-10-21,Further yen-support intervention,FX intervention,official_fx_action,DTWEXBGS,Broad US dollar index,20d,2022-10-20,2022-11-18,128.0052,123.8524,-3.2442,%,return_pct,descriptive_event_window_not_causal,FRED-DTWEXBGS
M03,2022-12-20,BOJ widens the 10-year yield fluctuation band,BOJ policy,monetary_regime_change,DEXJPUS,JPY vs USD,1d,2022-12-19,2022-12-20,136.87,131.08,4.2303,%,local-currency return vs USD,descriptive_event_window_not_causal,FRED-DEXJPUS
M03,2022-12-20,BOJ widens the 10-year yield fluctuation band,BOJ policy,monetary_regime_change,DEXJPUS,JPY vs USD,5d,2022-12-19,2022-12-27,136.87,133.43,2.5133,%,local-currency return vs USD,descriptive_event_window_not_causal,FRED-DEXJPUS
M03,2022-12-20,BOJ widens the 10-year yield fluctuation band,BOJ policy,monetary_regime_change,DEXJPUS,JPY vs USD,20d,2022-12-19,2023-01-19,136.87,128.48,6.1299,%,local-currency return vs USD,descriptive_event_window_not_causal,FRED-DEXJPUS
M03,2022-12-20,BOJ widens the 10-year yield fluctuation band,BOJ policy,monetary_regime_change,DEXMXUS,MXN vs USD,1d,2022-12-19,2022-12-20,19.726,19.795,-0.3498,%,local-currency return vs USD,descriptive_event_window_not_causal,FRED-DEXMXUS
M03,2022-12-20,BOJ widens the 10-year yield fluctuation band,BOJ policy,monetary_regime_change,DEXMXUS,MXN vs USD,5d,2022-12-19,2022-12-27,19.726,19.4,1.6526,%,local-currency return vs USD,descriptive_event_window_not_causal,FRED-DEXMXUS
M03,2022-12-20,BOJ widens the 10-year yield fluctuation band,BOJ policy,monetary_regime_change,DEXMXUS,MXN vs USD,20d,2022-12-19,2023-01-19,19.726,19.066,3.3458,%,local-currency return vs USD,descriptive_event_window_not_causal,FRED-DEXMXUS
M03,2022-12-20,BOJ widens the 10-year yield fluctuation band,BOJ policy,monetary_regime_change,DEXUSAL,AUD vs USD,1d,2022-12-19,2022-12-20,0.6711,0.6665,-0.6854,%,local-currency return vs USD,descriptive_event_window_not_causal,FRED-DEXUSAL
M03,2022-12-20,BOJ widens the 10-year yield fluctuation band,BOJ policy,monetary_regime_change,DEXUSAL,AUD vs USD,5d,2022-12-19,2022-12-27,0.6711,0.6742,0.4619,%,local-currency return vs USD,descriptive_event_window_not_causal,FRED-DEXUSAL
M03,2022-12-20,BOJ widens the 10-year yield fluctuation band,BOJ policy,monetary_regime_change,DEXUSAL,AUD vs USD,20d,2022-12-19,2023-01-19,0.6711,0.6887,2.6226,%,local-currency return vs USD,descriptive_event_window_not_causal,FRED-DEXUSAL
M03,2022-12-20,BOJ widens the 10-year yield fluctuation band,BOJ policy,monetary_regime_change,DEXUSNZ,NZD vs USD,1d,2022-12-19,2022-12-20,0.6372,0.6332,-0.6277,%,local-currency return vs USD,descriptive_event_window_not_causal,FRED-DEXUSNZ
M03,2022-12-20,BOJ widens the 10-year yield fluctuation band,BOJ policy,monetary_regime_change,DEXUSNZ,NZD vs USD,5d,2022-12-19,2022-12-27,0.6372,0.6284,-1.381,%,local-currency return vs USD,descriptive_event_window_not_causal,FRED-DEXUSNZ
M03,2022-12-20,BOJ widens the 10-year yield fluctuation band,BOJ policy,monetary_regime_change,DEXUSNZ,NZD vs USD,20d,2022-12-19,2023-01-19,0.6372,0.6375,0.0471,%,local-currency return vs USD,descriptive_event_window_not_causal,FRED-DEXUSNZ
M03,2022-12-20,BOJ widens the 10-year yield fluctuation band,BOJ policy,monetary_regime_change,DEXBZUS,BRL vs USD,1d,2022-12-19,2022-12-20,5.3097,5.2006,2.0547,%,local-currency return vs USD,descriptive_event_window_not_causal,FRED-DEXBZUS
M03,2022-12-20,BOJ widens the 10-year yield fluctuation band,BOJ policy,monetary_regime_change,DEXBZUS,BRL vs USD,5d,2022-12-19,2022-12-27,5.3097,5.279,0.5782,%,local-currency return vs USD,descriptive_event_window_not_causal,FRED-DEXBZUS
M03,2022-12-20,BOJ widens the 10-year yield fluctuation band,BOJ policy,monetary_regime_change,DEXBZUS,BRL vs USD,20d,2022-12-19,2023-01-19,5.3097,5.2233,1.6272,%,local-currency return vs USD,descriptive_event_window_not_causal,FRED-DEXBZUS
M03,2022-12-20,BOJ widens the 10-year yield fluctuation band,BOJ policy,monetary_regime_change,SP500,S&P 500,1d,2022-12-19,2022-12-20,3817.66,3821.62,0.1037,%,return_pct,descriptive_event_window_not_causal,FRED-SP500
M03,2022-12-20,BOJ widens the 10-year yield fluctuation band,BOJ policy,monetary_regime_change,SP500,S&P 500,5d,2022-12-19,2022-12-27,3817.66,3829.25,0.3036,%,return_pct,descriptive_event_window_not_causal,FRED-SP500
M03,2022-12-20,BOJ widens the 10-year yield fluctuation band,BOJ policy,monetary_regime_change,SP500,S&P 500,20d,2022-12-19,2023-01-19,3817.66,3898.85,2.1267,%,return_pct,descriptive_event_window_not_causal,FRED-SP500
M03,2022-12-20,BOJ widens the 10-year yield fluctuation band,BOJ policy,monetary_regime_change,NASDAQCOM,Nasdaq Composite,1d,2022-12-19,2022-12-20,10546.03,10547.11,0.0102,%,return_pct,descriptive_event_window_not_causal,FRED-NASDAQCOM
M03,2022-12-20,BOJ widens the 10-year yield fluctuation band,BOJ policy,monetary_regime_change,NASDAQCOM,Nasdaq Composite,5d,2022-12-19,2022-12-27,10546.03,10353.23,-1.8282,%,return_pct,descriptive_event_window_not_causal,FRED-NASDAQCOM
M03,2022-12-20,BOJ widens the 10-year yield fluctuation band,BOJ policy,monetary_regime_change,NASDAQCOM,Nasdaq Composite,20d,2022-12-19,2023-01-19,10546.03,10852.27,2.9038,%,return_pct,descriptive_event_window_not_causal,FRED-NASDAQCOM
M03,2022-12-20,BOJ widens the 10-year yield fluctuation band,BOJ policy,monetary_regime_change,NIKKEI225,Nikkei 225,1d,2022-12-19,2022-12-20,27237.64,26568.03,-2.4584,%,return_pct,descriptive_event_window_not_causal,FRED-NIKKEI225
M03,2022-12-20,BOJ widens the 10-year yield fluctuation band,BOJ policy,monetary_regime_change,NIKKEI225,Nikkei 225,5d,2022-12-19,2022-12-26,27237.64,26405.87,-3.0538,%,return_pct,descriptive_event_window_not_causal,FRED-NIKKEI225
M03,2022-12-20,BOJ widens the 10-year yield fluctuation band,BOJ policy,monetary_regime_change,NIKKEI225,Nikkei 225,20d,2022-12-19,2023-01-19,27237.64,26405.23,-3.0561,%,return_pct,descriptive_event_window_not_causal,FRED-NIKKEI225
M03,2022-12-20,BOJ widens the 10-year yield fluctuation band,BOJ policy,monetary_regime_change,VIXCLS,VIX,1d,2022-12-19,2022-12-20,22.42,21.48,-0.94,index points,change,descriptive_event_window_not_causal,FRED-VIXCLS
M03,2022-12-20,BOJ widens the 10-year yield fluctuation band,BOJ policy,monetary_regime_change,VIXCLS,VIX,5d,2022-12-19,2022-12-27,22.42,21.65,-0.77,index points,change,descriptive_event_window_not_causal,FRED-VIXCLS
M03,2022-12-20,BOJ widens the 10-year yield fluctuation band,BOJ policy,monetary_regime_change,VIXCLS,VIX,20d,2022-12-19,2023-01-18,22.42,20.34,-2.08,index points,change,descriptive_event_window_not_causal,FRED-VIXCLS
M03,2022-12-20,BOJ widens the 10-year yield fluctuation band,BOJ policy,monetary_regime_change,DGS10,US 10-year Treasury yield,1d,2022-12-19,2022-12-20,3.57,3.69,12,bp,change_bp,descriptive_event_window_not_causal,FRED-DGS10
M03,2022-12-20,BOJ widens the 10-year yield fluctuation band,BOJ policy,monetary_regime_change,DGS10,US 10-year Treasury yield,5d,2022-12-19,2022-12-27,3.57,3.84,27,bp,change_bp,descriptive_event_window_not_causal,FRED-DGS10
M03,2022-12-20,BOJ widens the 10-year yield fluctuation band,BOJ policy,monetary_regime_change,DGS10,US 10-year Treasury yield,20d,2022-12-19,2023-01-19,3.57,3.39,-18,bp,change_bp,descriptive_event_window_not_causal,FRED-DGS10
M03,2022-12-20,BOJ widens the 10-year yield fluctuation band,BOJ policy,monetary_regime_change,DCOILWTICO,WTI crude oil,1d,2022-12-19,2022-12-20,75.05,75.92,1.1592,%,return_pct,descriptive_event_window_not_causal,FRED-DCOILWTICO
M03,2022-12-20,BOJ widens the 10-year yield fluctuation band,BOJ policy,monetary_regime_change,DCOILWTICO,WTI crude oil,5d,2022-12-19,2022-12-27,75.05,79.45,5.8628,%,return_pct,descriptive_event_window_not_causal,FRED-DCOILWTICO
M03,2022-12-20,BOJ widens the 10-year yield fluctuation band,BOJ policy,monetary_regime_change,DCOILWTICO,WTI crude oil,20d,2022-12-19,2023-01-19,75.05,80.31,7.0087,%,return_pct,descriptive_event_window_not_causal,FRED-DCOILWTICO
M03,2022-12-20,BOJ widens the 10-year yield fluctuation band,BOJ policy,monetary_regime_change,CBBTCUSD,Bitcoin,1d,2022-12-19,2022-12-20,16453.07,16893.02,2.674,%,return_pct,descriptive_event_window_not_causal,FRED-CBBTCUSD
M03,2022-12-20,BOJ widens the 10-year yield fluctuation band,BOJ policy,monetary_regime_change,CBBTCUSD,Bitcoin,5d,2022-12-19,2022-12-24,16453.07,16833.61,2.3129,%,return_pct,descriptive_event_window_not_causal,FRED-CBBTCUSD
M03,2022-12-20,BOJ widens the 10-year yield fluctuation band,BOJ policy,monetary_regime_change,CBBTCUSD,Bitcoin,20d,2022-12-19,2023-01-08,16453.07,17134.34,4.1407,%,return_pct,descriptive_event_window_not_causal,FRED-CBBTCUSD
M03,2022-12-20,BOJ widens the 10-year yield fluctuation band,BOJ policy,monetary_regime_change,DTWEXBGS,Broad US dollar index,1d,2022-12-19,2022-12-20,122.5275,122.1357,-0.3198,%,return_pct,descriptive_event_window_not_causal,FRED-DTWEXBGS
M03,2022-12-20,BOJ widens the 10-year yield fluctuation band,BOJ policy,monetary_regime_change,DTWEXBGS,Broad US dollar index,5d,2022-12-19,2022-12-27,122.5275,121.7539,-0.6314,%,return_pct,descriptive_event_window_not_causal,FRED-DTWEXBGS
M03,2022-12-20,BOJ widens the 10-year yield fluctuation band,BOJ policy,monetary_regime_change,DTWEXBGS,Broad US dollar index,20d,2022-12-19,2023-01-19,122.5275,119.6107,-2.3805,%,return_pct,descriptive_event_window_not_causal,FRED-DTWEXBGS
M04,2023-07-28,BOJ makes yield-curve control more flexible,BOJ policy,monetary_regime_change,DEXJPUS,JPY vs USD,1d,2023-07-27,2023-07-28,141.03,140.72,0.2198,%,local-currency return vs USD,descriptive_event_window_not_causal,FRED-DEXJPUS
M04,2023-07-28,BOJ makes yield-curve control more flexible,BOJ policy,monetary_regime_change,DEXJPUS,JPY vs USD,5d,2023-07-27,2023-08-03,141.03,142.42,-0.9856,%,local-currency return vs USD,descriptive_event_window_not_causal,FRED-DEXJPUS
M04,2023-07-28,BOJ makes yield-curve control more flexible,BOJ policy,monetary_regime_change,DEXJPUS,JPY vs USD,20d,2023-07-27,2023-08-24,141.03,145.75,-3.3468,%,local-currency return vs USD,descriptive_event_window_not_causal,FRED-DEXJPUS
M04,2023-07-28,BOJ makes yield-curve control more flexible,BOJ policy,monetary_regime_change,DEXMXUS,MXN vs USD,1d,2023-07-27,2023-07-28,16.7073,16.6635,0.2622,%,local-currency return vs USD,descriptive_event_window_not_causal,FRED-DEXMXUS
M04,2023-07-28,BOJ makes yield-curve control more flexible,BOJ policy,monetary_regime_change,DEXMXUS,MXN vs USD,5d,2023-07-27,2023-08-03,16.7073,17.3356,-3.7606,%,local-currency return vs USD,descriptive_event_window_not_causal,FRED-DEXMXUS
M04,2023-07-28,BOJ makes yield-curve control more flexible,BOJ policy,monetary_regime_change,DEXMXUS,MXN vs USD,20d,2023-07-27,2023-08-24,16.7073,16.818,-0.6626,%,local-currency return vs USD,descriptive_event_window_not_causal,FRED-DEXMXUS
M04,2023-07-28,BOJ makes yield-curve control more flexible,BOJ policy,monetary_regime_change,DEXUSAL,AUD vs USD,1d,2023-07-27,2023-07-28,0.674,0.667,-1.0386,%,local-currency return vs USD,descriptive_event_window_not_causal,FRED-DEXUSAL
M04,2023-07-28,BOJ makes yield-curve control more flexible,BOJ policy,monetary_regime_change,DEXUSAL,AUD vs USD,5d,2023-07-27,2023-08-03,0.674,0.6554,-2.7596,%,local-currency return vs USD,descriptive_event_window_not_causal,FRED-DEXUSAL
M04,2023-07-28,BOJ makes yield-curve control more flexible,BOJ policy,monetary_regime_change,DEXUSAL,AUD vs USD,20d,2023-07-27,2023-08-24,0.674,0.6426,-4.6588,%,local-currency return vs USD,descriptive_event_window_not_causal,FRED-DEXUSAL
M04,2023-07-28,BOJ makes yield-curve control more flexible,BOJ policy,monetary_regime_change,DEXUSNZ,NZD vs USD,1d,2023-07-27,2023-07-28,0.6209,0.6167,-0.6764,%,local-currency return vs USD,descriptive_event_window_not_causal,FRED-DEXUSNZ
M04,2023-07-28,BOJ makes yield-curve control more flexible,BOJ policy,monetary_regime_change,DEXUSNZ,NZD vs USD,5d,2023-07-27,2023-08-03,0.6209,0.6087,-1.9649,%,local-currency return vs USD,descriptive_event_window_not_causal,FRED-DEXUSNZ
M04,2023-07-28,BOJ makes yield-curve control more flexible,BOJ policy,monetary_regime_change,DEXUSNZ,NZD vs USD,20d,2023-07-27,2023-08-24,0.6209,0.5925,-4.574,%,local-currency return vs USD,descriptive_event_window_not_causal,FRED-DEXUSNZ
M04,2023-07-28,BOJ makes yield-curve control more flexible,BOJ policy,monetary_regime_change,DEXBZUS,BRL vs USD,1d,2023-07-27,2023-07-28,4.7179,4.7306,-0.2692,%,local-currency return vs USD,descriptive_event_window_not_causal,FRED-DEXBZUS
M04,2023-07-28,BOJ makes yield-curve control more flexible,BOJ policy,monetary_regime_change,DEXBZUS,BRL vs USD,5d,2023-07-27,2023-08-03,4.7179,4.882,-3.4782,%,local-currency return vs USD,descriptive_event_window_not_causal,FRED-DEXBZUS
M04,2023-07-28,BOJ makes yield-curve control more flexible,BOJ policy,monetary_regime_change,DEXBZUS,BRL vs USD,20d,2023-07-27,2023-08-24,4.7179,4.8825,-3.4888,%,local-currency return vs USD,descriptive_event_window_not_causal,FRED-DEXBZUS
M04,2023-07-28,BOJ makes yield-curve control more flexible,BOJ policy,monetary_regime_change,SP500,S&P 500,1d,2023-07-27,2023-07-28,4537.41,4582.23,0.9878,%,return_pct,descriptive_event_window_not_causal,FRED-SP500
M04,2023-07-28,BOJ makes yield-curve control more flexible,BOJ policy,monetary_regime_change,SP500,S&P 500,5d,2023-07-27,2023-08-03,4537.41,4501.89,-0.7828,%,return_pct,descriptive_event_window_not_causal,FRED-SP500
M04,2023-07-28,BOJ makes yield-curve control more flexible,BOJ policy,monetary_regime_change,SP500,S&P 500,20d,2023-07-27,2023-08-24,4537.41,4376.31,-3.5505,%,return_pct,descriptive_event_window_not_causal,FRED-SP500
M04,2023-07-28,BOJ makes yield-curve control more flexible,BOJ policy,monetary_regime_change,NASDAQCOM,Nasdaq Composite,1d,2023-07-27,2023-07-28,14050.11,14316.66,1.8971,%,return_pct,descriptive_event_window_not_causal,FRED-NASDAQCOM
M04,2023-07-28,BOJ makes yield-curve control more flexible,BOJ policy,monetary_regime_change,NASDAQCOM,Nasdaq Composite,5d,2023-07-27,2023-08-03,14050.11,13959.72,-0.6433,%,return_pct,descriptive_event_window_not_causal,FRED-NASDAQCOM
M04,2023-07-28,BOJ makes yield-curve control more flexible,BOJ policy,monetary_regime_change,NASDAQCOM,Nasdaq Composite,20d,2023-07-27,2023-08-24,14050.11,13463.97,-4.1718,%,return_pct,descriptive_event_window_not_causal,FRED-NASDAQCOM
M04,2023-07-28,BOJ makes yield-curve control more flexible,BOJ policy,monetary_regime_change,NIKKEI225,Nikkei 225,1d,2023-07-27,2023-07-28,32891.16,32759.23,-0.4011,%,return_pct,descriptive_event_window_not_causal,FRED-NIKKEI225
M04,2023-07-28,BOJ makes yield-curve control more flexible,BOJ policy,monetary_regime_change,NIKKEI225,Nikkei 225,5d,2023-07-27,2023-08-03,32891.16,32159.28,-2.2252,%,return_pct,descriptive_event_window_not_causal,FRED-NIKKEI225
M04,2023-07-28,BOJ makes yield-curve control more flexible,BOJ policy,monetary_regime_change,NIKKEI225,Nikkei 225,20d,2023-07-27,2023-08-25,32891.16,31624.28,-3.8517,%,return_pct,descriptive_event_window_not_causal,FRED-NIKKEI225
M04,2023-07-28,BOJ makes yield-curve control more flexible,BOJ policy,monetary_regime_change,VIXCLS,VIX,1d,2023-07-27,2023-07-28,14.41,13.33,-1.08,index points,change,descriptive_event_window_not_causal,FRED-VIXCLS
M04,2023-07-28,BOJ makes yield-curve control more flexible,BOJ policy,monetary_regime_change,VIXCLS,VIX,5d,2023-07-27,2023-08-03,14.41,15.92,1.51,index points,change,descriptive_event_window_not_causal,FRED-VIXCLS
M04,2023-07-28,BOJ makes yield-curve control more flexible,BOJ policy,monetary_regime_change,VIXCLS,VIX,20d,2023-07-27,2023-08-24,14.41,17.2,2.79,index points,change,descriptive_event_window_not_causal,FRED-VIXCLS
M04,2023-07-28,BOJ makes yield-curve control more flexible,BOJ policy,monetary_regime_change,DGS10,US 10-year Treasury yield,1d,2023-07-27,2023-07-28,4.01,3.96,-5,bp,change_bp,descriptive_event_window_not_causal,FRED-DGS10
M04,2023-07-28,BOJ makes yield-curve control more flexible,BOJ policy,monetary_regime_change,DGS10,US 10-year Treasury yield,5d,2023-07-27,2023-08-03,4.01,4.2,19,bp,change_bp,descriptive_event_window_not_causal,FRED-DGS10
M04,2023-07-28,BOJ makes yield-curve control more flexible,BOJ policy,monetary_regime_change,DGS10,US 10-year Treasury yield,20d,2023-07-27,2023-08-24,4.01,4.23,22,bp,change_bp,descriptive_event_window_not_causal,FRED-DGS10
M04,2023-07-28,BOJ makes yield-curve control more flexible,BOJ policy,monetary_regime_change,DCOILWTICO,WTI crude oil,1d,2023-07-27,2023-07-28,80.17,80.55,0.474,%,return_pct,descriptive_event_window_not_causal,FRED-DCOILWTICO
M04,2023-07-28,BOJ makes yield-curve control more flexible,BOJ policy,monetary_regime_change,DCOILWTICO,WTI crude oil,5d,2023-07-27,2023-08-03,80.17,81.56,1.7338,%,return_pct,descriptive_event_window_not_causal,FRED-DCOILWTICO
M04,2023-07-28,BOJ makes yield-curve control more flexible,BOJ policy,monetary_regime_change,DCOILWTICO,WTI crude oil,20d,2023-07-27,2023-08-24,80.17,79.52,-0.8108,%,return_pct,descriptive_event_window_not_causal,FRED-DCOILWTICO
M04,2023-07-28,BOJ makes yield-curve control more flexible,BOJ policy,monetary_regime_change,CBBTCUSD,Bitcoin,1d,2023-07-27,2023-07-28,29213.16,29311.22,0.3357,%,return_pct,descriptive_event_window_not_causal,FRED-CBBTCUSD
M04,2023-07-28,BOJ makes yield-curve control more flexible,BOJ policy,monetary_regime_change,CBBTCUSD,Bitcoin,5d,2023-07-27,2023-08-01,29213.16,29728.88,1.7654,%,return_pct,descriptive_event_window_not_causal,FRED-CBBTCUSD
M04,2023-07-28,BOJ makes yield-curve control more flexible,BOJ policy,monetary_regime_change,CBBTCUSD,Bitcoin,20d,2023-07-27,2023-08-16,29213.16,28694.33,-1.776,%,return_pct,descriptive_event_window_not_causal,FRED-CBBTCUSD
M04,2023-07-28,BOJ makes yield-curve control more flexible,BOJ policy,monetary_regime_change,DTWEXBGS,Broad US dollar index,1d,2023-07-27,2023-07-28,117.8938,117.788,-0.0897,%,return_pct,descriptive_event_window_not_causal,FRED-DTWEXBGS
M04,2023-07-28,BOJ makes yield-curve control more flexible,BOJ policy,monetary_regime_change,DTWEXBGS,Broad US dollar index,5d,2023-07-27,2023-08-03,117.8938,119.3963,1.2745,%,return_pct,descriptive_event_window_not_causal,FRED-DTWEXBGS
M04,2023-07-28,BOJ makes yield-curve control more flexible,BOJ policy,monetary_regime_change,DTWEXBGS,Broad US dollar index,20d,2023-07-27,2023-08-24,117.8938,120.2354,1.9862,%,return_pct,descriptive_event_window_not_causal,FRED-DTWEXBGS
M05,2023-10-31,BOJ makes 1% a reference bound,BOJ policy,monetary_regime_change,DEXJPUS,JPY vs USD,1d,2023-10-30,2023-10-31,149.01,151.46,-1.6442,%,local-currency return vs USD,descriptive_event_window_not_causal,FRED-DEXJPUS
M05,2023-10-31,BOJ makes 1% a reference bound,BOJ policy,monetary_regime_change,DEXJPUS,JPY vs USD,5d,2023-10-30,2023-11-06,149.01,149.77,-0.51,%,local-currency return vs USD,descriptive_event_window_not_causal,FRED-DEXJPUS
M05,2023-10-31,BOJ makes 1% a reference bound,BOJ policy,monetary_regime_change,DEXJPUS,JPY vs USD,20d,2023-10-30,2023-11-29,149.01,147.39,1.0872,%,local-currency return vs USD,descriptive_event_window_not_causal,FRED-DEXJPUS
M05,2023-10-31,BOJ makes 1% a reference bound,BOJ policy,monetary_regime_change,DEXMXUS,MXN vs USD,1d,2023-10-30,2023-10-31,18.021,18.053,-0.1776,%,local-currency return vs USD,descriptive_event_window_not_causal,FRED-DEXMXUS
M05,2023-10-31,BOJ makes 1% a reference bound,BOJ policy,monetary_regime_change,DEXMXUS,MXN vs USD,5d,2023-10-30,2023-11-06,18.021,17.5236,2.7601,%,local-currency return vs USD,descriptive_event_window_not_causal,FRED-DEXMXUS
M05,2023-10-31,BOJ makes 1% a reference bound,BOJ policy,monetary_regime_change,DEXMXUS,MXN vs USD,20d,2023-10-30,2023-11-29,18.021,17.2022,4.5436,%,local-currency return vs USD,descriptive_event_window_not_causal,FRED-DEXMXUS
M05,2023-10-31,BOJ makes 1% a reference bound,BOJ policy,monetary_regime_change,DEXUSAL,AUD vs USD,1d,2023-10-30,2023-10-31,0.6374,0.6332,-0.6589,%,local-currency return vs USD,descriptive_event_window_not_causal,FRED-DEXUSAL
M05,2023-10-31,BOJ makes 1% a reference bound,BOJ policy,monetary_regime_change,DEXUSAL,AUD vs USD,5d,2023-10-30,2023-11-06,0.6374,0.6503,2.0238,%,local-currency return vs USD,descriptive_event_window_not_causal,FRED-DEXUSAL
M05,2023-10-31,BOJ makes 1% a reference bound,BOJ policy,monetary_regime_change,DEXUSAL,AUD vs USD,20d,2023-10-30,2023-11-29,0.6374,0.6618,3.8281,%,local-currency return vs USD,descriptive_event_window_not_causal,FRED-DEXUSAL
M05,2023-10-31,BOJ makes 1% a reference bound,BOJ policy,monetary_regime_change,DEXUSNZ,NZD vs USD,1d,2023-10-30,2023-10-31,0.5837,0.5816,-0.3598,%,local-currency return vs USD,descriptive_event_window_not_causal,FRED-DEXUSNZ
M05,2023-10-31,BOJ makes 1% a reference bound,BOJ policy,monetary_regime_change,DEXUSNZ,NZD vs USD,5d,2023-10-30,2023-11-06,0.5837,0.598,2.4499,%,local-currency return vs USD,descriptive_event_window_not_causal,FRED-DEXUSNZ
M05,2023-10-31,BOJ makes 1% a reference bound,BOJ policy,monetary_regime_change,DEXUSNZ,NZD vs USD,20d,2023-10-30,2023-11-29,0.5837,0.6149,5.3452,%,local-currency return vs USD,descriptive_event_window_not_causal,FRED-DEXUSNZ
M05,2023-10-31,BOJ makes 1% a reference bound,BOJ policy,monetary_regime_change,DEXBZUS,BRL vs USD,1d,2023-10-30,2023-10-31,5.039,5.0433,-0.0853,%,local-currency return vs USD,descriptive_event_window_not_causal,FRED-DEXBZUS
M05,2023-10-31,BOJ makes 1% a reference bound,BOJ policy,monetary_regime_change,DEXBZUS,BRL vs USD,5d,2023-10-30,2023-11-06,5.039,4.8921,2.9153,%,local-currency return vs USD,descriptive_event_window_not_causal,FRED-DEXBZUS
M05,2023-10-31,BOJ makes 1% a reference bound,BOJ policy,monetary_regime_change,DEXBZUS,BRL vs USD,20d,2023-10-30,2023-11-29,5.039,4.8962,2.8339,%,local-currency return vs USD,descriptive_event_window_not_causal,FRED-DEXBZUS
M05,2023-10-31,BOJ makes 1% a reference bound,BOJ policy,monetary_regime_change,SP500,S&P 500,1d,2023-10-30,2023-10-31,4166.82,4193.8,0.6475,%,return_pct,descriptive_event_window_not_causal,FRED-SP500
M05,2023-10-31,BOJ makes 1% a reference bound,BOJ policy,monetary_regime_change,SP500,S&P 500,5d,2023-10-30,2023-11-06,4166.82,4365.98,4.7797,%,return_pct,descriptive_event_window_not_causal,FRED-SP500
M05,2023-10-31,BOJ makes 1% a reference bound,BOJ policy,monetary_regime_change,SP500,S&P 500,20d,2023-10-30,2023-11-28,4166.82,4554.89,9.3133,%,return_pct,descriptive_event_window_not_causal,FRED-SP500
M05,2023-10-31,BOJ makes 1% a reference bound,BOJ policy,monetary_regime_change,NASDAQCOM,Nasdaq Composite,1d,2023-10-30,2023-10-31,12789.48,12851.24,0.4829,%,return_pct,descriptive_event_window_not_causal,FRED-NASDAQCOM
M05,2023-10-31,BOJ makes 1% a reference bound,BOJ policy,monetary_regime_change,NASDAQCOM,Nasdaq Composite,5d,2023-10-30,2023-11-06,12789.48,13518.78,5.7023,%,return_pct,descriptive_event_window_not_causal,FRED-NASDAQCOM
M05,2023-10-31,BOJ makes 1% a reference bound,BOJ policy,monetary_regime_change,NASDAQCOM,Nasdaq Composite,20d,2023-10-30,2023-11-28,12789.48,14281.76,11.668,%,return_pct,descriptive_event_window_not_causal,FRED-NASDAQCOM
M05,2023-10-31,BOJ makes 1% a reference bound,BOJ policy,monetary_regime_change,NIKKEI225,Nikkei 225,1d,2023-10-30,2023-10-31,30696.96,30858.85,0.5274,%,return_pct,descriptive_event_window_not_causal,FRED-NIKKEI225
M05,2023-10-31,BOJ makes 1% a reference bound,BOJ policy,monetary_regime_change,NIKKEI225,Nikkei 225,5d,2023-10-30,2023-11-07,30696.96,32271.82,5.1303,%,return_pct,descriptive_event_window_not_causal,FRED-NIKKEI225
M05,2023-10-31,BOJ makes 1% a reference bound,BOJ policy,monetary_regime_change,NIKKEI225,Nikkei 225,20d,2023-10-30,2023-11-29,30696.96,33321.22,8.5489,%,return_pct,descriptive_event_window_not_causal,FRED-NIKKEI225
M05,2023-10-31,BOJ makes 1% a reference bound,BOJ policy,monetary_regime_change,VIXCLS,VIX,1d,2023-10-30,2023-10-31,19.75,18.14,-1.61,index points,change,descriptive_event_window_not_causal,FRED-VIXCLS
M05,2023-10-31,BOJ makes 1% a reference bound,BOJ policy,monetary_regime_change,VIXCLS,VIX,5d,2023-10-30,2023-11-06,19.75,14.89,-4.86,index points,change,descriptive_event_window_not_causal,FRED-VIXCLS
M05,2023-10-31,BOJ makes 1% a reference bound,BOJ policy,monetary_regime_change,VIXCLS,VIX,20d,2023-10-30,2023-11-27,19.75,12.69,-7.06,index points,change,descriptive_event_window_not_causal,FRED-VIXCLS
M05,2023-10-31,BOJ makes 1% a reference bound,BOJ policy,monetary_regime_change,DGS10,US 10-year Treasury yield,1d,2023-10-30,2023-10-31,4.88,4.88,0,bp,change_bp,descriptive_event_window_not_causal,FRED-DGS10
M05,2023-10-31,BOJ makes 1% a reference bound,BOJ policy,monetary_regime_change,DGS10,US 10-year Treasury yield,5d,2023-10-30,2023-11-06,4.88,4.67,-21,bp,change_bp,descriptive_event_window_not_causal,FRED-DGS10
M05,2023-10-31,BOJ makes 1% a reference bound,BOJ policy,monetary_regime_change,DGS10,US 10-year Treasury yield,20d,2023-10-30,2023-11-28,4.88,4.34,-54,bp,change_bp,descriptive_event_window_not_causal,FRED-DGS10
M05,2023-10-31,BOJ makes 1% a reference bound,BOJ policy,monetary_regime_change,BAMLH0A0HYM2,US high-yield OAS,1d,2023-10-30,2023-10-31,4.5,4.42,-8,bp,change_bp,descriptive_event_window_not_causal,FRED-BAMLH0A0HYM2
M05,2023-10-31,BOJ makes 1% a reference bound,BOJ policy,monetary_regime_change,BAMLH0A0HYM2,US high-yield OAS,5d,2023-10-30,2023-11-06,4.5,4,-50,bp,change_bp,descriptive_event_window_not_causal,FRED-BAMLH0A0HYM2
M05,2023-10-31,BOJ makes 1% a reference bound,BOJ policy,monetary_regime_change,BAMLH0A0HYM2,US high-yield OAS,20d,2023-10-30,2023-11-27,4.5,3.89,-61,bp,change_bp,descriptive_event_window_not_causal,FRED-BAMLH0A0HYM2
M05,2023-10-31,BOJ makes 1% a reference bound,BOJ policy,monetary_regime_change,DCOILWTICO,WTI crude oil,1d,2023-10-30,2023-10-31,83.03,81.64,-1.6741,%,return_pct,descriptive_event_window_not_causal,FRED-DCOILWTICO
M05,2023-10-31,BOJ makes 1% a reference bound,BOJ policy,monetary_regime_change,DCOILWTICO,WTI crude oil,5d,2023-10-30,2023-11-06,83.03,81.54,-1.7945,%,return_pct,descriptive_event_window_not_causal,FRED-DCOILWTICO
M05,2023-10-31,BOJ makes 1% a reference bound,BOJ policy,monetary_regime_change,DCOILWTICO,WTI crude oil,20d,2023-10-30,2023-11-29,83.03,77.56,-6.588,%,return_pct,descriptive_event_window_not_causal,FRED-DCOILWTICO
M05,2023-10-31,BOJ makes 1% a reference bound,BOJ policy,monetary_regime_change,CBBTCUSD,Bitcoin,1d,2023-10-30,2023-10-31,34485.49,34667.88,0.5289,%,return_pct,descriptive_event_window_not_causal,FRED-CBBTCUSD
M05,2023-10-31,BOJ makes 1% a reference bound,BOJ policy,monetary_regime_change,CBBTCUSD,Bitcoin,5d,2023-10-30,2023-11-04,34485.49,35095,1.7674,%,return_pct,descriptive_event_window_not_causal,FRED-CBBTCUSD
M05,2023-10-31,BOJ makes 1% a reference bound,BOJ policy,monetary_regime_change,CBBTCUSD,Bitcoin,20d,2023-10-30,2023-11-19,34485.49,37392.52,8.4297,%,return_pct,descriptive_event_window_not_causal,FRED-CBBTCUSD
M05,2023-10-31,BOJ makes 1% a reference bound,BOJ policy,monetary_regime_change,DTWEXBGS,Broad US dollar index,1d,2023-10-30,2023-10-31,123.4076,123.8364,0.3475,%,return_pct,descriptive_event_window_not_causal,FRED-DTWEXBGS
M05,2023-10-31,BOJ makes 1% a reference bound,BOJ policy,monetary_regime_change,DTWEXBGS,Broad US dollar index,5d,2023-10-30,2023-11-06,123.4076,121.6484,-1.4255,%,return_pct,descriptive_event_window_not_causal,FRED-DTWEXBGS
M05,2023-10-31,BOJ makes 1% a reference bound,BOJ policy,monetary_regime_change,DTWEXBGS,Broad US dollar index,20d,2023-10-30,2023-11-29,123.4076,119.8159,-2.9104,%,return_pct,descriptive_event_window_not_causal,FRED-DTWEXBGS
M06,2024-03-19,BOJ ends negative-rate and YCC settings,BOJ policy,monetary_regime_change,DEXJPUS,JPY vs USD,1d,2024-03-18,2024-03-19,149.13,150.73,-1.0729,%,local-currency return vs USD,descriptive_event_window_not_causal,FRED-DEXJPUS
M06,2024-03-19,BOJ ends negative-rate and YCC settings,BOJ policy,monetary_regime_change,DEXJPUS,JPY vs USD,5d,2024-03-18,2024-03-25,149.13,151.42,-1.5356,%,local-currency return vs USD,descriptive_event_window_not_causal,FRED-DEXJPUS
M06,2024-03-19,BOJ ends negative-rate and YCC settings,BOJ policy,monetary_regime_change,DEXJPUS,JPY vs USD,20d,2024-03-18,2024-04-15,149.13,154.25,-3.4332,%,local-currency return vs USD,descriptive_event_window_not_causal,FRED-DEXJPUS
M06,2024-03-19,BOJ ends negative-rate and YCC settings,BOJ policy,monetary_regime_change,DEXMXUS,MXN vs USD,1d,2024-03-18,2024-03-19,16.784,16.842,-0.3456,%,local-currency return vs USD,descriptive_event_window_not_causal,FRED-DEXMXUS
M06,2024-03-19,BOJ ends negative-rate and YCC settings,BOJ policy,monetary_regime_change,DEXMXUS,MXN vs USD,5d,2024-03-18,2024-03-25,16.784,16.7097,0.4427,%,local-currency return vs USD,descriptive_event_window_not_causal,FRED-DEXMXUS
M06,2024-03-19,BOJ ends negative-rate and YCC settings,BOJ policy,monetary_regime_change,DEXMXUS,MXN vs USD,20d,2024-03-18,2024-04-15,16.784,16.639,0.8639,%,local-currency return vs USD,descriptive_event_window_not_causal,FRED-DEXMXUS
M06,2024-03-19,BOJ ends negative-rate and YCC settings,BOJ policy,monetary_regime_change,DEXUSAL,AUD vs USD,1d,2024-03-18,2024-03-19,0.6562,0.6528,-0.5181,%,local-currency return vs USD,descriptive_event_window_not_causal,FRED-DEXUSAL
M06,2024-03-19,BOJ ends negative-rate and YCC settings,BOJ policy,monetary_regime_change,DEXUSAL,AUD vs USD,5d,2024-03-18,2024-03-25,0.6562,0.6539,-0.3505,%,local-currency return vs USD,descriptive_event_window_not_causal,FRED-DEXUSAL
M06,2024-03-19,BOJ ends negative-rate and YCC settings,BOJ policy,monetary_regime_change,DEXUSAL,AUD vs USD,20d,2024-03-18,2024-04-15,0.6562,0.6469,-1.4173,%,local-currency return vs USD,descriptive_event_window_not_causal,FRED-DEXUSAL
M06,2024-03-19,BOJ ends negative-rate and YCC settings,BOJ policy,monetary_regime_change,DEXUSNZ,NZD vs USD,1d,2024-03-18,2024-03-19,0.6085,0.605,-0.5752,%,local-currency return vs USD,descriptive_event_window_not_causal,FRED-DEXUSNZ
M06,2024-03-19,BOJ ends negative-rate and YCC settings,BOJ policy,monetary_regime_change,DEXUSNZ,NZD vs USD,5d,2024-03-18,2024-03-25,0.6085,0.6004,-1.3311,%,local-currency return vs USD,descriptive_event_window_not_causal,FRED-DEXUSNZ
M06,2024-03-19,BOJ ends negative-rate and YCC settings,BOJ policy,monetary_regime_change,DEXUSNZ,NZD vs USD,20d,2024-03-18,2024-04-15,0.6085,0.5928,-2.5801,%,local-currency return vs USD,descriptive_event_window_not_causal,FRED-DEXUSNZ
M06,2024-03-19,BOJ ends negative-rate and YCC settings,BOJ policy,monetary_regime_change,DEXBZUS,BRL vs USD,1d,2024-03-18,2024-03-19,5.0194,5.0214,-0.0398,%,local-currency return vs USD,descriptive_event_window_not_causal,FRED-DEXBZUS
M06,2024-03-19,BOJ ends negative-rate and YCC settings,BOJ policy,monetary_regime_change,DEXBZUS,BRL vs USD,5d,2024-03-18,2024-03-25,5.0194,4.9859,0.6674,%,local-currency return vs USD,descriptive_event_window_not_causal,FRED-DEXBZUS
M06,2024-03-19,BOJ ends negative-rate and YCC settings,BOJ policy,monetary_regime_change,DEXBZUS,BRL vs USD,20d,2024-03-18,2024-04-15,5.0194,5.1791,-3.1817,%,local-currency return vs USD,descriptive_event_window_not_causal,FRED-DEXBZUS
M06,2024-03-19,BOJ ends negative-rate and YCC settings,BOJ policy,monetary_regime_change,SP500,S&P 500,1d,2024-03-18,2024-03-19,5149.42,5178.51,0.5649,%,return_pct,descriptive_event_window_not_causal,FRED-SP500
M06,2024-03-19,BOJ ends negative-rate and YCC settings,BOJ policy,monetary_regime_change,SP500,S&P 500,5d,2024-03-18,2024-03-25,5149.42,5218.19,1.3355,%,return_pct,descriptive_event_window_not_causal,FRED-SP500
M06,2024-03-19,BOJ ends negative-rate and YCC settings,BOJ policy,monetary_regime_change,SP500,S&P 500,20d,2024-03-18,2024-04-16,5149.42,5051.41,-1.9033,%,return_pct,descriptive_event_window_not_causal,FRED-SP500
M06,2024-03-19,BOJ ends negative-rate and YCC settings,BOJ policy,monetary_regime_change,NASDAQCOM,Nasdaq Composite,1d,2024-03-18,2024-03-19,16103.45,16166.79,0.3933,%,return_pct,descriptive_event_window_not_causal,FRED-NASDAQCOM
M06,2024-03-19,BOJ ends negative-rate and YCC settings,BOJ policy,monetary_regime_change,NASDAQCOM,Nasdaq Composite,5d,2024-03-18,2024-03-25,16103.45,16384.47,1.7451,%,return_pct,descriptive_event_window_not_causal,FRED-NASDAQCOM
M06,2024-03-19,BOJ ends negative-rate and YCC settings,BOJ policy,monetary_regime_change,NASDAQCOM,Nasdaq Composite,20d,2024-03-18,2024-04-16,16103.45,15865.25,-1.4792,%,return_pct,descriptive_event_window_not_causal,FRED-NASDAQCOM
M06,2024-03-19,BOJ ends negative-rate and YCC settings,BOJ policy,monetary_regime_change,NIKKEI225,Nikkei 225,1d,2024-03-18,2024-03-19,39740.44,40003.6,0.6622,%,return_pct,descriptive_event_window_not_causal,FRED-NIKKEI225
M06,2024-03-19,BOJ ends negative-rate and YCC settings,BOJ policy,monetary_regime_change,NIKKEI225,Nikkei 225,5d,2024-03-18,2024-03-26,39740.44,40398.03,1.6547,%,return_pct,descriptive_event_window_not_causal,FRED-NIKKEI225
M06,2024-03-19,BOJ ends negative-rate and YCC settings,BOJ policy,monetary_regime_change,NIKKEI225,Nikkei 225,20d,2024-03-18,2024-04-16,39740.44,38471.2,-3.1938,%,return_pct,descriptive_event_window_not_causal,FRED-NIKKEI225
M06,2024-03-19,BOJ ends negative-rate and YCC settings,BOJ policy,monetary_regime_change,VIXCLS,VIX,1d,2024-03-18,2024-03-19,14.33,13.82,-0.51,index points,change,descriptive_event_window_not_causal,FRED-VIXCLS
M06,2024-03-19,BOJ ends negative-rate and YCC settings,BOJ policy,monetary_regime_change,VIXCLS,VIX,5d,2024-03-18,2024-03-25,14.33,13.19,-1.14,index points,change,descriptive_event_window_not_causal,FRED-VIXCLS
M06,2024-03-19,BOJ ends negative-rate and YCC settings,BOJ policy,monetary_regime_change,VIXCLS,VIX,20d,2024-03-18,2024-04-16,14.33,18.4,4.07,index points,change,descriptive_event_window_not_causal,FRED-VIXCLS
M06,2024-03-19,BOJ ends negative-rate and YCC settings,BOJ policy,monetary_regime_change,DGS10,US 10-year Treasury yield,1d,2024-03-18,2024-03-19,4.34,4.3,-4,bp,change_bp,descriptive_event_window_not_causal,FRED-DGS10
M06,2024-03-19,BOJ ends negative-rate and YCC settings,BOJ policy,monetary_regime_change,DGS10,US 10-year Treasury yield,5d,2024-03-18,2024-03-25,4.34,4.25,-9,bp,change_bp,descriptive_event_window_not_causal,FRED-DGS10
M06,2024-03-19,BOJ ends negative-rate and YCC settings,BOJ policy,monetary_regime_change,DGS10,US 10-year Treasury yield,20d,2024-03-18,2024-04-16,4.34,4.67,33,bp,change_bp,descriptive_event_window_not_causal,FRED-DGS10
M06,2024-03-19,BOJ ends negative-rate and YCC settings,BOJ policy,monetary_regime_change,BAMLH0A0HYM2,US high-yield OAS,1d,2024-03-18,2024-03-19,3.13,3.1,-3,bp,change_bp,descriptive_event_window_not_causal,FRED-BAMLH0A0HYM2
M06,2024-03-19,BOJ ends negative-rate and YCC settings,BOJ policy,monetary_regime_change,BAMLH0A0HYM2,US high-yield OAS,5d,2024-03-18,2024-03-25,3.13,3.11,-2,bp,change_bp,descriptive_event_window_not_causal,FRED-BAMLH0A0HYM2
M06,2024-03-19,BOJ ends negative-rate and YCC settings,BOJ policy,monetary_regime_change,BAMLH0A0HYM2,US high-yield OAS,20d,2024-03-18,2024-04-15,3.13,3.28,15,bp,change_bp,descriptive_event_window_not_causal,FRED-BAMLH0A0HYM2
M06,2024-03-19,BOJ ends negative-rate and YCC settings,BOJ policy,monetary_regime_change,DCOILWTICO,WTI crude oil,1d,2024-03-18,2024-03-19,83.68,84.39,0.8485,%,return_pct,descriptive_event_window_not_causal,FRED-DCOILWTICO
M06,2024-03-19,BOJ ends negative-rate and YCC settings,BOJ policy,monetary_regime_change,DCOILWTICO,WTI crude oil,5d,2024-03-18,2024-03-25,83.68,82.41,-1.5177,%,return_pct,descriptive_event_window_not_causal,FRED-DCOILWTICO
M06,2024-03-19,BOJ ends negative-rate and YCC settings,BOJ policy,monetary_regime_change,DCOILWTICO,WTI crude oil,20d,2024-03-18,2024-04-16,83.68,86.15,2.9517,%,return_pct,descriptive_event_window_not_causal,FRED-DCOILWTICO
M06,2024-03-19,BOJ ends negative-rate and YCC settings,BOJ policy,monetary_regime_change,CBBTCUSD,Bitcoin,1d,2024-03-18,2024-03-19,67566.95,61977.96,-8.2718,%,return_pct,descriptive_event_window_not_causal,FRED-CBBTCUSD
M06,2024-03-19,BOJ ends negative-rate and YCC settings,BOJ policy,monetary_regime_change,CBBTCUSD,Bitcoin,5d,2024-03-18,2024-03-23,67566.95,64032.45,-5.2311,%,return_pct,descriptive_event_window_not_causal,FRED-CBBTCUSD
M06,2024-03-19,BOJ ends negative-rate and YCC settings,BOJ policy,monetary_regime_change,CBBTCUSD,Bitcoin,20d,2024-03-18,2024-04-07,67566.95,69344.77,2.6312,%,return_pct,descriptive_event_window_not_causal,FRED-CBBTCUSD
M06,2024-03-19,BOJ ends negative-rate and YCC settings,BOJ policy,monetary_regime_change,DTWEXBGS,Broad US dollar index,1d,2024-03-18,2024-03-19,120.5752,120.9332,0.2969,%,return_pct,descriptive_event_window_not_causal,FRED-DTWEXBGS
M06,2024-03-19,BOJ ends negative-rate and YCC settings,BOJ policy,monetary_regime_change,DTWEXBGS,Broad US dollar index,5d,2024-03-18,2024-03-25,120.5752,121.0295,0.3768,%,return_pct,descriptive_event_window_not_causal,FRED-DTWEXBGS
M06,2024-03-19,BOJ ends negative-rate and YCC settings,BOJ policy,monetary_regime_change,DTWEXBGS,Broad US dollar index,20d,2024-03-18,2024-04-15,120.5752,122.425,1.5341,%,return_pct,descriptive_event_window_not_causal,FRED-DTWEXBGS
M07,2024-04-29,MOF yen buying,FX intervention,official_fx_action,DEXJPUS,JPY vs USD,1d,2024-04-26,2024-04-29,157.62,156.71,0.5773,%,local-currency return vs USD,descriptive_event_window_not_causal,FRED-DEXJPUS
M07,2024-04-29,MOF yen buying,FX intervention,official_fx_action,DEXJPUS,JPY vs USD,5d,2024-04-26,2024-05-03,157.62,152.85,3.0263,%,local-currency return vs USD,descriptive_event_window_not_causal,FRED-DEXJPUS
M07,2024-04-29,MOF yen buying,FX intervention,official_fx_action,DEXJPUS,JPY vs USD,20d,2024-04-26,2024-05-24,157.62,156.9,0.4568,%,local-currency return vs USD,descriptive_event_window_not_causal,FRED-DEXJPUS
M07,2024-04-29,MOF yen buying,FX intervention,official_fx_action,DEXMXUS,MXN vs USD,1d,2024-04-26,2024-04-29,17.1436,17.0137,0.7577,%,local-currency return vs USD,descriptive_event_window_not_causal,FRED-DEXMXUS
M07,2024-04-29,MOF yen buying,FX intervention,official_fx_action,DEXMXUS,MXN vs USD,5d,2024-04-26,2024-05-03,17.1436,17.032,0.651,%,local-currency return vs USD,descriptive_event_window_not_causal,FRED-DEXMXUS
M07,2024-04-29,MOF yen buying,FX intervention,official_fx_action,DEXMXUS,MXN vs USD,20d,2024-04-26,2024-05-24,17.1436,16.6813,2.6966,%,local-currency return vs USD,descriptive_event_window_not_causal,FRED-DEXMXUS
M07,2024-04-29,MOF yen buying,FX intervention,official_fx_action,DEXUSAL,AUD vs USD,1d,2024-04-26,2024-04-29,0.6528,0.6565,0.5668,%,local-currency return vs USD,descriptive_event_window_not_causal,FRED-DEXUSAL
M07,2024-04-29,MOF yen buying,FX intervention,official_fx_action,DEXUSAL,AUD vs USD,5d,2024-04-26,2024-05-03,0.6528,0.6616,1.348,%,local-currency return vs USD,descriptive_event_window_not_causal,FRED-DEXUSAL
M07,2024-04-29,MOF yen buying,FX intervention,official_fx_action,DEXUSAL,AUD vs USD,20d,2024-04-26,2024-05-24,0.6528,0.6629,1.5472,%,local-currency return vs USD,descriptive_event_window_not_causal,FRED-DEXUSAL
M07,2024-04-29,MOF yen buying,FX intervention,official_fx_action,DEXUSNZ,NZD vs USD,1d,2024-04-26,2024-04-29,0.594,0.5974,0.5724,%,local-currency return vs USD,descriptive_event_window_not_causal,FRED-DEXUSNZ
M07,2024-04-29,MOF yen buying,FX intervention,official_fx_action,DEXUSNZ,NZD vs USD,5d,2024-04-26,2024-05-03,0.594,0.6021,1.3636,%,local-currency return vs USD,descriptive_event_window_not_causal,FRED-DEXUSNZ
M07,2024-04-29,MOF yen buying,FX intervention,official_fx_action,DEXUSNZ,NZD vs USD,20d,2024-04-26,2024-05-24,0.594,0.6121,3.0471,%,local-currency return vs USD,descriptive_event_window_not_causal,FRED-DEXUSNZ
M07,2024-04-29,MOF yen buying,FX intervention,official_fx_action,DEXBZUS,BRL vs USD,1d,2024-04-26,2024-04-29,5.1143,5.1169,-0.0508,%,local-currency return vs USD,descriptive_event_window_not_causal,FRED-DEXBZUS
M07,2024-04-29,MOF yen buying,FX intervention,official_fx_action,DEXBZUS,BRL vs USD,5d,2024-04-26,2024-05-03,5.1143,5.072,0.8271,%,local-currency return vs USD,descriptive_event_window_not_causal,FRED-DEXBZUS
M07,2024-04-29,MOF yen buying,FX intervention,official_fx_action,DEXBZUS,BRL vs USD,20d,2024-04-26,2024-05-24,5.1143,5.1491,-0.6804,%,local-currency return vs USD,descriptive_event_window_not_causal,FRED-DEXBZUS
M07,2024-04-29,MOF yen buying,FX intervention,official_fx_action,SP500,S&P 500,1d,2024-04-26,2024-04-29,5099.96,5116.17,0.3178,%,return_pct,descriptive_event_window_not_causal,FRED-SP500
M07,2024-04-29,MOF yen buying,FX intervention,official_fx_action,SP500,S&P 500,5d,2024-04-26,2024-05-03,5099.96,5127.79,0.5457,%,return_pct,descriptive_event_window_not_causal,FRED-SP500
M07,2024-04-29,MOF yen buying,FX intervention,official_fx_action,SP500,S&P 500,20d,2024-04-26,2024-05-24,5099.96,5304.72,4.0149,%,return_pct,descriptive_event_window_not_causal,FRED-SP500
M07,2024-04-29,MOF yen buying,FX intervention,official_fx_action,NASDAQCOM,Nasdaq Composite,1d,2024-04-26,2024-04-29,15927.9,15983.08,0.3464,%,return_pct,descriptive_event_window_not_causal,FRED-NASDAQCOM
M07,2024-04-29,MOF yen buying,FX intervention,official_fx_action,NASDAQCOM,Nasdaq Composite,5d,2024-04-26,2024-05-03,15927.9,16156.33,1.4342,%,return_pct,descriptive_event_window_not_causal,FRED-NASDAQCOM
M07,2024-04-29,MOF yen buying,FX intervention,official_fx_action,NASDAQCOM,Nasdaq Composite,20d,2024-04-26,2024-05-24,15927.9,16920.79,6.2337,%,return_pct,descriptive_event_window_not_causal,FRED-NASDAQCOM
M07,2024-04-29,MOF yen buying,FX intervention,official_fx_action,NIKKEI225,Nikkei 225,1d,2024-04-26,2024-04-30,37934.76,38405.66,1.2413,%,return_pct,descriptive_event_window_not_causal,FRED-NIKKEI225
M07,2024-04-29,MOF yen buying,FX intervention,official_fx_action,NIKKEI225,Nikkei 225,5d,2024-04-26,2024-05-08,37934.76,38202.37,0.7054,%,return_pct,descriptive_event_window_not_causal,FRED-NIKKEI225
M07,2024-04-29,MOF yen buying,FX intervention,official_fx_action,NIKKEI225,Nikkei 225,20d,2024-04-26,2024-05-29,37934.76,38556.87,1.6399,%,return_pct,descriptive_event_window_not_causal,FRED-NIKKEI225
M07,2024-04-29,MOF yen buying,FX intervention,official_fx_action,VIXCLS,VIX,1d,2024-04-26,2024-04-29,15.03,14.67,-0.36,index points,change,descriptive_event_window_not_causal,FRED-VIXCLS
M07,2024-04-29,MOF yen buying,FX intervention,official_fx_action,VIXCLS,VIX,5d,2024-04-26,2024-05-03,15.03,13.49,-1.54,index points,change,descriptive_event_window_not_causal,FRED-VIXCLS
M07,2024-04-29,MOF yen buying,FX intervention,official_fx_action,VIXCLS,VIX,20d,2024-04-26,2024-05-24,15.03,11.93,-3.1,index points,change,descriptive_event_window_not_causal,FRED-VIXCLS
M07,2024-04-29,MOF yen buying,FX intervention,official_fx_action,DGS10,US 10-year Treasury yield,1d,2024-04-26,2024-04-29,4.67,4.63,-4,bp,change_bp,descriptive_event_window_not_causal,FRED-DGS10
M07,2024-04-29,MOF yen buying,FX intervention,official_fx_action,DGS10,US 10-year Treasury yield,5d,2024-04-26,2024-05-03,4.67,4.5,-17,bp,change_bp,descriptive_event_window_not_causal,FRED-DGS10
M07,2024-04-29,MOF yen buying,FX intervention,official_fx_action,DGS10,US 10-year Treasury yield,20d,2024-04-26,2024-05-24,4.67,4.46,-21,bp,change_bp,descriptive_event_window_not_causal,FRED-DGS10
M07,2024-04-29,MOF yen buying,FX intervention,official_fx_action,BAMLH0A0HYM2,US high-yield OAS,1d,2024-04-26,2024-04-29,3.16,3.12,-4,bp,change_bp,descriptive_event_window_not_causal,FRED-BAMLH0A0HYM2
M07,2024-04-29,MOF yen buying,FX intervention,official_fx_action,BAMLH0A0HYM2,US high-yield OAS,5d,2024-04-26,2024-05-03,3.16,3.08,-8,bp,change_bp,descriptive_event_window_not_causal,FRED-BAMLH0A0HYM2
M07,2024-04-29,MOF yen buying,FX intervention,official_fx_action,BAMLH0A0HYM2,US high-yield OAS,20d,2024-04-26,2024-05-24,3.16,3.11,-5,bp,change_bp,descriptive_event_window_not_causal,FRED-BAMLH0A0HYM2
M07,2024-04-29,MOF yen buying,FX intervention,official_fx_action,DCOILWTICO,WTI crude oil,1d,2024-04-26,2024-04-29,85.38,84.26,-1.3118,%,return_pct,descriptive_event_window_not_causal,FRED-DCOILWTICO
M07,2024-04-29,MOF yen buying,FX intervention,official_fx_action,DCOILWTICO,WTI crude oil,5d,2024-04-26,2024-05-03,85.38,79.65,-6.7112,%,return_pct,descriptive_event_window_not_causal,FRED-DCOILWTICO
M07,2024-04-29,MOF yen buying,FX intervention,official_fx_action,DCOILWTICO,WTI crude oil,20d,2024-04-26,2024-05-24,85.38,78.48,-8.0815,%,return_pct,descriptive_event_window_not_causal,FRED-DCOILWTICO
M07,2024-04-29,MOF yen buying,FX intervention,official_fx_action,CBBTCUSD,Bitcoin,1d,2024-04-28,2024-04-29,62991.27,63804.4,1.2909,%,return_pct,descriptive_event_window_not_causal,FRED-CBBTCUSD
M07,2024-04-29,MOF yen buying,FX intervention,official_fx_action,CBBTCUSD,Bitcoin,5d,2024-04-28,2024-05-03,62991.27,62855.86,-0.215,%,return_pct,descriptive_event_window_not_causal,FRED-CBBTCUSD
M07,2024-04-29,MOF yen buying,FX intervention,official_fx_action,CBBTCUSD,Bitcoin,20d,2024-04-28,2024-05-18,62991.27,66982.74,6.3365,%,return_pct,descriptive_event_window_not_causal,FRED-CBBTCUSD
M07,2024-04-29,MOF yen buying,FX intervention,official_fx_action,DTWEXBGS,Broad US dollar index,1d,2024-04-26,2024-04-29,122.9471,122.5449,-0.3271,%,return_pct,descriptive_event_window_not_causal,FRED-DTWEXBGS
M07,2024-04-29,MOF yen buying,FX intervention,official_fx_action,DTWEXBGS,Broad US dollar index,5d,2024-04-26,2024-05-03,122.9471,122.1375,-0.6585,%,return_pct,descriptive_event_window_not_causal,FRED-DTWEXBGS
M07,2024-04-29,MOF yen buying,FX intervention,official_fx_action,DTWEXBGS,Broad US dollar index,20d,2024-04-26,2024-05-24,122.9471,121.6172,-1.0817,%,return_pct,descriptive_event_window_not_causal,FRED-DTWEXBGS
M08,2024-05-01,MOF yen buying,FX intervention,official_fx_action,DEXJPUS,JPY vs USD,1d,2024-04-30,2024-05-01,157.54,157.65,-0.0698,%,local-currency return vs USD,descriptive_event_window_not_causal,FRED-DEXJPUS
M08,2024-05-01,MOF yen buying,FX intervention,official_fx_action,DEXJPUS,JPY vs USD,5d,2024-04-30,2024-05-07,157.54,154.59,1.8725,%,local-currency return vs USD,descriptive_event_window_not_causal,FRED-DEXJPUS
M08,2024-05-01,MOF yen buying,FX intervention,official_fx_action,DEXJPUS,JPY vs USD,20d,2024-04-30,2024-05-29,157.54,157.62,-0.0508,%,local-currency return vs USD,descriptive_event_window_not_causal,FRED-DEXJPUS
M08,2024-05-01,MOF yen buying,FX intervention,official_fx_action,DEXMXUS,MXN vs USD,1d,2024-04-30,2024-05-01,17.0642,17.0204,0.2567,%,local-currency return vs USD,descriptive_event_window_not_causal,FRED-DEXMXUS
M08,2024-05-01,MOF yen buying,FX intervention,official_fx_action,DEXMXUS,MXN vs USD,5d,2024-04-30,2024-05-07,17.0642,16.908,0.9154,%,local-currency return vs USD,descriptive_event_window_not_causal,FRED-DEXMXUS
M08,2024-05-01,MOF yen buying,FX intervention,official_fx_action,DEXMXUS,MXN vs USD,20d,2024-04-30,2024-05-29,17.0642,16.937,0.7454,%,local-currency return vs USD,descriptive_event_window_not_causal,FRED-DEXMXUS
M08,2024-05-01,MOF yen buying,FX intervention,official_fx_action,DEXUSAL,AUD vs USD,1d,2024-04-30,2024-05-01,0.649,0.6496,0.0924,%,local-currency return vs USD,descriptive_event_window_not_causal,FRED-DEXUSAL
M08,2024-05-01,MOF yen buying,FX intervention,official_fx_action,DEXUSAL,AUD vs USD,5d,2024-04-30,2024-05-07,0.649,0.6608,1.8182,%,local-currency return vs USD,descriptive_event_window_not_causal,FRED-DEXUSAL
M08,2024-05-01,MOF yen buying,FX intervention,official_fx_action,DEXUSAL,AUD vs USD,20d,2024-04-30,2024-05-29,0.649,0.6619,1.9877,%,local-currency return vs USD,descriptive_event_window_not_causal,FRED-DEXUSAL
M08,2024-05-01,MOF yen buying,FX intervention,official_fx_action,DEXUSNZ,NZD vs USD,1d,2024-04-30,2024-05-01,0.5912,0.5903,-0.1522,%,local-currency return vs USD,descriptive_event_window_not_causal,FRED-DEXUSNZ
M08,2024-05-01,MOF yen buying,FX intervention,official_fx_action,DEXUSNZ,NZD vs USD,5d,2024-04-30,2024-05-07,0.5912,0.6012,1.6915,%,local-currency return vs USD,descriptive_event_window_not_causal,FRED-DEXUSNZ
M08,2024-05-01,MOF yen buying,FX intervention,official_fx_action,DEXUSNZ,NZD vs USD,20d,2024-04-30,2024-05-29,0.5912,0.6118,3.4844,%,local-currency return vs USD,descriptive_event_window_not_causal,FRED-DEXUSNZ
M08,2024-05-01,MOF yen buying,FX intervention,official_fx_action,DEXBZUS,BRL vs USD,1d,2024-04-30,2024-05-01,5.1764,5.1936,-0.3323,%,local-currency return vs USD,descriptive_event_window_not_causal,FRED-DEXBZUS
M08,2024-05-01,MOF yen buying,FX intervention,official_fx_action,DEXBZUS,BRL vs USD,5d,2024-04-30,2024-05-07,5.1764,5.0656,2.1405,%,local-currency return vs USD,descriptive_event_window_not_causal,FRED-DEXBZUS
M08,2024-05-01,MOF yen buying,FX intervention,official_fx_action,DEXBZUS,BRL vs USD,20d,2024-04-30,2024-05-29,5.1764,5.203,-0.5139,%,local-currency return vs USD,descriptive_event_window_not_causal,FRED-DEXBZUS
M08,2024-05-01,MOF yen buying,FX intervention,official_fx_action,SP500,S&P 500,1d,2024-04-30,2024-05-01,5035.69,5018.39,-0.3435,%,return_pct,descriptive_event_window_not_causal,FRED-SP500
M08,2024-05-01,MOF yen buying,FX intervention,official_fx_action,SP500,S&P 500,5d,2024-04-30,2024-05-07,5035.69,5187.7,3.0187,%,return_pct,descriptive_event_window_not_causal,FRED-SP500
M08,2024-05-01,MOF yen buying,FX intervention,official_fx_action,SP500,S&P 500,20d,2024-04-30,2024-05-29,5035.69,5266.95,4.5924,%,return_pct,descriptive_event_window_not_causal,FRED-SP500
M08,2024-05-01,MOF yen buying,FX intervention,official_fx_action,NASDAQCOM,Nasdaq Composite,1d,2024-04-30,2024-05-01,15657.82,15605.48,-0.3343,%,return_pct,descriptive_event_window_not_causal,FRED-NASDAQCOM
M08,2024-05-01,MOF yen buying,FX intervention,official_fx_action,NASDAQCOM,Nasdaq Composite,5d,2024-04-30,2024-05-07,15657.82,16332.56,4.3093,%,return_pct,descriptive_event_window_not_causal,FRED-NASDAQCOM
M08,2024-05-01,MOF yen buying,FX intervention,official_fx_action,NASDAQCOM,Nasdaq Composite,20d,2024-04-30,2024-05-29,15657.82,16920.58,8.0647,%,return_pct,descriptive_event_window_not_causal,FRED-NASDAQCOM
M08,2024-05-01,MOF yen buying,FX intervention,official_fx_action,NIKKEI225,Nikkei 225,1d,2024-04-30,2024-05-01,38405.66,38274.05,-0.3427,%,return_pct,descriptive_event_window_not_causal,FRED-NIKKEI225
M08,2024-05-01,MOF yen buying,FX intervention,official_fx_action,NIKKEI225,Nikkei 225,5d,2024-04-30,2024-05-09,38405.66,38073.98,-0.8636,%,return_pct,descriptive_event_window_not_causal,FRED-NIKKEI225
M08,2024-05-01,MOF yen buying,FX intervention,official_fx_action,NIKKEI225,Nikkei 225,20d,2024-04-30,2024-05-30,38405.66,38054.13,-0.9153,%,return_pct,descriptive_event_window_not_causal,FRED-NIKKEI225
M08,2024-05-01,MOF yen buying,FX intervention,official_fx_action,VIXCLS,VIX,1d,2024-04-30,2024-05-01,15.65,15.39,-0.26,index points,change,descriptive_event_window_not_causal,FRED-VIXCLS
M08,2024-05-01,MOF yen buying,FX intervention,official_fx_action,VIXCLS,VIX,5d,2024-04-30,2024-05-07,15.65,13.23,-2.42,index points,change,descriptive_event_window_not_causal,FRED-VIXCLS
M08,2024-05-01,MOF yen buying,FX intervention,official_fx_action,VIXCLS,VIX,20d,2024-04-30,2024-05-28,15.65,12.92,-2.73,index points,change,descriptive_event_window_not_causal,FRED-VIXCLS
M08,2024-05-01,MOF yen buying,FX intervention,official_fx_action,DGS10,US 10-year Treasury yield,1d,2024-04-30,2024-05-01,4.69,4.63,-6,bp,change_bp,descriptive_event_window_not_causal,FRED-DGS10
M08,2024-05-01,MOF yen buying,FX intervention,official_fx_action,DGS10,US 10-year Treasury yield,5d,2024-04-30,2024-05-07,4.69,4.47,-22,bp,change_bp,descriptive_event_window_not_causal,FRED-DGS10
M08,2024-05-01,MOF yen buying,FX intervention,official_fx_action,DGS10,US 10-year Treasury yield,20d,2024-04-30,2024-05-29,4.69,4.61,-8,bp,change_bp,descriptive_event_window_not_causal,FRED-DGS10
M08,2024-05-01,MOF yen buying,FX intervention,official_fx_action,BAMLH0A0HYM2,US high-yield OAS,1d,2024-04-30,2024-05-01,3.18,3.21,3,bp,change_bp,descriptive_event_window_not_causal,FRED-BAMLH0A0HYM2
M08,2024-05-01,MOF yen buying,FX intervention,official_fx_action,BAMLH0A0HYM2,US high-yield OAS,5d,2024-04-30,2024-05-07,3.18,3.06,-12,bp,change_bp,descriptive_event_window_not_causal,FRED-BAMLH0A0HYM2
M08,2024-05-01,MOF yen buying,FX intervention,official_fx_action,BAMLH0A0HYM2,US high-yield OAS,20d,2024-04-30,2024-05-28,3.18,3.09,-9,bp,change_bp,descriptive_event_window_not_causal,FRED-BAMLH0A0HYM2
M08,2024-05-01,MOF yen buying,FX intervention,official_fx_action,DCOILWTICO,WTI crude oil,1d,2024-04-30,2024-05-01,83.49,80.7,-3.3417,%,return_pct,descriptive_event_window_not_causal,FRED-DCOILWTICO
M08,2024-05-01,MOF yen buying,FX intervention,official_fx_action,DCOILWTICO,WTI crude oil,5d,2024-04-30,2024-05-07,83.49,79.97,-4.2161,%,return_pct,descriptive_event_window_not_causal,FRED-DCOILWTICO
M08,2024-05-01,MOF yen buying,FX intervention,official_fx_action,DCOILWTICO,WTI crude oil,20d,2024-04-30,2024-05-29,83.49,80.24,-3.8927,%,return_pct,descriptive_event_window_not_causal,FRED-DCOILWTICO
M08,2024-05-01,MOF yen buying,FX intervention,official_fx_action,CBBTCUSD,Bitcoin,1d,2024-04-30,2024-05-01,60690.8,58278.09,-3.9754,%,return_pct,descriptive_event_window_not_causal,FRED-CBBTCUSD
M08,2024-05-01,MOF yen buying,FX intervention,official_fx_action,CBBTCUSD,Bitcoin,5d,2024-04-30,2024-05-05,60690.8,64058.54,5.549,%,return_pct,descriptive_event_window_not_causal,FRED-CBBTCUSD
M08,2024-05-01,MOF yen buying,FX intervention,official_fx_action,CBBTCUSD,Bitcoin,20d,2024-04-30,2024-05-20,60690.8,71466.21,17.7546,%,return_pct,descriptive_event_window_not_causal,FRED-CBBTCUSD
M08,2024-05-01,MOF yen buying,FX intervention,official_fx_action,DTWEXBGS,Broad US dollar index,1d,2024-04-30,2024-05-01,122.9853,123.0168,0.0256,%,return_pct,descriptive_event_window_not_causal,FRED-DTWEXBGS
M08,2024-05-01,MOF yen buying,FX intervention,official_fx_action,DTWEXBGS,Broad US dollar index,5d,2024-04-30,2024-05-07,122.9853,122.093,-0.7255,%,return_pct,descriptive_event_window_not_causal,FRED-DTWEXBGS
M08,2024-05-01,MOF yen buying,FX intervention,official_fx_action,DTWEXBGS,Broad US dollar index,20d,2024-04-30,2024-05-29,122.9853,122.1641,-0.6677,%,return_pct,descriptive_event_window_not_causal,FRED-DTWEXBGS
M09,2024-07-11,MOF yen buying,FX intervention,official_fx_action,DEXJPUS,JPY vs USD,1d,2024-07-10,2024-07-11,161.73,158.58,1.9477,%,local-currency return vs USD,descriptive_event_window_not_causal,FRED-DEXJPUS
M09,2024-07-11,MOF yen buying,FX intervention,official_fx_action,DEXJPUS,JPY vs USD,5d,2024-07-10,2024-07-17,161.73,156.56,3.1967,%,local-currency return vs USD,descriptive_event_window_not_causal,FRED-DEXJPUS
M09,2024-07-11,MOF yen buying,FX intervention,official_fx_action,DEXJPUS,JPY vs USD,20d,2024-07-10,2024-08-07,161.73,147.42,8.8481,%,local-currency return vs USD,descriptive_event_window_not_causal,FRED-DEXJPUS
M09,2024-07-11,MOF yen buying,FX intervention,official_fx_action,DEXMXUS,MXN vs USD,1d,2024-07-10,2024-07-11,17.8331,17.8318,0.0073,%,local-currency return vs USD,descriptive_event_window_not_causal,FRED-DEXMXUS
M09,2024-07-11,MOF yen buying,FX intervention,official_fx_action,DEXMXUS,MXN vs USD,5d,2024-07-10,2024-07-17,17.8331,17.7487,0.4733,%,local-currency return vs USD,descriptive_event_window_not_causal,FRED-DEXMXUS
M09,2024-07-11,MOF yen buying,FX intervention,official_fx_action,DEXMXUS,MXN vs USD,20d,2024-07-10,2024-08-07,17.8331,19.1741,-7.5197,%,local-currency return vs USD,descriptive_event_window_not_causal,FRED-DEXMXUS
M09,2024-07-11,MOF yen buying,FX intervention,official_fx_action,DEXUSAL,AUD vs USD,1d,2024-07-10,2024-07-11,0.6747,0.6776,0.4298,%,local-currency return vs USD,descriptive_event_window_not_causal,FRED-DEXUSAL
M09,2024-07-11,MOF yen buying,FX intervention,official_fx_action,DEXUSAL,AUD vs USD,5d,2024-07-10,2024-07-17,0.6747,0.6728,-0.2816,%,local-currency return vs USD,descriptive_event_window_not_causal,FRED-DEXUSAL
M09,2024-07-11,MOF yen buying,FX intervention,official_fx_action,DEXUSAL,AUD vs USD,20d,2024-07-10,2024-08-07,0.6747,0.6552,-2.8902,%,local-currency return vs USD,descriptive_event_window_not_causal,FRED-DEXUSAL
M09,2024-07-11,MOF yen buying,FX intervention,official_fx_action,DEXUSNZ,NZD vs USD,1d,2024-07-10,2024-07-11,0.6083,0.6113,0.4932,%,local-currency return vs USD,descriptive_event_window_not_causal,FRED-DEXUSNZ
M09,2024-07-11,MOF yen buying,FX intervention,official_fx_action,DEXUSNZ,NZD vs USD,5d,2024-07-10,2024-07-17,0.6083,0.6073,-0.1644,%,local-currency return vs USD,descriptive_event_window_not_causal,FRED-DEXUSNZ
M09,2024-07-11,MOF yen buying,FX intervention,official_fx_action,DEXUSNZ,NZD vs USD,20d,2024-07-10,2024-08-07,0.6083,0.6015,-1.1179,%,local-currency return vs USD,descriptive_event_window_not_causal,FRED-DEXUSNZ
M09,2024-07-11,MOF yen buying,FX intervention,official_fx_action,DEXBZUS,BRL vs USD,1d,2024-07-10,2024-07-11,5.403,5.4265,-0.4349,%,local-currency return vs USD,descriptive_event_window_not_causal,FRED-DEXBZUS
M09,2024-07-11,MOF yen buying,FX intervention,official_fx_action,DEXBZUS,BRL vs USD,5d,2024-07-10,2024-07-17,5.403,5.4769,-1.3678,%,local-currency return vs USD,descriptive_event_window_not_causal,FRED-DEXBZUS
M09,2024-07-11,MOF yen buying,FX intervention,official_fx_action,DEXBZUS,BRL vs USD,20d,2024-07-10,2024-08-07,5.403,5.6,-3.6461,%,local-currency return vs USD,descriptive_event_window_not_causal,FRED-DEXBZUS
M09,2024-07-11,MOF yen buying,FX intervention,official_fx_action,SP500,S&P 500,1d,2024-07-10,2024-07-11,5633.91,5584.54,-0.8763,%,return_pct,descriptive_event_window_not_causal,FRED-SP500
M09,2024-07-11,MOF yen buying,FX intervention,official_fx_action,SP500,S&P 500,5d,2024-07-10,2024-07-17,5633.91,5588.27,-0.8101,%,return_pct,descriptive_event_window_not_causal,FRED-SP500
M09,2024-07-11,MOF yen buying,FX intervention,official_fx_action,SP500,S&P 500,20d,2024-07-10,2024-08-07,5633.91,5199.5,-7.7106,%,return_pct,descriptive_event_window_not_causal,FRED-SP500
M09,2024-07-11,MOF yen buying,FX intervention,official_fx_action,NASDAQCOM,Nasdaq Composite,1d,2024-07-10,2024-07-11,18647.45,18283.41,-1.9522,%,return_pct,descriptive_event_window_not_causal,FRED-NASDAQCOM
M09,2024-07-11,MOF yen buying,FX intervention,official_fx_action,NASDAQCOM,Nasdaq Composite,5d,2024-07-10,2024-07-17,18647.45,17996.92,-3.4886,%,return_pct,descriptive_event_window_not_causal,FRED-NASDAQCOM
M09,2024-07-11,MOF yen buying,FX intervention,official_fx_action,NASDAQCOM,Nasdaq Composite,20d,2024-07-10,2024-08-07,18647.45,16195.81,-13.1473,%,return_pct,descriptive_event_window_not_causal,FRED-NASDAQCOM
M09,2024-07-11,MOF yen buying,FX intervention,official_fx_action,NIKKEI225,Nikkei 225,1d,2024-07-10,2024-07-11,41831.99,42224.02,0.9372,%,return_pct,descriptive_event_window_not_causal,FRED-NIKKEI225
M09,2024-07-11,MOF yen buying,FX intervention,official_fx_action,NIKKEI225,Nikkei 225,5d,2024-07-10,2024-07-18,41831.99,40126.35,-4.0774,%,return_pct,descriptive_event_window_not_causal,FRED-NIKKEI225
M09,2024-07-11,MOF yen buying,FX intervention,official_fx_action,NIKKEI225,Nikkei 225,20d,2024-07-10,2024-08-08,41831.99,34831.15,-16.7356,%,return_pct,descriptive_event_window_not_causal,FRED-NIKKEI225
M09,2024-07-11,MOF yen buying,FX intervention,official_fx_action,VIXCLS,VIX,1d,2024-07-10,2024-07-11,12.85,12.92,0.07,index points,change,descriptive_event_window_not_causal,FRED-VIXCLS
M09,2024-07-11,MOF yen buying,FX intervention,official_fx_action,VIXCLS,VIX,5d,2024-07-10,2024-07-17,12.85,14.48,1.63,index points,change,descriptive_event_window_not_causal,FRED-VIXCLS
M09,2024-07-11,MOF yen buying,FX intervention,official_fx_action,VIXCLS,VIX,20d,2024-07-10,2024-08-07,12.85,27.85,15,index points,change,descriptive_event_window_not_causal,FRED-VIXCLS
M09,2024-07-11,MOF yen buying,FX intervention,official_fx_action,DGS10,US 10-year Treasury yield,1d,2024-07-10,2024-07-11,4.28,4.2,-8,bp,change_bp,descriptive_event_window_not_causal,FRED-DGS10
M09,2024-07-11,MOF yen buying,FX intervention,official_fx_action,DGS10,US 10-year Treasury yield,5d,2024-07-10,2024-07-17,4.28,4.16,-12,bp,change_bp,descriptive_event_window_not_causal,FRED-DGS10
M09,2024-07-11,MOF yen buying,FX intervention,official_fx_action,DGS10,US 10-year Treasury yield,20d,2024-07-10,2024-08-07,4.28,3.96,-32,bp,change_bp,descriptive_event_window_not_causal,FRED-DGS10
M09,2024-07-11,MOF yen buying,FX intervention,official_fx_action,BAMLH0A0HYM2,US high-yield OAS,1d,2024-07-10,2024-07-11,3.17,3.18,1,bp,change_bp,descriptive_event_window_not_causal,FRED-BAMLH0A0HYM2
M09,2024-07-11,MOF yen buying,FX intervention,official_fx_action,BAMLH0A0HYM2,US high-yield OAS,5d,2024-07-10,2024-07-17,3.17,3.09,-8,bp,change_bp,descriptive_event_window_not_causal,FRED-BAMLH0A0HYM2
M09,2024-07-11,MOF yen buying,FX intervention,official_fx_action,BAMLH0A0HYM2,US high-yield OAS,20d,2024-07-10,2024-08-07,3.17,3.57,40,bp,change_bp,descriptive_event_window_not_causal,FRED-BAMLH0A0HYM2
M09,2024-07-11,MOF yen buying,FX intervention,official_fx_action,DCOILWTICO,WTI crude oil,1d,2024-07-10,2024-07-11,83.39,83.92,0.6356,%,return_pct,descriptive_event_window_not_causal,FRED-DCOILWTICO
M09,2024-07-11,MOF yen buying,FX intervention,official_fx_action,DCOILWTICO,WTI crude oil,5d,2024-07-10,2024-07-17,83.39,84.16,0.9234,%,return_pct,descriptive_event_window_not_causal,FRED-DCOILWTICO
M09,2024-07-11,MOF yen buying,FX intervention,official_fx_action,DCOILWTICO,WTI crude oil,20d,2024-07-10,2024-08-07,83.39,76.68,-8.0465,%,return_pct,descriptive_event_window_not_causal,FRED-DCOILWTICO
M09,2024-07-11,MOF yen buying,FX intervention,official_fx_action,CBBTCUSD,Bitcoin,1d,2024-07-10,2024-07-11,57653.32,57384.82,-0.4657,%,return_pct,descriptive_event_window_not_causal,FRED-CBBTCUSD
M09,2024-07-11,MOF yen buying,FX intervention,official_fx_action,CBBTCUSD,Bitcoin,5d,2024-07-10,2024-07-15,57653.32,64772.57,12.3484,%,return_pct,descriptive_event_window_not_causal,FRED-CBBTCUSD
M09,2024-07-11,MOF yen buying,FX intervention,official_fx_action,CBBTCUSD,Bitcoin,20d,2024-07-10,2024-07-30,57653.32,66200.81,14.8257,%,return_pct,descriptive_event_window_not_causal,FRED-CBBTCUSD
M09,2024-07-11,MOF yen buying,FX intervention,official_fx_action,DTWEXBGS,Broad US dollar index,1d,2024-07-10,2024-07-11,123.1895,122.769,-0.3413,%,return_pct,descriptive_event_window_not_causal,FRED-DTWEXBGS
M09,2024-07-11,MOF yen buying,FX intervention,official_fx_action,DTWEXBGS,Broad US dollar index,5d,2024-07-10,2024-07-17,123.1895,122.518,-0.5451,%,return_pct,descriptive_event_window_not_causal,FRED-DTWEXBGS
M09,2024-07-11,MOF yen buying,FX intervention,official_fx_action,DTWEXBGS,Broad US dollar index,20d,2024-07-10,2024-08-07,123.1895,123.5698,0.3087,%,return_pct,descriptive_event_window_not_causal,FRED-DTWEXBGS
M10,2024-07-12,MOF yen buying,FX intervention,official_fx_action,DEXJPUS,JPY vs USD,1d,2024-07-11,2024-07-12,158.58,157.88,0.4414,%,local-currency return vs USD,descriptive_event_window_not_causal,FRED-DEXJPUS
M10,2024-07-12,MOF yen buying,FX intervention,official_fx_action,DEXJPUS,JPY vs USD,5d,2024-07-11,2024-07-18,158.58,156.97,1.0153,%,local-currency return vs USD,descriptive_event_window_not_causal,FRED-DEXJPUS
M10,2024-07-12,MOF yen buying,FX intervention,official_fx_action,DEXJPUS,JPY vs USD,20d,2024-07-11,2024-08-08,158.58,147.08,7.2519,%,local-currency return vs USD,descriptive_event_window_not_causal,FRED-DEXJPUS
M10,2024-07-12,MOF yen buying,FX intervention,official_fx_action,DEXMXUS,MXN vs USD,1d,2024-07-11,2024-07-12,17.8318,17.653,1.0027,%,local-currency return vs USD,descriptive_event_window_not_causal,FRED-DEXMXUS
M10,2024-07-12,MOF yen buying,FX intervention,official_fx_action,DEXMXUS,MXN vs USD,5d,2024-07-11,2024-07-18,17.8318,17.8452,-0.0751,%,local-currency return vs USD,descriptive_event_window_not_causal,FRED-DEXMXUS
M10,2024-07-12,MOF yen buying,FX intervention,official_fx_action,DEXMXUS,MXN vs USD,20d,2024-07-11,2024-08-08,17.8318,19.113,-7.1849,%,local-currency return vs USD,descriptive_event_window_not_causal,FRED-DEXMXUS
M10,2024-07-12,MOF yen buying,FX intervention,official_fx_action,DEXUSAL,AUD vs USD,1d,2024-07-11,2024-07-12,0.6776,0.6788,0.1771,%,local-currency return vs USD,descriptive_event_window_not_causal,FRED-DEXUSAL
M10,2024-07-12,MOF yen buying,FX intervention,official_fx_action,DEXUSAL,AUD vs USD,5d,2024-07-11,2024-07-18,0.6776,0.6726,-0.7379,%,local-currency return vs USD,descriptive_event_window_not_causal,FRED-DEXUSAL
M10,2024-07-12,MOF yen buying,FX intervention,official_fx_action,DEXUSAL,AUD vs USD,20d,2024-07-11,2024-08-08,0.6776,0.6581,-2.8778,%,local-currency return vs USD,descriptive_event_window_not_causal,FRED-DEXUSAL
M10,2024-07-12,MOF yen buying,FX intervention,official_fx_action,DEXUSNZ,NZD vs USD,1d,2024-07-11,2024-07-12,0.6113,0.6122,0.1472,%,local-currency return vs USD,descriptive_event_window_not_causal,FRED-DEXUSNZ
M10,2024-07-12,MOF yen buying,FX intervention,official_fx_action,DEXUSNZ,NZD vs USD,5d,2024-07-11,2024-07-18,0.6113,0.6067,-0.7525,%,local-currency return vs USD,descriptive_event_window_not_causal,FRED-DEXUSNZ
M10,2024-07-12,MOF yen buying,FX intervention,official_fx_action,DEXUSNZ,NZD vs USD,20d,2024-07-11,2024-08-08,0.6113,0.6002,-1.8158,%,local-currency return vs USD,descriptive_event_window_not_causal,FRED-DEXUSNZ
M10,2024-07-12,MOF yen buying,FX intervention,official_fx_action,DEXBZUS,BRL vs USD,1d,2024-07-11,2024-07-12,5.4265,5.4559,-0.5418,%,local-currency return vs USD,descriptive_event_window_not_causal,FRED-DEXBZUS
M10,2024-07-12,MOF yen buying,FX intervention,official_fx_action,DEXBZUS,BRL vs USD,5d,2024-07-11,2024-07-18,5.4265,5.5395,-2.0824,%,local-currency return vs USD,descriptive_event_window_not_causal,FRED-DEXBZUS
M10,2024-07-12,MOF yen buying,FX intervention,official_fx_action,DEXBZUS,BRL vs USD,20d,2024-07-11,2024-08-08,5.4265,5.6012,-3.2194,%,local-currency return vs USD,descriptive_event_window_not_causal,FRED-DEXBZUS
M10,2024-07-12,MOF yen buying,FX intervention,official_fx_action,SP500,S&P 500,1d,2024-07-11,2024-07-12,5584.54,5615.35,0.5517,%,return_pct,descriptive_event_window_not_causal,FRED-SP500
M10,2024-07-12,MOF yen buying,FX intervention,official_fx_action,SP500,S&P 500,5d,2024-07-11,2024-07-18,5584.54,5544.59,-0.7154,%,return_pct,descriptive_event_window_not_causal,FRED-SP500
M10,2024-07-12,MOF yen buying,FX intervention,official_fx_action,SP500,S&P 500,20d,2024-07-11,2024-08-08,5584.54,5319.31,-4.7494,%,return_pct,descriptive_event_window_not_causal,FRED-SP500
M10,2024-07-12,MOF yen buying,FX intervention,official_fx_action,NASDAQCOM,Nasdaq Composite,1d,2024-07-11,2024-07-12,18283.41,18398.45,0.6292,%,return_pct,descriptive_event_window_not_causal,FRED-NASDAQCOM
M10,2024-07-12,MOF yen buying,FX intervention,official_fx_action,NASDAQCOM,Nasdaq Composite,5d,2024-07-11,2024-07-18,18283.41,17871.22,-2.2544,%,return_pct,descriptive_event_window_not_causal,FRED-NASDAQCOM
M10,2024-07-12,MOF yen buying,FX intervention,official_fx_action,NASDAQCOM,Nasdaq Composite,20d,2024-07-11,2024-08-08,18283.41,16660.02,-8.879,%,return_pct,descriptive_event_window_not_causal,FRED-NASDAQCOM
M10,2024-07-12,MOF yen buying,FX intervention,official_fx_action,NIKKEI225,Nikkei 225,1d,2024-07-11,2024-07-12,42224.02,41190.68,-2.4473,%,return_pct,descriptive_event_window_not_causal,FRED-NIKKEI225
M10,2024-07-12,MOF yen buying,FX intervention,official_fx_action,NIKKEI225,Nikkei 225,5d,2024-07-11,2024-07-19,42224.02,40063.79,-5.1161,%,return_pct,descriptive_event_window_not_causal,FRED-NIKKEI225
M10,2024-07-12,MOF yen buying,FX intervention,official_fx_action,NIKKEI225,Nikkei 225,20d,2024-07-11,2024-08-09,42224.02,35025,-17.0496,%,return_pct,descriptive_event_window_not_causal,FRED-NIKKEI225
M10,2024-07-12,MOF yen buying,FX intervention,official_fx_action,VIXCLS,VIX,1d,2024-07-11,2024-07-12,12.92,12.46,-0.46,index points,change,descriptive_event_window_not_causal,FRED-VIXCLS
M10,2024-07-12,MOF yen buying,FX intervention,official_fx_action,VIXCLS,VIX,5d,2024-07-11,2024-07-18,12.92,15.93,3.01,index points,change,descriptive_event_window_not_causal,FRED-VIXCLS
M10,2024-07-12,MOF yen buying,FX intervention,official_fx_action,VIXCLS,VIX,20d,2024-07-11,2024-08-08,12.92,23.79,10.87,index points,change,descriptive_event_window_not_causal,FRED-VIXCLS
M10,2024-07-12,MOF yen buying,FX intervention,official_fx_action,DGS10,US 10-year Treasury yield,1d,2024-07-11,2024-07-12,4.2,4.18,-2,bp,change_bp,descriptive_event_window_not_causal,FRED-DGS10
M10,2024-07-12,MOF yen buying,FX intervention,official_fx_action,DGS10,US 10-year Treasury yield,5d,2024-07-11,2024-07-18,4.2,4.2,0,bp,change_bp,descriptive_event_window_not_causal,FRED-DGS10
M10,2024-07-12,MOF yen buying,FX intervention,official_fx_action,DGS10,US 10-year Treasury yield,20d,2024-07-11,2024-08-08,4.2,3.99,-21,bp,change_bp,descriptive_event_window_not_causal,FRED-DGS10
M10,2024-07-12,MOF yen buying,FX intervention,official_fx_action,BAMLH0A0HYM2,US high-yield OAS,1d,2024-07-11,2024-07-12,3.18,3.19,1,bp,change_bp,descriptive_event_window_not_causal,FRED-BAMLH0A0HYM2
M10,2024-07-12,MOF yen buying,FX intervention,official_fx_action,BAMLH0A0HYM2,US high-yield OAS,5d,2024-07-11,2024-07-18,3.18,3.09,-9,bp,change_bp,descriptive_event_window_not_causal,FRED-BAMLH0A0HYM2
M10,2024-07-12,MOF yen buying,FX intervention,official_fx_action,BAMLH0A0HYM2,US high-yield OAS,20d,2024-07-11,2024-08-08,3.18,3.48,30,bp,change_bp,descriptive_event_window_not_causal,FRED-BAMLH0A0HYM2
M10,2024-07-12,MOF yen buying,FX intervention,official_fx_action,DCOILWTICO,WTI crude oil,1d,2024-07-11,2024-07-12,83.92,83.49,-0.5124,%,return_pct,descriptive_event_window_not_causal,FRED-DCOILWTICO
M10,2024-07-12,MOF yen buying,FX intervention,official_fx_action,DCOILWTICO,WTI crude oil,5d,2024-07-11,2024-07-18,83.92,84.17,0.2979,%,return_pct,descriptive_event_window_not_causal,FRED-DCOILWTICO
M10,2024-07-12,MOF yen buying,FX intervention,official_fx_action,DCOILWTICO,WTI crude oil,20d,2024-07-11,2024-08-08,83.92,77.64,-7.4833,%,return_pct,descriptive_event_window_not_causal,FRED-DCOILWTICO
M10,2024-07-12,MOF yen buying,FX intervention,official_fx_action,CBBTCUSD,Bitcoin,1d,2024-07-11,2024-07-12,57384.82,57910.59,0.9162,%,return_pct,descriptive_event_window_not_causal,FRED-CBBTCUSD
M10,2024-07-12,MOF yen buying,FX intervention,official_fx_action,CBBTCUSD,Bitcoin,5d,2024-07-11,2024-07-16,57384.82,65045.81,13.3502,%,return_pct,descriptive_event_window_not_causal,FRED-CBBTCUSD
M10,2024-07-12,MOF yen buying,FX intervention,official_fx_action,CBBTCUSD,Bitcoin,20d,2024-07-11,2024-07-31,57384.82,64607.71,12.5868,%,return_pct,descriptive_event_window_not_causal,FRED-CBBTCUSD
M10,2024-07-12,MOF yen buying,FX intervention,official_fx_action,DTWEXBGS,Broad US dollar index,1d,2024-07-11,2024-07-12,122.769,122.4404,-0.2677,%,return_pct,descriptive_event_window_not_causal,FRED-DTWEXBGS
M10,2024-07-12,MOF yen buying,FX intervention,official_fx_action,DTWEXBGS,Broad US dollar index,5d,2024-07-11,2024-07-18,122.769,122.7909,0.0178,%,return_pct,descriptive_event_window_not_causal,FRED-DTWEXBGS
M10,2024-07-12,MOF yen buying,FX intervention,official_fx_action,DTWEXBGS,Broad US dollar index,20d,2024-07-11,2024-08-08,122.769,123.4466,0.5519,%,return_pct,descriptive_event_window_not_causal,FRED-DTWEXBGS
M11,2024-07-31,BOJ raises policy guideline to about 0.25%,BOJ policy,monetary_regime_change,DEXJPUS,JPY vs USD,1d,2024-07-30,2024-07-31,153.72,150.38,2.1728,%,local-currency return vs USD,descriptive_event_window_not_causal,FRED-DEXJPUS
M11,2024-07-31,BOJ raises policy guideline to about 0.25%,BOJ policy,monetary_regime_change,DEXJPUS,JPY vs USD,5d,2024-07-30,2024-08-06,153.72,145.11,5.6011,%,local-currency return vs USD,descriptive_event_window_not_causal,FRED-DEXJPUS
M11,2024-07-31,BOJ raises policy guideline to about 0.25%,BOJ policy,monetary_regime_change,DEXJPUS,JPY vs USD,20d,2024-07-30,2024-08-27,153.72,144.26,6.154,%,local-currency return vs USD,descriptive_event_window_not_causal,FRED-DEXJPUS
M11,2024-07-31,BOJ raises policy guideline to about 0.25%,BOJ policy,monetary_regime_change,DEXMXUS,MXN vs USD,1d,2024-07-30,2024-07-31,18.7983,18.5975,1.0682,%,local-currency return vs USD,descriptive_event_window_not_causal,FRED-DEXMXUS
M11,2024-07-31,BOJ raises policy guideline to about 0.25%,BOJ policy,monetary_regime_change,DEXMXUS,MXN vs USD,5d,2024-07-30,2024-08-06,18.7983,19.3187,-2.7683,%,local-currency return vs USD,descriptive_event_window_not_causal,FRED-DEXMXUS
M11,2024-07-31,BOJ raises policy guideline to about 0.25%,BOJ policy,monetary_regime_change,DEXMXUS,MXN vs USD,20d,2024-07-30,2024-08-27,18.7983,19.6486,-4.5233,%,local-currency return vs USD,descriptive_event_window_not_causal,FRED-DEXMXUS
M11,2024-07-31,BOJ raises policy guideline to about 0.25%,BOJ policy,monetary_regime_change,DEXUSAL,AUD vs USD,1d,2024-07-30,2024-07-31,0.6537,0.6535,-0.0306,%,local-currency return vs USD,descriptive_event_window_not_causal,FRED-DEXUSAL
M11,2024-07-31,BOJ raises policy guideline to about 0.25%,BOJ policy,monetary_regime_change,DEXUSAL,AUD vs USD,5d,2024-07-30,2024-08-06,0.6537,0.6519,-0.2754,%,local-currency return vs USD,descriptive_event_window_not_causal,FRED-DEXUSAL
M11,2024-07-31,BOJ raises policy guideline to about 0.25%,BOJ policy,monetary_regime_change,DEXUSAL,AUD vs USD,20d,2024-07-30,2024-08-27,0.6537,0.6779,3.702,%,local-currency return vs USD,descriptive_event_window_not_causal,FRED-DEXUSAL
M11,2024-07-31,BOJ raises policy guideline to about 0.25%,BOJ policy,monetary_regime_change,DEXUSNZ,NZD vs USD,1d,2024-07-30,2024-07-31,0.5897,0.5947,0.8479,%,local-currency return vs USD,descriptive_event_window_not_causal,FRED-DEXUSNZ
M11,2024-07-31,BOJ raises policy guideline to about 0.25%,BOJ policy,monetary_regime_change,DEXUSNZ,NZD vs USD,5d,2024-07-30,2024-08-06,0.5897,0.5951,0.9157,%,local-currency return vs USD,descriptive_event_window_not_causal,FRED-DEXUSNZ
M11,2024-07-31,BOJ raises policy guideline to about 0.25%,BOJ policy,monetary_regime_change,DEXUSNZ,NZD vs USD,20d,2024-07-30,2024-08-27,0.5897,0.6237,5.7656,%,local-currency return vs USD,descriptive_event_window_not_causal,FRED-DEXUSNZ
M11,2024-07-31,BOJ raises policy guideline to about 0.25%,BOJ policy,monetary_regime_change,DEXBZUS,BRL vs USD,1d,2024-07-30,2024-07-31,5.6543,5.6628,-0.1503,%,local-currency return vs USD,descriptive_event_window_not_causal,FRED-DEXBZUS
M11,2024-07-31,BOJ raises policy guideline to about 0.25%,BOJ policy,monetary_regime_change,DEXBZUS,BRL vs USD,5d,2024-07-30,2024-08-06,5.6543,5.6409,0.237,%,local-currency return vs USD,descriptive_event_window_not_causal,FRED-DEXBZUS
M11,2024-07-31,BOJ raises policy guideline to about 0.25%,BOJ policy,monetary_regime_change,DEXBZUS,BRL vs USD,20d,2024-07-30,2024-08-27,5.6543,5.5043,2.6528,%,local-currency return vs USD,descriptive_event_window_not_causal,FRED-DEXBZUS
M11,2024-07-31,BOJ raises policy guideline to about 0.25%,BOJ policy,monetary_regime_change,SP500,S&P 500,1d,2024-07-30,2024-07-31,5436.44,5522.3,1.5793,%,return_pct,descriptive_event_window_not_causal,FRED-SP500
M11,2024-07-31,BOJ raises policy guideline to about 0.25%,BOJ policy,monetary_regime_change,SP500,S&P 500,5d,2024-07-30,2024-08-06,5436.44,5240.03,-3.6128,%,return_pct,descriptive_event_window_not_causal,FRED-SP500
M11,2024-07-31,BOJ raises policy guideline to about 0.25%,BOJ policy,monetary_regime_change,SP500,S&P 500,20d,2024-07-30,2024-08-27,5436.44,5625.8,3.4832,%,return_pct,descriptive_event_window_not_causal,FRED-SP500
M11,2024-07-31,BOJ raises policy guideline to about 0.25%,BOJ policy,monetary_regime_change,NASDAQCOM,Nasdaq Composite,1d,2024-07-30,2024-07-31,17147.42,17599.4,2.6358,%,return_pct,descriptive_event_window_not_causal,FRED-NASDAQCOM
M11,2024-07-31,BOJ raises policy guideline to about 0.25%,BOJ policy,monetary_regime_change,NASDAQCOM,Nasdaq Composite,5d,2024-07-30,2024-08-06,17147.42,16366.85,-4.5521,%,return_pct,descriptive_event_window_not_causal,FRED-NASDAQCOM
M11,2024-07-31,BOJ raises policy guideline to about 0.25%,BOJ policy,monetary_regime_change,NASDAQCOM,Nasdaq Composite,20d,2024-07-30,2024-08-27,17147.42,17754.82,3.5422,%,return_pct,descriptive_event_window_not_causal,FRED-NASDAQCOM
M11,2024-07-31,BOJ raises policy guideline to about 0.25%,BOJ policy,monetary_regime_change,NIKKEI225,Nikkei 225,1d,2024-07-30,2024-07-31,38525.95,39101.82,1.4948,%,return_pct,descriptive_event_window_not_causal,FRED-NIKKEI225
M11,2024-07-31,BOJ raises policy guideline to about 0.25%,BOJ policy,monetary_regime_change,NIKKEI225,Nikkei 225,5d,2024-07-30,2024-08-06,38525.95,34675.46,-9.9945,%,return_pct,descriptive_event_window_not_causal,FRED-NIKKEI225
M11,2024-07-31,BOJ raises policy guideline to about 0.25%,BOJ policy,monetary_regime_change,NIKKEI225,Nikkei 225,20d,2024-07-30,2024-08-28,38525.95,38371.76,-0.4002,%,return_pct,descriptive_event_window_not_causal,FRED-NIKKEI225
M11,2024-07-31,BOJ raises policy guideline to about 0.25%,BOJ policy,monetary_regime_change,VIXCLS,VIX,1d,2024-07-30,2024-07-31,17.69,16.36,-1.33,index points,change,descriptive_event_window_not_causal,FRED-VIXCLS
M11,2024-07-31,BOJ raises policy guideline to about 0.25%,BOJ policy,monetary_regime_change,VIXCLS,VIX,5d,2024-07-30,2024-08-06,17.69,27.71,10.02,index points,change,descriptive_event_window_not_causal,FRED-VIXCLS
M11,2024-07-31,BOJ raises policy guideline to about 0.25%,BOJ policy,monetary_regime_change,VIXCLS,VIX,20d,2024-07-30,2024-08-27,17.69,15.43,-2.26,index points,change,descriptive_event_window_not_causal,FRED-VIXCLS
M11,2024-07-31,BOJ raises policy guideline to about 0.25%,BOJ policy,monetary_regime_change,DGS10,US 10-year Treasury yield,1d,2024-07-30,2024-07-31,4.15,4.09,-6,bp,change_bp,descriptive_event_window_not_causal,FRED-DGS10
M11,2024-07-31,BOJ raises policy guideline to about 0.25%,BOJ policy,monetary_regime_change,DGS10,US 10-year Treasury yield,5d,2024-07-30,2024-08-06,4.15,3.9,-25,bp,change_bp,descriptive_event_window_not_causal,FRED-DGS10
M11,2024-07-31,BOJ raises policy guideline to about 0.25%,BOJ policy,monetary_regime_change,DGS10,US 10-year Treasury yield,20d,2024-07-30,2024-08-27,4.15,3.83,-32,bp,change_bp,descriptive_event_window_not_causal,FRED-DGS10
M11,2024-07-31,BOJ raises policy guideline to about 0.25%,BOJ policy,monetary_regime_change,BAMLH0A0HYM2,US high-yield OAS,1d,2024-07-30,2024-07-31,3.2,3.25,5,bp,change_bp,descriptive_event_window_not_causal,FRED-BAMLH0A0HYM2
M11,2024-07-31,BOJ raises policy guideline to about 0.25%,BOJ policy,monetary_regime_change,BAMLH0A0HYM2,US high-yield OAS,5d,2024-07-30,2024-08-06,3.2,3.67,47,bp,change_bp,descriptive_event_window_not_causal,FRED-BAMLH0A0HYM2
M11,2024-07-31,BOJ raises policy guideline to about 0.25%,BOJ policy,monetary_regime_change,BAMLH0A0HYM2,US high-yield OAS,20d,2024-07-30,2024-08-27,3.2,3.17,-3,bp,change_bp,descriptive_event_window_not_causal,FRED-BAMLH0A0HYM2
M11,2024-07-31,BOJ raises policy guideline to about 0.25%,BOJ policy,monetary_regime_change,DCOILWTICO,WTI crude oil,1d,2024-07-30,2024-07-31,76.17,79.36,4.188,%,return_pct,descriptive_event_window_not_causal,FRED-DCOILWTICO
M11,2024-07-31,BOJ raises policy guideline to about 0.25%,BOJ policy,monetary_regime_change,DCOILWTICO,WTI crude oil,5d,2024-07-30,2024-08-06,76.17,74.6,-2.0612,%,return_pct,descriptive_event_window_not_causal,FRED-DCOILWTICO
M11,2024-07-31,BOJ raises policy guideline to about 0.25%,BOJ policy,monetary_regime_change,DCOILWTICO,WTI crude oil,20d,2024-07-30,2024-08-27,76.17,76.5,0.4332,%,return_pct,descriptive_event_window_not_causal,FRED-DCOILWTICO
M11,2024-07-31,BOJ raises policy guideline to about 0.25%,BOJ policy,monetary_regime_change,CBBTCUSD,Bitcoin,1d,2024-07-30,2024-07-31,66200.81,64607.71,-2.4065,%,return_pct,descriptive_event_window_not_causal,FRED-CBBTCUSD
M11,2024-07-31,BOJ raises policy guideline to about 0.25%,BOJ policy,monetary_regime_change,CBBTCUSD,Bitcoin,5d,2024-07-30,2024-08-04,66200.81,58181.05,-12.1143,%,return_pct,descriptive_event_window_not_causal,FRED-CBBTCUSD
M11,2024-07-31,BOJ raises policy guideline to about 0.25%,BOJ policy,monetary_regime_change,CBBTCUSD,Bitcoin,20d,2024-07-30,2024-08-19,66200.81,59469.51,-10.168,%,return_pct,descriptive_event_window_not_causal,FRED-CBBTCUSD
M11,2024-07-31,BOJ raises policy guideline to about 0.25%,BOJ policy,monetary_regime_change,DTWEXBGS,Broad US dollar index,1d,2024-07-30,2024-07-31,124.2855,123.6373,-0.5215,%,return_pct,descriptive_event_window_not_causal,FRED-DTWEXBGS
M11,2024-07-31,BOJ raises policy guideline to about 0.25%,BOJ policy,monetary_regime_change,DTWEXBGS,Broad US dollar index,5d,2024-07-30,2024-08-06,124.2855,123.6532,-0.5087,%,return_pct,descriptive_event_window_not_causal,FRED-DTWEXBGS
M11,2024-07-31,BOJ raises policy guideline to about 0.25%,BOJ policy,monetary_regime_change,DTWEXBGS,Broad US dollar index,20d,2024-07-30,2024-08-27,124.2855,121.8672,-1.9458,%,return_pct,descriptive_event_window_not_causal,FRED-DTWEXBGS
M12,2024-08-02,Weak US labor data becomes a global trigger,External catalyst,global_deleveraging,DEXJPUS,JPY vs USD,1d,2024-08-01,2024-08-02,150.06,146.98,2.0525,%,local-currency return vs USD,descriptive_event_window_not_causal,FRED-DEXJPUS
M12,2024-08-02,Weak US labor data becomes a global trigger,External catalyst,global_deleveraging,DEXJPUS,JPY vs USD,5d,2024-08-01,2024-08-08,150.06,147.08,1.9859,%,local-currency return vs USD,descriptive_event_window_not_causal,FRED-DEXJPUS
M12,2024-08-02,Weak US labor data becomes a global trigger,External catalyst,global_deleveraging,DEXJPUS,JPY vs USD,20d,2024-08-01,2024-08-29,150.06,144.98,3.3853,%,local-currency return vs USD,descriptive_event_window_not_causal,FRED-DEXJPUS
M12,2024-08-02,Weak US labor data becomes a global trigger,External catalyst,global_deleveraging,DEXMXUS,MXN vs USD,1d,2024-08-01,2024-08-02,18.6418,18.9991,-1.9167,%,local-currency return vs USD,descriptive_event_window_not_causal,FRED-DEXMXUS
M12,2024-08-02,Weak US labor data becomes a global trigger,External catalyst,global_deleveraging,DEXMXUS,MXN vs USD,5d,2024-08-01,2024-08-08,18.6418,19.113,-2.5277,%,local-currency return vs USD,descriptive_event_window_not_causal,FRED-DEXMXUS
M12,2024-08-02,Weak US labor data becomes a global trigger,External catalyst,global_deleveraging,DEXMXUS,MXN vs USD,20d,2024-08-01,2024-08-29,18.6418,19.788,-6.1485,%,local-currency return vs USD,descriptive_event_window_not_causal,FRED-DEXMXUS
M12,2024-08-02,Weak US labor data becomes a global trigger,External catalyst,global_deleveraging,DEXUSAL,AUD vs USD,1d,2024-08-01,2024-08-02,0.6522,0.6528,0.092,%,local-currency return vs USD,descriptive_event_window_not_causal,FRED-DEXUSAL
M12,2024-08-02,Weak US labor data becomes a global trigger,External catalyst,global_deleveraging,DEXUSAL,AUD vs USD,5d,2024-08-01,2024-08-08,0.6522,0.6581,0.9046,%,local-currency return vs USD,descriptive_event_window_not_causal,FRED-DEXUSAL
M12,2024-08-02,Weak US labor data becomes a global trigger,External catalyst,global_deleveraging,DEXUSAL,AUD vs USD,20d,2024-08-01,2024-08-29,0.6522,0.6807,4.3698,%,local-currency return vs USD,descriptive_event_window_not_causal,FRED-DEXUSAL
M12,2024-08-02,Weak US labor data becomes a global trigger,External catalyst,global_deleveraging,DEXUSNZ,NZD vs USD,1d,2024-08-01,2024-08-02,0.5962,0.5972,0.1677,%,local-currency return vs USD,descriptive_event_window_not_causal,FRED-DEXUSNZ
M12,2024-08-02,Weak US labor data becomes a global trigger,External catalyst,global_deleveraging,DEXUSNZ,NZD vs USD,5d,2024-08-01,2024-08-08,0.5962,0.6002,0.6709,%,local-currency return vs USD,descriptive_event_window_not_causal,FRED-DEXUSNZ
M12,2024-08-02,Weak US labor data becomes a global trigger,External catalyst,global_deleveraging,DEXUSNZ,NZD vs USD,20d,2024-08-01,2024-08-29,0.5962,0.6268,5.1325,%,local-currency return vs USD,descriptive_event_window_not_causal,FRED-DEXUSNZ
M12,2024-08-02,Weak US labor data becomes a global trigger,External catalyst,global_deleveraging,DEXBZUS,BRL vs USD,1d,2024-08-01,2024-08-02,5.6935,5.7359,-0.7447,%,local-currency return vs USD,descriptive_event_window_not_causal,FRED-DEXBZUS
M12,2024-08-02,Weak US labor data becomes a global trigger,External catalyst,global_deleveraging,DEXBZUS,BRL vs USD,5d,2024-08-01,2024-08-08,5.6935,5.6012,1.6211,%,local-currency return vs USD,descriptive_event_window_not_causal,FRED-DEXBZUS
M12,2024-08-02,Weak US labor data becomes a global trigger,External catalyst,global_deleveraging,DEXBZUS,BRL vs USD,20d,2024-08-01,2024-08-29,5.6935,5.6355,1.0187,%,local-currency return vs USD,descriptive_event_window_not_causal,FRED-DEXBZUS
M12,2024-08-02,Weak US labor data becomes a global trigger,External catalyst,global_deleveraging,SP500,S&P 500,1d,2024-08-01,2024-08-02,5446.68,5346.56,-1.8382,%,return_pct,descriptive_event_window_not_causal,FRED-SP500
M12,2024-08-02,Weak US labor data becomes a global trigger,External catalyst,global_deleveraging,SP500,S&P 500,5d,2024-08-01,2024-08-08,5446.68,5319.31,-2.3385,%,return_pct,descriptive_event_window_not_causal,FRED-SP500
M12,2024-08-02,Weak US labor data becomes a global trigger,External catalyst,global_deleveraging,SP500,S&P 500,20d,2024-08-01,2024-08-29,5446.68,5591.96,2.6673,%,return_pct,descriptive_event_window_not_causal,FRED-SP500
M12,2024-08-02,Weak US labor data becomes a global trigger,External catalyst,global_deleveraging,NASDAQCOM,Nasdaq Composite,1d,2024-08-01,2024-08-02,17194.15,16776.16,-2.431,%,return_pct,descriptive_event_window_not_causal,FRED-NASDAQCOM
M12,2024-08-02,Weak US labor data becomes a global trigger,External catalyst,global_deleveraging,NASDAQCOM,Nasdaq Composite,5d,2024-08-01,2024-08-08,17194.15,16660.02,-3.1065,%,return_pct,descriptive_event_window_not_causal,FRED-NASDAQCOM
M12,2024-08-02,Weak US labor data becomes a global trigger,External catalyst,global_deleveraging,NASDAQCOM,Nasdaq Composite,20d,2024-08-01,2024-08-29,17194.15,17516.43,1.8744,%,return_pct,descriptive_event_window_not_causal,FRED-NASDAQCOM
M12,2024-08-02,Weak US labor data becomes a global trigger,External catalyst,global_deleveraging,NIKKEI225,Nikkei 225,1d,2024-08-01,2024-08-02,38126.33,35909.7,-5.8139,%,return_pct,descriptive_event_window_not_causal,FRED-NIKKEI225
M12,2024-08-02,Weak US labor data becomes a global trigger,External catalyst,global_deleveraging,NIKKEI225,Nikkei 225,5d,2024-08-01,2024-08-08,38126.33,34831.15,-8.6428,%,return_pct,descriptive_event_window_not_causal,FRED-NIKKEI225
M12,2024-08-02,Weak US labor data becomes a global trigger,External catalyst,global_deleveraging,NIKKEI225,Nikkei 225,20d,2024-08-01,2024-08-30,38126.33,38647.75,1.3676,%,return_pct,descriptive_event_window_not_causal,FRED-NIKKEI225
M12,2024-08-02,Weak US labor data becomes a global trigger,External catalyst,global_deleveraging,VIXCLS,VIX,1d,2024-08-01,2024-08-02,18.59,23.39,4.8,index points,change,descriptive_event_window_not_causal,FRED-VIXCLS
M12,2024-08-02,Weak US labor data becomes a global trigger,External catalyst,global_deleveraging,VIXCLS,VIX,5d,2024-08-01,2024-08-08,18.59,23.79,5.2,index points,change,descriptive_event_window_not_causal,FRED-VIXCLS
M12,2024-08-02,Weak US labor data becomes a global trigger,External catalyst,global_deleveraging,VIXCLS,VIX,20d,2024-08-01,2024-08-29,18.59,15.65,-2.94,index points,change,descriptive_event_window_not_causal,FRED-VIXCLS
M12,2024-08-02,Weak US labor data becomes a global trigger,External catalyst,global_deleveraging,DGS10,US 10-year Treasury yield,1d,2024-08-01,2024-08-02,3.99,3.8,-19,bp,change_bp,descriptive_event_window_not_causal,FRED-DGS10
M12,2024-08-02,Weak US labor data becomes a global trigger,External catalyst,global_deleveraging,DGS10,US 10-year Treasury yield,5d,2024-08-01,2024-08-08,3.99,3.99,0,bp,change_bp,descriptive_event_window_not_causal,FRED-DGS10
M12,2024-08-02,Weak US labor data becomes a global trigger,External catalyst,global_deleveraging,DGS10,US 10-year Treasury yield,20d,2024-08-01,2024-08-29,3.99,3.87,-12,bp,change_bp,descriptive_event_window_not_causal,FRED-DGS10
M12,2024-08-02,Weak US labor data becomes a global trigger,External catalyst,global_deleveraging,BAMLH0A0HYM2,US high-yield OAS,1d,2024-08-01,2024-08-02,3.35,3.72,37,bp,change_bp,descriptive_event_window_not_causal,FRED-BAMLH0A0HYM2
M12,2024-08-02,Weak US labor data becomes a global trigger,External catalyst,global_deleveraging,BAMLH0A0HYM2,US high-yield OAS,5d,2024-08-01,2024-08-08,3.35,3.48,13,bp,change_bp,descriptive_event_window_not_causal,FRED-BAMLH0A0HYM2
M12,2024-08-02,Weak US labor data becomes a global trigger,External catalyst,global_deleveraging,BAMLH0A0HYM2,US high-yield OAS,20d,2024-08-01,2024-08-29,3.35,3.15,-20,bp,change_bp,descriptive_event_window_not_causal,FRED-BAMLH0A0HYM2
M12,2024-08-02,Weak US labor data becomes a global trigger,External catalyst,global_deleveraging,DCOILWTICO,WTI crude oil,1d,2024-08-01,2024-08-02,77.74,74.99,-3.5374,%,return_pct,descriptive_event_window_not_causal,FRED-DCOILWTICO
M12,2024-08-02,Weak US labor data becomes a global trigger,External catalyst,global_deleveraging,DCOILWTICO,WTI crude oil,5d,2024-08-01,2024-08-08,77.74,77.64,-0.1286,%,return_pct,descriptive_event_window_not_causal,FRED-DCOILWTICO
M12,2024-08-02,Weak US labor data becomes a global trigger,External catalyst,global_deleveraging,DCOILWTICO,WTI crude oil,20d,2024-08-01,2024-08-29,77.74,76.9,-1.0805,%,return_pct,descriptive_event_window_not_causal,FRED-DCOILWTICO
M12,2024-08-02,Weak US labor data becomes a global trigger,External catalyst,global_deleveraging,CBBTCUSD,Bitcoin,1d,2024-08-01,2024-08-02,65342.4,61466.66,-5.9314,%,return_pct,descriptive_event_window_not_causal,FRED-CBBTCUSD
M12,2024-08-02,Weak US labor data becomes a global trigger,External catalyst,global_deleveraging,CBBTCUSD,Bitcoin,5d,2024-08-01,2024-08-06,65342.4,56096.88,-14.1493,%,return_pct,descriptive_event_window_not_causal,FRED-CBBTCUSD
M12,2024-08-02,Weak US labor data becomes a global trigger,External catalyst,global_deleveraging,CBBTCUSD,Bitcoin,20d,2024-08-01,2024-08-21,65342.4,61193.87,-6.3489,%,return_pct,descriptive_event_window_not_causal,FRED-CBBTCUSD
M12,2024-08-02,Weak US labor data becomes a global trigger,External catalyst,global_deleveraging,DTWEXBGS,Broad US dollar index,1d,2024-08-01,2024-08-02,123.8693,123.4681,-0.3239,%,return_pct,descriptive_event_window_not_causal,FRED-DTWEXBGS
M12,2024-08-02,Weak US labor data becomes a global trigger,External catalyst,global_deleveraging,DTWEXBGS,Broad US dollar index,5d,2024-08-01,2024-08-08,123.8693,123.4466,-0.3412,%,return_pct,descriptive_event_window_not_causal,FRED-DTWEXBGS
M12,2024-08-02,Weak US labor data becomes a global trigger,External catalyst,global_deleveraging,DTWEXBGS,Broad US dollar index,20d,2024-08-01,2024-08-29,123.8693,122.2333,-1.3207,%,return_pct,descriptive_event_window_not_causal,FRED-DTWEXBGS
M13,2024-08-05,Japan becomes focal point of leveraged unwind,Funding stress,global_deleveraging,DEXJPUS,JPY vs USD,1d,2024-08-02,2024-08-05,146.98,143.95,2.0615,%,local-currency return vs USD,descriptive_event_window_not_causal,FRED-DEXJPUS
M13,2024-08-05,Japan becomes focal point of leveraged unwind,Funding stress,global_deleveraging,DEXJPUS,JPY vs USD,5d,2024-08-02,2024-08-09,146.98,146.49,0.3334,%,local-currency return vs USD,descriptive_event_window_not_causal,FRED-DEXJPUS
M13,2024-08-05,Japan becomes focal point of leveraged unwind,Funding stress,global_deleveraging,DEXJPUS,JPY vs USD,20d,2024-08-02,2024-08-30,146.98,145.95,0.7008,%,local-currency return vs USD,descriptive_event_window_not_causal,FRED-DEXJPUS
M13,2024-08-05,Japan becomes focal point of leveraged unwind,Funding stress,global_deleveraging,DEXMXUS,MXN vs USD,1d,2024-08-02,2024-08-05,18.9991,19.445,-2.347,%,local-currency return vs USD,descriptive_event_window_not_causal,FRED-DEXMXUS
M13,2024-08-05,Japan becomes focal point of leveraged unwind,Funding stress,global_deleveraging,DEXMXUS,MXN vs USD,5d,2024-08-02,2024-08-09,18.9991,18.8245,0.919,%,local-currency return vs USD,descriptive_event_window_not_causal,FRED-DEXMXUS
M13,2024-08-05,Japan becomes focal point of leveraged unwind,Funding stress,global_deleveraging,DEXMXUS,MXN vs USD,20d,2024-08-02,2024-08-30,18.9991,19.6576,-3.466,%,local-currency return vs USD,descriptive_event_window_not_causal,FRED-DEXMXUS
M13,2024-08-05,Japan becomes focal point of leveraged unwind,Funding stress,global_deleveraging,DEXUSAL,AUD vs USD,1d,2024-08-02,2024-08-05,0.6528,0.6488,-0.6127,%,local-currency return vs USD,descriptive_event_window_not_causal,FRED-DEXUSAL
M13,2024-08-05,Japan becomes focal point of leveraged unwind,Funding stress,global_deleveraging,DEXUSAL,AUD vs USD,5d,2024-08-02,2024-08-09,0.6528,0.6577,0.7506,%,local-currency return vs USD,descriptive_event_window_not_causal,FRED-DEXUSAL
M13,2024-08-05,Japan becomes focal point of leveraged unwind,Funding stress,global_deleveraging,DEXUSAL,AUD vs USD,20d,2024-08-02,2024-08-30,0.6528,0.6765,3.6305,%,local-currency return vs USD,descriptive_event_window_not_causal,FRED-DEXUSAL
M13,2024-08-05,Japan becomes focal point of leveraged unwind,Funding stress,global_deleveraging,DEXUSNZ,NZD vs USD,1d,2024-08-02,2024-08-05,0.5972,0.593,-0.7033,%,local-currency return vs USD,descriptive_event_window_not_causal,FRED-DEXUSNZ
M13,2024-08-05,Japan becomes focal point of leveraged unwind,Funding stress,global_deleveraging,DEXUSNZ,NZD vs USD,5d,2024-08-02,2024-08-09,0.5972,0.6012,0.6698,%,local-currency return vs USD,descriptive_event_window_not_causal,FRED-DEXUSNZ
M13,2024-08-05,Japan becomes focal point of leveraged unwind,Funding stress,global_deleveraging,DEXUSNZ,NZD vs USD,20d,2024-08-02,2024-08-30,0.5972,0.6242,4.5211,%,local-currency return vs USD,descriptive_event_window_not_causal,FRED-DEXUSNZ
M13,2024-08-05,Japan becomes focal point of leveraged unwind,Funding stress,global_deleveraging,DEXBZUS,BRL vs USD,1d,2024-08-02,2024-08-05,5.7359,5.7496,-0.2388,%,local-currency return vs USD,descriptive_event_window_not_causal,FRED-DEXBZUS
M13,2024-08-05,Japan becomes focal point of leveraged unwind,Funding stress,global_deleveraging,DEXBZUS,BRL vs USD,5d,2024-08-02,2024-08-09,5.7359,5.5099,3.9401,%,local-currency return vs USD,descriptive_event_window_not_causal,FRED-DEXBZUS
M13,2024-08-05,Japan becomes focal point of leveraged unwind,Funding stress,global_deleveraging,DEXBZUS,BRL vs USD,20d,2024-08-02,2024-08-30,5.7359,5.6193,2.0328,%,local-currency return vs USD,descriptive_event_window_not_causal,FRED-DEXBZUS
M13,2024-08-05,Japan becomes focal point of leveraged unwind,Funding stress,global_deleveraging,SP500,S&P 500,1d,2024-08-02,2024-08-05,5346.56,5186.33,-2.9969,%,return_pct,descriptive_event_window_not_causal,FRED-SP500
M13,2024-08-05,Japan becomes focal point of leveraged unwind,Funding stress,global_deleveraging,SP500,S&P 500,5d,2024-08-02,2024-08-09,5346.56,5344.16,-0.0449,%,return_pct,descriptive_event_window_not_causal,FRED-SP500
M13,2024-08-05,Japan becomes focal point of leveraged unwind,Funding stress,global_deleveraging,SP500,S&P 500,20d,2024-08-02,2024-08-30,5346.56,5648.4,5.6455,%,return_pct,descriptive_event_window_not_causal,FRED-SP500
M13,2024-08-05,Japan becomes focal point of leveraged unwind,Funding stress,global_deleveraging,NASDAQCOM,Nasdaq Composite,1d,2024-08-02,2024-08-05,16776.16,16200.08,-3.4339,%,return_pct,descriptive_event_window_not_causal,FRED-NASDAQCOM
M13,2024-08-05,Japan becomes focal point of leveraged unwind,Funding stress,global_deleveraging,NASDAQCOM,Nasdaq Composite,5d,2024-08-02,2024-08-09,16776.16,16745.3,-0.184,%,return_pct,descriptive_event_window_not_causal,FRED-NASDAQCOM
M13,2024-08-05,Japan becomes focal point of leveraged unwind,Funding stress,global_deleveraging,NASDAQCOM,Nasdaq Composite,20d,2024-08-02,2024-08-30,16776.16,17713.62,5.588,%,return_pct,descriptive_event_window_not_causal,FRED-NASDAQCOM
M13,2024-08-05,Japan becomes focal point of leveraged unwind,Funding stress,global_deleveraging,NIKKEI225,Nikkei 225,1d,2024-08-02,2024-08-05,35909.7,31458.42,-12.3958,%,return_pct,descriptive_event_window_not_causal,FRED-NIKKEI225
M13,2024-08-05,Japan becomes focal point of leveraged unwind,Funding stress,global_deleveraging,NIKKEI225,Nikkei 225,5d,2024-08-02,2024-08-09,35909.7,35025,-2.4637,%,return_pct,descriptive_event_window_not_causal,FRED-NIKKEI225
M13,2024-08-05,Japan becomes focal point of leveraged unwind,Funding stress,global_deleveraging,NIKKEI225,Nikkei 225,20d,2024-08-02,2024-09-02,35909.7,38700.87,7.7727,%,return_pct,descriptive_event_window_not_causal,FRED-NIKKEI225
M13,2024-08-05,Japan becomes focal point of leveraged unwind,Funding stress,global_deleveraging,VIXCLS,VIX,1d,2024-08-02,2024-08-05,23.39,38.57,15.18,index points,change,descriptive_event_window_not_causal,FRED-VIXCLS
M13,2024-08-05,Japan becomes focal point of leveraged unwind,Funding stress,global_deleveraging,VIXCLS,VIX,5d,2024-08-02,2024-08-09,23.39,20.37,-3.02,index points,change,descriptive_event_window_not_causal,FRED-VIXCLS
M13,2024-08-05,Japan becomes focal point of leveraged unwind,Funding stress,global_deleveraging,VIXCLS,VIX,20d,2024-08-02,2024-08-30,23.39,15,-8.39,index points,change,descriptive_event_window_not_causal,FRED-VIXCLS
M13,2024-08-05,Japan becomes focal point of leveraged unwind,Funding stress,global_deleveraging,DGS10,US 10-year Treasury yield,1d,2024-08-02,2024-08-05,3.8,3.78,-2,bp,change_bp,descriptive_event_window_not_causal,FRED-DGS10
M13,2024-08-05,Japan becomes focal point of leveraged unwind,Funding stress,global_deleveraging,DGS10,US 10-year Treasury yield,5d,2024-08-02,2024-08-09,3.8,3.94,14,bp,change_bp,descriptive_event_window_not_causal,FRED-DGS10
M13,2024-08-05,Japan becomes focal point of leveraged unwind,Funding stress,global_deleveraging,DGS10,US 10-year Treasury yield,20d,2024-08-02,2024-08-30,3.8,3.91,11,bp,change_bp,descriptive_event_window_not_causal,FRED-DGS10
M13,2024-08-05,Japan becomes focal point of leveraged unwind,Funding stress,global_deleveraging,BAMLH0A0HYM2,US high-yield OAS,1d,2024-08-02,2024-08-05,3.72,3.93,21,bp,change_bp,descriptive_event_window_not_causal,FRED-BAMLH0A0HYM2
M13,2024-08-05,Japan becomes focal point of leveraged unwind,Funding stress,global_deleveraging,BAMLH0A0HYM2,US high-yield OAS,5d,2024-08-02,2024-08-09,3.72,3.49,-23,bp,change_bp,descriptive_event_window_not_causal,FRED-BAMLH0A0HYM2
M13,2024-08-05,Japan becomes focal point of leveraged unwind,Funding stress,global_deleveraging,BAMLH0A0HYM2,US high-yield OAS,20d,2024-08-02,2024-08-30,3.72,3.13,-59,bp,change_bp,descriptive_event_window_not_causal,FRED-BAMLH0A0HYM2
M13,2024-08-05,Japan becomes focal point of leveraged unwind,Funding stress,global_deleveraging,DCOILWTICO,WTI crude oil,1d,2024-08-02,2024-08-05,74.99,74.46,-0.7068,%,return_pct,descriptive_event_window_not_causal,FRED-DCOILWTICO
M13,2024-08-05,Japan becomes focal point of leveraged unwind,Funding stress,global_deleveraging,DCOILWTICO,WTI crude oil,5d,2024-08-02,2024-08-09,74.99,78.28,4.3873,%,return_pct,descriptive_event_window_not_causal,FRED-DCOILWTICO
M13,2024-08-05,Japan becomes focal point of leveraged unwind,Funding stress,global_deleveraging,DCOILWTICO,WTI crude oil,20d,2024-08-02,2024-08-30,74.99,74.52,-0.6268,%,return_pct,descriptive_event_window_not_causal,FRED-DCOILWTICO
M13,2024-08-05,Japan becomes focal point of leveraged unwind,Funding stress,global_deleveraging,CBBTCUSD,Bitcoin,1d,2024-08-04,2024-08-05,58181.05,54025.9,-7.1418,%,return_pct,descriptive_event_window_not_causal,FRED-CBBTCUSD
M13,2024-08-05,Japan becomes focal point of leveraged unwind,Funding stress,global_deleveraging,CBBTCUSD,Bitcoin,5d,2024-08-04,2024-08-09,58181.05,60818.65,4.5334,%,return_pct,descriptive_event_window_not_causal,FRED-CBBTCUSD
M13,2024-08-05,Japan becomes focal point of leveraged unwind,Funding stress,global_deleveraging,CBBTCUSD,Bitcoin,20d,2024-08-04,2024-08-24,58181.05,64157.87,10.2728,%,return_pct,descriptive_event_window_not_causal,FRED-CBBTCUSD
M13,2024-08-05,Japan becomes focal point of leveraged unwind,Funding stress,global_deleveraging,DTWEXBGS,Broad US dollar index,1d,2024-08-02,2024-08-05,123.4681,123.5787,0.0896,%,return_pct,descriptive_event_window_not_causal,FRED-DTWEXBGS
M13,2024-08-05,Japan becomes focal point of leveraged unwind,Funding stress,global_deleveraging,DTWEXBGS,Broad US dollar index,5d,2024-08-02,2024-08-09,123.4681,122.9276,-0.4378,%,return_pct,descriptive_event_window_not_causal,FRED-DTWEXBGS
M13,2024-08-05,Japan becomes focal point of leveraged unwind,Funding stress,global_deleveraging,DTWEXBGS,Broad US dollar index,20d,2024-08-02,2024-08-30,123.4681,122.3262,-0.9249,%,return_pct,descriptive_event_window_not_causal,FRED-DTWEXBGS
M14,2024-08-06,Rapid market stabilization after the sell-off,Recovery,global_deleveraging,DEXJPUS,JPY vs USD,1d,2024-08-05,2024-08-06,143.95,145.11,-0.8058,%,local-currency return vs USD,descriptive_event_window_not_causal,FRED-DEXJPUS
M14,2024-08-06,Rapid market stabilization after the sell-off,Recovery,global_deleveraging,DEXJPUS,JPY vs USD,5d,2024-08-05,2024-08-12,143.95,147.54,-2.4939,%,local-currency return vs USD,descriptive_event_window_not_causal,FRED-DEXJPUS
M14,2024-08-06,Rapid market stabilization after the sell-off,Recovery,global_deleveraging,DEXJPUS,JPY vs USD,20d,2024-08-05,2024-09-03,143.95,145.82,-1.2991,%,local-currency return vs USD,descriptive_event_window_not_causal,FRED-DEXJPUS
M14,2024-08-06,Rapid market stabilization after the sell-off,Recovery,global_deleveraging,DEXMXUS,MXN vs USD,1d,2024-08-05,2024-08-06,19.445,19.3187,0.6495,%,local-currency return vs USD,descriptive_event_window_not_causal,FRED-DEXMXUS
M14,2024-08-06,Rapid market stabilization after the sell-off,Recovery,global_deleveraging,DEXMXUS,MXN vs USD,5d,2024-08-05,2024-08-12,19.445,18.994,2.3194,%,local-currency return vs USD,descriptive_event_window_not_causal,FRED-DEXMXUS
M14,2024-08-06,Rapid market stabilization after the sell-off,Recovery,global_deleveraging,DEXMXUS,MXN vs USD,20d,2024-08-05,2024-09-03,19.445,19.83,-1.9799,%,local-currency return vs USD,descriptive_event_window_not_causal,FRED-DEXMXUS
M14,2024-08-06,Rapid market stabilization after the sell-off,Recovery,global_deleveraging,DEXUSAL,AUD vs USD,1d,2024-08-05,2024-08-06,0.6488,0.6519,0.4778,%,local-currency return vs USD,descriptive_event_window_not_causal,FRED-DEXUSAL
M14,2024-08-06,Rapid market stabilization after the sell-off,Recovery,global_deleveraging,DEXUSAL,AUD vs USD,5d,2024-08-05,2024-08-12,0.6488,0.6595,1.6492,%,local-currency return vs USD,descriptive_event_window_not_causal,FRED-DEXUSAL
M14,2024-08-06,Rapid market stabilization after the sell-off,Recovery,global_deleveraging,DEXUSAL,AUD vs USD,20d,2024-08-05,2024-09-03,0.6488,0.6721,3.5912,%,local-currency return vs USD,descriptive_event_window_not_causal,FRED-DEXUSAL
M14,2024-08-06,Rapid market stabilization after the sell-off,Recovery,global_deleveraging,DEXUSNZ,NZD vs USD,1d,2024-08-05,2024-08-06,0.593,0.5951,0.3541,%,local-currency return vs USD,descriptive_event_window_not_causal,FRED-DEXUSNZ
M14,2024-08-06,Rapid market stabilization after the sell-off,Recovery,global_deleveraging,DEXUSNZ,NZD vs USD,5d,2024-08-05,2024-08-12,0.593,0.6021,1.5346,%,local-currency return vs USD,descriptive_event_window_not_causal,FRED-DEXUSNZ
M14,2024-08-06,Rapid market stabilization after the sell-off,Recovery,global_deleveraging,DEXUSNZ,NZD vs USD,20d,2024-08-05,2024-09-03,0.593,0.6189,4.3676,%,local-currency return vs USD,descriptive_event_window_not_causal,FRED-DEXUSNZ
M14,2024-08-06,Rapid market stabilization after the sell-off,Recovery,global_deleveraging,DEXBZUS,BRL vs USD,1d,2024-08-05,2024-08-06,5.7496,5.6409,1.8906,%,local-currency return vs USD,descriptive_event_window_not_causal,FRED-DEXBZUS
M14,2024-08-06,Rapid market stabilization after the sell-off,Recovery,global_deleveraging,DEXBZUS,BRL vs USD,5d,2024-08-05,2024-08-12,5.7496,5.5058,4.2403,%,local-currency return vs USD,descriptive_event_window_not_causal,FRED-DEXBZUS
M14,2024-08-06,Rapid market stabilization after the sell-off,Recovery,global_deleveraging,DEXBZUS,BRL vs USD,20d,2024-08-05,2024-09-03,5.7496,5.649,1.7497,%,local-currency return vs USD,descriptive_event_window_not_causal,FRED-DEXBZUS
M14,2024-08-06,Rapid market stabilization after the sell-off,Recovery,global_deleveraging,SP500,S&P 500,1d,2024-08-05,2024-08-06,5186.33,5240.03,1.0354,%,return_pct,descriptive_event_window_not_causal,FRED-SP500
M14,2024-08-06,Rapid market stabilization after the sell-off,Recovery,global_deleveraging,SP500,S&P 500,5d,2024-08-05,2024-08-12,5186.33,5344.39,3.0476,%,return_pct,descriptive_event_window_not_causal,FRED-SP500
M14,2024-08-06,Rapid market stabilization after the sell-off,Recovery,global_deleveraging,SP500,S&P 500,20d,2024-08-05,2024-09-03,5186.33,5528.93,6.6058,%,return_pct,descriptive_event_window_not_causal,FRED-SP500
M14,2024-08-06,Rapid market stabilization after the sell-off,Recovery,global_deleveraging,NASDAQCOM,Nasdaq Composite,1d,2024-08-05,2024-08-06,16200.08,16366.85,1.0294,%,return_pct,descriptive_event_window_not_causal,FRED-NASDAQCOM
M14,2024-08-06,Rapid market stabilization after the sell-off,Recovery,global_deleveraging,NASDAQCOM,Nasdaq Composite,5d,2024-08-05,2024-08-12,16200.08,16780.61,3.5835,%,return_pct,descriptive_event_window_not_causal,FRED-NASDAQCOM
M14,2024-08-06,Rapid market stabilization after the sell-off,Recovery,global_deleveraging,NASDAQCOM,Nasdaq Composite,20d,2024-08-05,2024-09-03,16200.08,17136.3,5.7791,%,return_pct,descriptive_event_window_not_causal,FRED-NASDAQCOM
M14,2024-08-06,Rapid market stabilization after the sell-off,Recovery,global_deleveraging,NIKKEI225,Nikkei 225,1d,2024-08-05,2024-08-06,31458.42,34675.46,10.2263,%,return_pct,descriptive_event_window_not_causal,FRED-NIKKEI225
M14,2024-08-06,Rapid market stabilization after the sell-off,Recovery,global_deleveraging,NIKKEI225,Nikkei 225,5d,2024-08-05,2024-08-13,31458.42,36232.51,15.1759,%,return_pct,descriptive_event_window_not_causal,FRED-NIKKEI225
M14,2024-08-06,Rapid market stabilization after the sell-off,Recovery,global_deleveraging,NIKKEI225,Nikkei 225,20d,2024-08-05,2024-09-03,31458.42,38686.31,22.976,%,return_pct,descriptive_event_window_not_causal,FRED-NIKKEI225
M14,2024-08-06,Rapid market stabilization after the sell-off,Recovery,global_deleveraging,VIXCLS,VIX,1d,2024-08-05,2024-08-06,38.57,27.71,-10.86,index points,change,descriptive_event_window_not_causal,FRED-VIXCLS
M14,2024-08-06,Rapid market stabilization after the sell-off,Recovery,global_deleveraging,VIXCLS,VIX,5d,2024-08-05,2024-08-12,38.57,20.71,-17.86,index points,change,descriptive_event_window_not_causal,FRED-VIXCLS
M14,2024-08-06,Rapid market stabilization after the sell-off,Recovery,global_deleveraging,VIXCLS,VIX,20d,2024-08-05,2024-09-02,38.57,15.55,-23.02,index points,change,descriptive_event_window_not_causal,FRED-VIXCLS
M14,2024-08-06,Rapid market stabilization after the sell-off,Recovery,global_deleveraging,DGS10,US 10-year Treasury yield,1d,2024-08-05,2024-08-06,3.78,3.9,12,bp,change_bp,descriptive_event_window_not_causal,FRED-DGS10
M14,2024-08-06,Rapid market stabilization after the sell-off,Recovery,global_deleveraging,DGS10,US 10-year Treasury yield,5d,2024-08-05,2024-08-12,3.78,3.9,12,bp,change_bp,descriptive_event_window_not_causal,FRED-DGS10
M14,2024-08-06,Rapid market stabilization after the sell-off,Recovery,global_deleveraging,DGS10,US 10-year Treasury yield,20d,2024-08-05,2024-09-03,3.78,3.84,6,bp,change_bp,descriptive_event_window_not_causal,FRED-DGS10
M14,2024-08-06,Rapid market stabilization after the sell-off,Recovery,global_deleveraging,BAMLH0A0HYM2,US high-yield OAS,1d,2024-08-05,2024-08-06,3.93,3.67,-26,bp,change_bp,descriptive_event_window_not_causal,FRED-BAMLH0A0HYM2
M14,2024-08-06,Rapid market stabilization after the sell-off,Recovery,global_deleveraging,BAMLH0A0HYM2,US high-yield OAS,5d,2024-08-05,2024-08-12,3.93,3.52,-41,bp,change_bp,descriptive_event_window_not_causal,FRED-BAMLH0A0HYM2
M14,2024-08-06,Rapid market stabilization after the sell-off,Recovery,global_deleveraging,BAMLH0A0HYM2,US high-yield OAS,20d,2024-08-05,2024-08-31,3.93,3.17,-76,bp,change_bp,descriptive_event_window_not_causal,FRED-BAMLH0A0HYM2
M14,2024-08-06,Rapid market stabilization after the sell-off,Recovery,global_deleveraging,DCOILWTICO,WTI crude oil,1d,2024-08-05,2024-08-06,74.46,74.6,0.188,%,return_pct,descriptive_event_window_not_causal,FRED-DCOILWTICO
M14,2024-08-06,Rapid market stabilization after the sell-off,Recovery,global_deleveraging,DCOILWTICO,WTI crude oil,5d,2024-08-05,2024-08-12,74.46,81.45,9.3876,%,return_pct,descriptive_event_window_not_causal,FRED-DCOILWTICO
M14,2024-08-06,Rapid market stabilization after the sell-off,Recovery,global_deleveraging,DCOILWTICO,WTI crude oil,20d,2024-08-05,2024-09-03,74.46,71.28,-4.2707,%,return_pct,descriptive_event_window_not_causal,FRED-DCOILWTICO
M14,2024-08-06,Rapid market stabilization after the sell-off,Recovery,global_deleveraging,CBBTCUSD,Bitcoin,1d,2024-08-05,2024-08-06,54025.9,56096.88,3.8333,%,return_pct,descriptive_event_window_not_causal,FRED-CBBTCUSD
M14,2024-08-06,Rapid market stabilization after the sell-off,Recovery,global_deleveraging,CBBTCUSD,Bitcoin,5d,2024-08-05,2024-08-10,54025.9,60941.77,12.801,%,return_pct,descriptive_event_window_not_causal,FRED-CBBTCUSD
M14,2024-08-06,Rapid market stabilization after the sell-off,Recovery,global_deleveraging,CBBTCUSD,Bitcoin,20d,2024-08-05,2024-08-25,54025.9,64286.9,18.9927,%,return_pct,descriptive_event_window_not_causal,FRED-CBBTCUSD
M14,2024-08-06,Rapid market stabilization after the sell-off,Recovery,global_deleveraging,DTWEXBGS,Broad US dollar index,1d,2024-08-05,2024-08-06,123.5787,123.6532,0.0603,%,return_pct,descriptive_event_window_not_causal,FRED-DTWEXBGS
M14,2024-08-06,Rapid market stabilization after the sell-off,Recovery,global_deleveraging,DTWEXBGS,Broad US dollar index,5d,2024-08-05,2024-08-12,123.5787,123.2204,-0.2899,%,return_pct,descriptive_event_window_not_causal,FRED-DTWEXBGS
M14,2024-08-06,Rapid market stabilization after the sell-off,Recovery,global_deleveraging,DTWEXBGS,Broad US dollar index,20d,2024-08-05,2024-09-03,123.5787,122.7811,-0.6454,%,return_pct,descriptive_event_window_not_causal,FRED-DTWEXBGS
M15,2025-01-24,BOJ raises policy guideline to about 0.50%,BOJ policy,monetary_regime_change,DEXJPUS,JPY vs USD,1d,2025-01-23,2025-01-24,156,155.58,0.2692,%,local-currency return vs USD,descriptive_event_window_not_causal,FRED-DEXJPUS
M15,2025-01-24,BOJ raises policy guideline to about 0.50%,BOJ policy,monetary_regime_change,DEXJPUS,JPY vs USD,5d,2025-01-23,2025-01-30,156,154.42,1.0128,%,local-currency return vs USD,descriptive_event_window_not_causal,FRED-DEXJPUS
M15,2025-01-24,BOJ raises policy guideline to about 0.50%,BOJ policy,monetary_regime_change,DEXJPUS,JPY vs USD,20d,2025-01-23,2025-02-21,156,149.49,4.1731,%,local-currency return vs USD,descriptive_event_window_not_causal,FRED-DEXJPUS
M15,2025-01-24,BOJ raises policy guideline to about 0.50%,BOJ policy,monetary_regime_change,DEXMXUS,MXN vs USD,1d,2025-01-23,2025-01-24,20.3605,20.2317,0.6326,%,local-currency return vs USD,descriptive_event_window_not_causal,FRED-DEXMXUS
M15,2025-01-24,BOJ raises policy guideline to about 0.50%,BOJ policy,monetary_regime_change,DEXMXUS,MXN vs USD,5d,2025-01-23,2025-01-30,20.3605,20.4287,-0.335,%,local-currency return vs USD,descriptive_event_window_not_causal,FRED-DEXMXUS
M15,2025-01-24,BOJ raises policy guideline to about 0.50%,BOJ policy,monetary_regime_change,DEXMXUS,MXN vs USD,20d,2025-01-23,2025-02-21,20.3605,20.3521,0.0413,%,local-currency return vs USD,descriptive_event_window_not_causal,FRED-DEXMXUS
M15,2025-01-24,BOJ raises policy guideline to about 0.50%,BOJ policy,monetary_regime_change,DEXUSAL,AUD vs USD,1d,2025-01-23,2025-01-24,0.6287,0.6322,0.5567,%,local-currency return vs USD,descriptive_event_window_not_causal,FRED-DEXUSAL
M15,2025-01-24,BOJ raises policy guideline to about 0.50%,BOJ policy,monetary_regime_change,DEXUSAL,AUD vs USD,5d,2025-01-23,2025-01-30,0.6287,0.6233,-0.8589,%,local-currency return vs USD,descriptive_event_window_not_causal,FRED-DEXUSAL
M15,2025-01-24,BOJ raises policy guideline to about 0.50%,BOJ policy,monetary_regime_change,DEXUSAL,AUD vs USD,20d,2025-01-23,2025-02-21,0.6287,0.6376,1.4156,%,local-currency return vs USD,descriptive_event_window_not_causal,FRED-DEXUSAL
M15,2025-01-24,BOJ raises policy guideline to about 0.50%,BOJ policy,monetary_regime_change,DEXUSNZ,NZD vs USD,1d,2025-01-23,2025-01-24,0.5677,0.572,0.7574,%,local-currency return vs USD,descriptive_event_window_not_causal,FRED-DEXUSNZ
M15,2025-01-24,BOJ raises policy guideline to about 0.50%,BOJ policy,monetary_regime_change,DEXUSNZ,NZD vs USD,5d,2025-01-23,2025-01-30,0.5677,0.5654,-0.4051,%,local-currency return vs USD,descriptive_event_window_not_causal,FRED-DEXUSNZ
M15,2025-01-24,BOJ raises policy guideline to about 0.50%,BOJ policy,monetary_regime_change,DEXUSNZ,NZD vs USD,20d,2025-01-23,2025-02-21,0.5677,0.5751,1.3035,%,local-currency return vs USD,descriptive_event_window_not_causal,FRED-DEXUSNZ
M15,2025-01-24,BOJ raises policy guideline to about 0.50%,BOJ policy,monetary_regime_change,DEXBZUS,BRL vs USD,1d,2025-01-23,2025-01-24,5.906,5.8811,0.4216,%,local-currency return vs USD,descriptive_event_window_not_causal,FRED-DEXBZUS
M15,2025-01-24,BOJ raises policy guideline to about 0.50%,BOJ policy,monetary_regime_change,DEXBZUS,BRL vs USD,5d,2025-01-23,2025-01-30,5.906,5.896,0.1693,%,local-currency return vs USD,descriptive_event_window_not_causal,FRED-DEXBZUS
M15,2025-01-24,BOJ raises policy guideline to about 0.50%,BOJ policy,monetary_regime_change,DEXBZUS,BRL vs USD,20d,2025-01-23,2025-02-21,5.906,5.6976,3.5286,%,local-currency return vs USD,descriptive_event_window_not_causal,FRED-DEXBZUS
M15,2025-01-24,BOJ raises policy guideline to about 0.50%,BOJ policy,monetary_regime_change,SP500,S&P 500,1d,2025-01-23,2025-01-24,6118.71,6101.24,-0.2855,%,return_pct,descriptive_event_window_not_causal,FRED-SP500
M15,2025-01-24,BOJ raises policy guideline to about 0.50%,BOJ policy,monetary_regime_change,SP500,S&P 500,5d,2025-01-23,2025-01-30,6118.71,6071.17,-0.777,%,return_pct,descriptive_event_window_not_causal,FRED-SP500
M15,2025-01-24,BOJ raises policy guideline to about 0.50%,BOJ policy,monetary_regime_change,SP500,S&P 500,20d,2025-01-23,2025-02-21,6118.71,6013.13,-1.7255,%,return_pct,descriptive_event_window_not_causal,FRED-SP500
M15,2025-01-24,BOJ raises policy guideline to about 0.50%,BOJ policy,monetary_regime_change,NASDAQCOM,Nasdaq Composite,1d,2025-01-23,2025-01-24,20053.68,19954.3,-0.4956,%,return_pct,descriptive_event_window_not_causal,FRED-NASDAQCOM
M15,2025-01-24,BOJ raises policy guideline to about 0.50%,BOJ policy,monetary_regime_change,NASDAQCOM,Nasdaq Composite,5d,2025-01-23,2025-01-30,20053.68,19681.75,-1.8547,%,return_pct,descriptive_event_window_not_causal,FRED-NASDAQCOM
M15,2025-01-24,BOJ raises policy guideline to about 0.50%,BOJ policy,monetary_regime_change,NASDAQCOM,Nasdaq Composite,20d,2025-01-23,2025-02-21,20053.68,19524.01,-2.6413,%,return_pct,descriptive_event_window_not_causal,FRED-NASDAQCOM
M15,2025-01-24,BOJ raises policy guideline to about 0.50%,BOJ policy,monetary_regime_change,NIKKEI225,Nikkei 225,1d,2025-01-23,2025-01-24,39958.87,39931.98,-0.0673,%,return_pct,descriptive_event_window_not_causal,FRED-NIKKEI225
M15,2025-01-24,BOJ raises policy guideline to about 0.50%,BOJ policy,monetary_regime_change,NIKKEI225,Nikkei 225,5d,2025-01-23,2025-01-30,39958.87,39513.97,-1.1134,%,return_pct,descriptive_event_window_not_causal,FRED-NIKKEI225
M15,2025-01-24,BOJ raises policy guideline to about 0.50%,BOJ policy,monetary_regime_change,NIKKEI225,Nikkei 225,20d,2025-01-23,2025-02-21,39958.87,38776.94,-2.9579,%,return_pct,descriptive_event_window_not_causal,FRED-NIKKEI225
M15,2025-01-24,BOJ raises policy guideline to about 0.50%,BOJ policy,monetary_regime_change,VIXCLS,VIX,1d,2025-01-23,2025-01-24,15.02,14.85,-0.17,index points,change,descriptive_event_window_not_causal,FRED-VIXCLS
M15,2025-01-24,BOJ raises policy guideline to about 0.50%,BOJ policy,monetary_regime_change,VIXCLS,VIX,5d,2025-01-23,2025-01-30,15.02,15.84,0.82,index points,change,descriptive_event_window_not_causal,FRED-VIXCLS
M15,2025-01-24,BOJ raises policy guideline to about 0.50%,BOJ policy,monetary_regime_change,VIXCLS,VIX,20d,2025-01-23,2025-02-20,15.02,15.66,0.64,index points,change,descriptive_event_window_not_causal,FRED-VIXCLS
M15,2025-01-24,BOJ raises policy guideline to about 0.50%,BOJ policy,monetary_regime_change,DGS10,US 10-year Treasury yield,1d,2025-01-23,2025-01-24,4.65,4.63,-2,bp,change_bp,descriptive_event_window_not_causal,FRED-DGS10
M15,2025-01-24,BOJ raises policy guideline to about 0.50%,BOJ policy,monetary_regime_change,DGS10,US 10-year Treasury yield,5d,2025-01-23,2025-01-30,4.65,4.52,-13,bp,change_bp,descriptive_event_window_not_causal,FRED-DGS10
M15,2025-01-24,BOJ raises policy guideline to about 0.50%,BOJ policy,monetary_regime_change,DGS10,US 10-year Treasury yield,20d,2025-01-23,2025-02-21,4.65,4.42,-23,bp,change_bp,descriptive_event_window_not_causal,FRED-DGS10
M15,2025-01-24,BOJ raises policy guideline to about 0.50%,BOJ policy,monetary_regime_change,BAMLH0A0HYM2,US high-yield OAS,1d,2025-01-23,2025-01-24,2.61,2.6,-1,bp,change_bp,descriptive_event_window_not_causal,FRED-BAMLH0A0HYM2
M15,2025-01-24,BOJ raises policy guideline to about 0.50%,BOJ policy,monetary_regime_change,BAMLH0A0HYM2,US high-yield OAS,5d,2025-01-23,2025-01-30,2.61,2.67,6,bp,change_bp,descriptive_event_window_not_causal,FRED-BAMLH0A0HYM2
M15,2025-01-24,BOJ raises policy guideline to about 0.50%,BOJ policy,monetary_regime_change,BAMLH0A0HYM2,US high-yield OAS,20d,2025-01-23,2025-02-20,2.61,2.66,5,bp,change_bp,descriptive_event_window_not_causal,FRED-BAMLH0A0HYM2
M15,2025-01-24,BOJ raises policy guideline to about 0.50%,BOJ policy,monetary_regime_change,DCOILWTICO,WTI crude oil,1d,2025-01-23,2025-01-24,75.03,74.97,-0.08,%,return_pct,descriptive_event_window_not_causal,FRED-DCOILWTICO
M15,2025-01-24,BOJ raises policy guideline to about 0.50%,BOJ policy,monetary_regime_change,DCOILWTICO,WTI crude oil,5d,2025-01-23,2025-01-30,75.03,73.1,-2.5723,%,return_pct,descriptive_event_window_not_causal,FRED-DCOILWTICO
M15,2025-01-24,BOJ raises policy guideline to about 0.50%,BOJ policy,monetary_regime_change,DCOILWTICO,WTI crude oil,20d,2025-01-23,2025-02-21,75.03,70.72,-5.7444,%,return_pct,descriptive_event_window_not_causal,FRED-DCOILWTICO
M15,2025-01-24,BOJ raises policy guideline to about 0.50%,BOJ policy,monetary_regime_change,CBBTCUSD,Bitcoin,1d,2025-01-23,2025-01-24,104850.27,104733.56,-0.1113,%,return_pct,descriptive_event_window_not_causal,FRED-CBBTCUSD
M15,2025-01-24,BOJ raises policy guideline to about 0.50%,BOJ policy,monetary_regime_change,CBBTCUSD,Bitcoin,5d,2025-01-23,2025-01-28,104850.27,103747.25,-1.052,%,return_pct,descriptive_event_window_not_causal,FRED-CBBTCUSD
M15,2025-01-24,BOJ raises policy guideline to about 0.50%,BOJ policy,monetary_regime_change,CBBTCUSD,Bitcoin,20d,2025-01-23,2025-02-12,104850.27,96625.29,-7.8445,%,return_pct,descriptive_event_window_not_causal,FRED-CBBTCUSD
M15,2025-01-24,BOJ raises policy guideline to about 0.50%,BOJ policy,monetary_regime_change,DTWEXBGS,Broad US dollar index,1d,2025-01-23,2025-01-24,128.2162,127.4611,-0.5889,%,return_pct,descriptive_event_window_not_causal,FRED-DTWEXBGS
M15,2025-01-24,BOJ raises policy guideline to about 0.50%,BOJ policy,monetary_regime_change,DTWEXBGS,Broad US dollar index,5d,2025-01-23,2025-01-30,128.2162,128.1004,-0.0903,%,return_pct,descriptive_event_window_not_causal,FRED-DTWEXBGS
M15,2025-01-24,BOJ raises policy guideline to about 0.50%,BOJ policy,monetary_regime_change,DTWEXBGS,Broad US dollar index,20d,2025-01-23,2025-02-21,128.2162,127.1408,-0.8387,%,return_pct,descriptive_event_window_not_causal,FRED-DTWEXBGS
M16,2025-12-19,BOJ raises policy guideline to about 0.75%,BOJ policy,monetary_regime_change,DEXJPUS,JPY vs USD,1d,2025-12-18,2025-12-19,155.53,157.43,-1.2216,%,local-currency return vs USD,descriptive_event_window_not_causal,FRED-DEXJPUS
M16,2025-12-19,BOJ raises policy guideline to about 0.75%,BOJ policy,monetary_regime_change,DEXJPUS,JPY vs USD,5d,2025-12-18,2025-12-26,155.53,156.63,-0.7073,%,local-currency return vs USD,descriptive_event_window_not_causal,FRED-DEXJPUS
M16,2025-12-19,BOJ raises policy guideline to about 0.75%,BOJ policy,monetary_regime_change,DEXJPUS,JPY vs USD,20d,2025-12-18,2026-01-20,155.53,157.89,-1.5174,%,local-currency return vs USD,descriptive_event_window_not_causal,FRED-DEXJPUS
M16,2025-12-19,BOJ raises policy guideline to about 0.75%,BOJ policy,monetary_regime_change,DEXMXUS,MXN vs USD,1d,2025-12-18,2025-12-19,17.97,17.9977,-0.1541,%,local-currency return vs USD,descriptive_event_window_not_causal,FRED-DEXMXUS
M16,2025-12-19,BOJ raises policy guideline to about 0.75%,BOJ policy,monetary_regime_change,DEXMXUS,MXN vs USD,5d,2025-12-18,2025-12-26,17.97,17.9088,0.3406,%,local-currency return vs USD,descriptive_event_window_not_causal,FRED-DEXMXUS
M16,2025-12-19,BOJ raises policy guideline to about 0.75%,BOJ policy,monetary_regime_change,DEXMXUS,MXN vs USD,20d,2025-12-18,2026-01-20,17.97,17.6066,2.0223,%,local-currency return vs USD,descriptive_event_window_not_causal,FRED-DEXMXUS
M16,2025-12-19,BOJ raises policy guideline to about 0.75%,BOJ policy,monetary_regime_change,DEXUSAL,AUD vs USD,1d,2025-12-18,2025-12-19,0.6619,0.6617,-0.0302,%,local-currency return vs USD,descriptive_event_window_not_causal,FRED-DEXUSAL
M16,2025-12-19,BOJ raises policy guideline to about 0.75%,BOJ policy,monetary_regime_change,DEXUSAL,AUD vs USD,5d,2025-12-18,2025-12-26,0.6619,0.671,1.3748,%,local-currency return vs USD,descriptive_event_window_not_causal,FRED-DEXUSAL
M16,2025-12-19,BOJ raises policy guideline to about 0.75%,BOJ policy,monetary_regime_change,DEXUSAL,AUD vs USD,20d,2025-12-18,2026-01-20,0.6619,0.6743,1.8734,%,local-currency return vs USD,descriptive_event_window_not_causal,FRED-DEXUSAL
M16,2025-12-19,BOJ raises policy guideline to about 0.75%,BOJ policy,monetary_regime_change,DEXUSNZ,NZD vs USD,1d,2025-12-18,2025-12-19,0.5781,0.576,-0.3633,%,local-currency return vs USD,descriptive_event_window_not_causal,FRED-DEXUSNZ
M16,2025-12-19,BOJ raises policy guideline to about 0.75%,BOJ policy,monetary_regime_change,DEXUSNZ,NZD vs USD,5d,2025-12-18,2025-12-26,0.5781,0.583,0.8476,%,local-currency return vs USD,descriptive_event_window_not_causal,FRED-DEXUSNZ
M16,2025-12-19,BOJ raises policy guideline to about 0.75%,BOJ policy,monetary_regime_change,DEXUSNZ,NZD vs USD,20d,2025-12-18,2026-01-20,0.5781,0.5848,1.159,%,local-currency return vs USD,descriptive_event_window_not_causal,FRED-DEXUSNZ
M16,2025-12-19,BOJ raises policy guideline to about 0.75%,BOJ policy,monetary_regime_change,DEXBZUS,BRL vs USD,1d,2025-12-18,2025-12-19,5.5162,5.5107,0.0997,%,local-currency return vs USD,descriptive_event_window_not_causal,FRED-DEXBZUS
M16,2025-12-19,BOJ raises policy guideline to about 0.75%,BOJ policy,monetary_regime_change,DEXBZUS,BRL vs USD,5d,2025-12-18,2025-12-26,5.5162,5.5384,-0.4025,%,local-currency return vs USD,descriptive_event_window_not_causal,FRED-DEXBZUS
M16,2025-12-19,BOJ raises policy guideline to about 0.75%,BOJ policy,monetary_regime_change,DEXBZUS,BRL vs USD,20d,2025-12-18,2026-01-20,5.5162,5.3618,2.799,%,local-currency return vs USD,descriptive_event_window_not_causal,FRED-DEXBZUS
M16,2025-12-19,BOJ raises policy guideline to about 0.75%,BOJ policy,monetary_regime_change,SP500,S&P 500,1d,2025-12-18,2025-12-19,6774.76,6834.5,0.8818,%,return_pct,descriptive_event_window_not_causal,FRED-SP500
M16,2025-12-19,BOJ raises policy guideline to about 0.75%,BOJ policy,monetary_regime_change,SP500,S&P 500,5d,2025-12-18,2025-12-26,6774.76,6929.94,2.2906,%,return_pct,descriptive_event_window_not_causal,FRED-SP500
M16,2025-12-19,BOJ raises policy guideline to about 0.75%,BOJ policy,monetary_regime_change,SP500,S&P 500,20d,2025-12-18,2026-01-20,6774.76,6796.86,0.3262,%,return_pct,descriptive_event_window_not_causal,FRED-SP500
M16,2025-12-19,BOJ raises policy guideline to about 0.75%,BOJ policy,monetary_regime_change,NASDAQCOM,Nasdaq Composite,1d,2025-12-18,2025-12-19,23006.36,23307.62,1.3095,%,return_pct,descriptive_event_window_not_causal,FRED-NASDAQCOM
M16,2025-12-19,BOJ raises policy guideline to about 0.75%,BOJ policy,monetary_regime_change,NASDAQCOM,Nasdaq Composite,5d,2025-12-18,2025-12-26,23006.36,23593.1,2.5503,%,return_pct,descriptive_event_window_not_causal,FRED-NASDAQCOM
M16,2025-12-19,BOJ raises policy guideline to about 0.75%,BOJ policy,monetary_regime_change,NASDAQCOM,Nasdaq Composite,20d,2025-12-18,2026-01-20,23006.36,22954.32,-0.2262,%,return_pct,descriptive_event_window_not_causal,FRED-NASDAQCOM
M16,2025-12-19,BOJ raises policy guideline to about 0.75%,BOJ policy,monetary_regime_change,NIKKEI225,Nikkei 225,1d,2025-12-18,2025-12-19,49001.5,49507.21,1.032,%,return_pct,descriptive_event_window_not_causal,FRED-NIKKEI225
M16,2025-12-19,BOJ raises policy guideline to about 0.75%,BOJ policy,monetary_regime_change,NIKKEI225,Nikkei 225,5d,2025-12-18,2025-12-25,49001.5,50407.79,2.8699,%,return_pct,descriptive_event_window_not_causal,FRED-NIKKEI225
M16,2025-12-19,BOJ raises policy guideline to about 0.75%,BOJ policy,monetary_regime_change,NIKKEI225,Nikkei 225,20d,2025-12-18,2026-01-21,49001.5,52774.64,7.7,%,return_pct,descriptive_event_window_not_causal,FRED-NIKKEI225
M16,2025-12-19,BOJ raises policy guideline to about 0.75%,BOJ policy,monetary_regime_change,VIXCLS,VIX,1d,2025-12-18,2025-12-19,16.87,14.91,-1.96,index points,change,descriptive_event_window_not_causal,FRED-VIXCLS
M16,2025-12-19,BOJ raises policy guideline to about 0.75%,BOJ policy,monetary_regime_change,VIXCLS,VIX,5d,2025-12-18,2025-12-26,16.87,13.6,-3.27,index points,change,descriptive_event_window_not_causal,FRED-VIXCLS
M16,2025-12-19,BOJ raises policy guideline to about 0.75%,BOJ policy,monetary_regime_change,VIXCLS,VIX,20d,2025-12-18,2026-01-19,16.87,18.84,1.97,index points,change,descriptive_event_window_not_causal,FRED-VIXCLS
M16,2025-12-19,BOJ raises policy guideline to about 0.75%,BOJ policy,monetary_regime_change,DGS10,US 10-year Treasury yield,1d,2025-12-18,2025-12-19,4.12,4.16,4,bp,change_bp,descriptive_event_window_not_causal,FRED-DGS10
M16,2025-12-19,BOJ raises policy guideline to about 0.75%,BOJ policy,monetary_regime_change,DGS10,US 10-year Treasury yield,5d,2025-12-18,2025-12-26,4.12,4.14,2,bp,change_bp,descriptive_event_window_not_causal,FRED-DGS10
M16,2025-12-19,BOJ raises policy guideline to about 0.75%,BOJ policy,monetary_regime_change,DGS10,US 10-year Treasury yield,20d,2025-12-18,2026-01-20,4.12,4.3,18,bp,change_bp,descriptive_event_window_not_causal,FRED-DGS10
M16,2025-12-19,BOJ raises policy guideline to about 0.75%,BOJ policy,monetary_regime_change,BAMLH0A0HYM2,US high-yield OAS,1d,2025-12-18,2025-12-19,2.95,2.9,-5,bp,change_bp,descriptive_event_window_not_causal,FRED-BAMLH0A0HYM2
M16,2025-12-19,BOJ raises policy guideline to about 0.75%,BOJ policy,monetary_regime_change,BAMLH0A0HYM2,US high-yield OAS,5d,2025-12-18,2025-12-26,2.95,2.86,-9,bp,change_bp,descriptive_event_window_not_causal,FRED-BAMLH0A0HYM2
M16,2025-12-19,BOJ raises policy guideline to about 0.75%,BOJ policy,monetary_regime_change,BAMLH0A0HYM2,US high-yield OAS,20d,2025-12-18,2026-01-19,2.95,2.65,-30,bp,change_bp,descriptive_event_window_not_causal,FRED-BAMLH0A0HYM2
M16,2025-12-19,BOJ raises policy guideline to about 0.75%,BOJ policy,monetary_regime_change,DCOILWTICO,WTI crude oil,1d,2025-12-18,2025-12-19,56.22,56.8,1.0317,%,return_pct,descriptive_event_window_not_causal,FRED-DCOILWTICO
M16,2025-12-19,BOJ raises policy guideline to about 0.75%,BOJ policy,monetary_regime_change,DCOILWTICO,WTI crude oil,5d,2025-12-18,2025-12-26,56.22,56.6,0.6759,%,return_pct,descriptive_event_window_not_causal,FRED-DCOILWTICO
M16,2025-12-19,BOJ raises policy guideline to about 0.75%,BOJ policy,monetary_regime_change,DCOILWTICO,WTI crude oil,20d,2025-12-18,2026-01-20,56.22,60.3,7.2572,%,return_pct,descriptive_event_window_not_causal,FRED-DCOILWTICO
M16,2025-12-19,BOJ raises policy guideline to about 0.75%,BOJ policy,monetary_regime_change,CBBTCUSD,Bitcoin,1d,2025-12-18,2025-12-19,85352.25,88016.09,3.121,%,return_pct,descriptive_event_window_not_causal,FRED-CBBTCUSD
M16,2025-12-19,BOJ raises policy guideline to about 0.75%,BOJ policy,monetary_regime_change,CBBTCUSD,Bitcoin,5d,2025-12-18,2025-12-23,85352.25,87594.74,2.6273,%,return_pct,descriptive_event_window_not_causal,FRED-CBBTCUSD
M16,2025-12-19,BOJ raises policy guideline to about 0.75%,BOJ policy,monetary_regime_change,CBBTCUSD,Bitcoin,20d,2025-12-18,2026-01-07,85352.25,91377.92,7.0598,%,return_pct,descriptive_event_window_not_causal,FRED-CBBTCUSD
M16,2025-12-19,BOJ raises policy guideline to about 0.75%,BOJ policy,monetary_regime_change,DTWEXBGS,Broad US dollar index,1d,2025-12-18,2025-12-19,120.0528,120.1652,0.0936,%,return_pct,descriptive_event_window_not_causal,FRED-DTWEXBGS
M16,2025-12-19,BOJ raises policy guideline to about 0.75%,BOJ policy,monetary_regime_change,DTWEXBGS,Broad US dollar index,5d,2025-12-18,2025-12-26,120.0528,119.4723,-0.4835,%,return_pct,descriptive_event_window_not_causal,FRED-DTWEXBGS
M16,2025-12-19,BOJ raises policy guideline to about 0.75%,BOJ policy,monetary_regime_change,DTWEXBGS,Broad US dollar index,20d,2025-12-18,2026-01-20,120.0528,119.4455,-0.5059,%,return_pct,descriptive_event_window_not_causal,FRED-DTWEXBGS
M17,2026-04-30,MOF yen buying,FX intervention,official_fx_action,DEXJPUS,JPY vs USD,1d,2026-04-29,2026-04-30,160.23,156.66,2.228,%,local-currency return vs USD,descriptive_event_window_not_causal,FRED-DEXJPUS
M17,2026-04-30,MOF yen buying,FX intervention,official_fx_action,DEXJPUS,JPY vs USD,5d,2026-04-29,2026-05-06,160.23,156.44,2.3653,%,local-currency return vs USD,descriptive_event_window_not_causal,FRED-DEXJPUS
M17,2026-04-30,MOF yen buying,FX intervention,official_fx_action,DEXJPUS,JPY vs USD,20d,2026-04-29,2026-05-28,160.23,159.29,0.5867,%,local-currency return vs USD,descriptive_event_window_not_causal,FRED-DEXJPUS
M17,2026-04-30,MOF yen buying,FX intervention,official_fx_action,DEXMXUS,MXN vs USD,1d,2026-04-29,2026-04-30,17.4931,17.5161,-0.1315,%,local-currency return vs USD,descriptive_event_window_not_causal,FRED-DEXMXUS
M17,2026-04-30,MOF yen buying,FX intervention,official_fx_action,DEXMXUS,MXN vs USD,5d,2026-04-29,2026-05-06,17.4931,17.2577,1.3457,%,local-currency return vs USD,descriptive_event_window_not_causal,FRED-DEXMXUS
M17,2026-04-30,MOF yen buying,FX intervention,official_fx_action,DEXMXUS,MXN vs USD,20d,2026-04-29,2026-05-28,17.4931,17.337,0.8924,%,local-currency return vs USD,descriptive_event_window_not_causal,FRED-DEXMXUS
M17,2026-04-30,MOF yen buying,FX intervention,official_fx_action,DEXUSAL,AUD vs USD,1d,2026-04-29,2026-04-30,0.713,0.7184,0.7574,%,local-currency return vs USD,descriptive_event_window_not_causal,FRED-DEXUSAL
M17,2026-04-30,MOF yen buying,FX intervention,official_fx_action,DEXUSAL,AUD vs USD,5d,2026-04-29,2026-05-06,0.713,0.7235,1.4727,%,local-currency return vs USD,descriptive_event_window_not_causal,FRED-DEXUSAL
M17,2026-04-30,MOF yen buying,FX intervention,official_fx_action,DEXUSAL,AUD vs USD,20d,2026-04-29,2026-05-28,0.713,0.7159,0.4067,%,local-currency return vs USD,descriptive_event_window_not_causal,FRED-DEXUSAL
M17,2026-04-30,MOF yen buying,FX intervention,official_fx_action,DEXUSNZ,NZD vs USD,1d,2026-04-29,2026-04-30,0.5837,0.5892,0.9423,%,local-currency return vs USD,descriptive_event_window_not_causal,FRED-DEXUSNZ
M17,2026-04-30,MOF yen buying,FX intervention,official_fx_action,DEXUSNZ,NZD vs USD,5d,2026-04-29,2026-05-06,0.5837,0.5956,2.0387,%,local-currency return vs USD,descriptive_event_window_not_causal,FRED-DEXUSNZ
M17,2026-04-30,MOF yen buying,FX intervention,official_fx_action,DEXUSNZ,NZD vs USD,20d,2026-04-29,2026-05-28,0.5837,0.5927,1.5419,%,local-currency return vs USD,descriptive_event_window_not_causal,FRED-DEXUSNZ
M17,2026-04-30,MOF yen buying,FX intervention,official_fx_action,DEXBZUS,BRL vs USD,1d,2026-04-29,2026-04-30,4.9984,4.9792,0.3841,%,local-currency return vs USD,descriptive_event_window_not_causal,FRED-DEXBZUS
M17,2026-04-30,MOF yen buying,FX intervention,official_fx_action,DEXBZUS,BRL vs USD,5d,2026-04-29,2026-05-06,4.9984,4.9264,1.4405,%,local-currency return vs USD,descriptive_event_window_not_causal,FRED-DEXBZUS
M17,2026-04-30,MOF yen buying,FX intervention,official_fx_action,DEXBZUS,BRL vs USD,20d,2026-04-29,2026-05-28,4.9984,5.0474,-0.9803,%,local-currency return vs USD,descriptive_event_window_not_causal,FRED-DEXBZUS
M17,2026-04-30,MOF yen buying,FX intervention,official_fx_action,SP500,S&P 500,1d,2026-04-29,2026-04-30,7135.95,7209.01,1.0238,%,return_pct,descriptive_event_window_not_causal,FRED-SP500
M17,2026-04-30,MOF yen buying,FX intervention,official_fx_action,SP500,S&P 500,5d,2026-04-29,2026-05-06,7135.95,7365.12,3.2115,%,return_pct,descriptive_event_window_not_causal,FRED-SP500
M17,2026-04-30,MOF yen buying,FX intervention,official_fx_action,SP500,S&P 500,20d,2026-04-29,2026-05-28,7135.95,7563.63,5.9933,%,return_pct,descriptive_event_window_not_causal,FRED-SP500
M17,2026-04-30,MOF yen buying,FX intervention,official_fx_action,NASDAQCOM,Nasdaq Composite,1d,2026-04-29,2026-04-30,24673.24,24892.31,0.8879,%,return_pct,descriptive_event_window_not_causal,FRED-NASDAQCOM
M17,2026-04-30,MOF yen buying,FX intervention,official_fx_action,NASDAQCOM,Nasdaq Composite,5d,2026-04-29,2026-05-06,24673.24,25838.94,4.7246,%,return_pct,descriptive_event_window_not_causal,FRED-NASDAQCOM
M17,2026-04-30,MOF yen buying,FX intervention,official_fx_action,NASDAQCOM,Nasdaq Composite,20d,2026-04-29,2026-05-28,24673.24,26917.47,9.0958,%,return_pct,descriptive_event_window_not_causal,FRED-NASDAQCOM
M17,2026-04-30,MOF yen buying,FX intervention,official_fx_action,NIKKEI225,Nikkei 225,1d,2026-04-28,2026-04-30,59917.46,59284.92,-1.0557,%,return_pct,descriptive_event_window_not_causal,FRED-NIKKEI225
M17,2026-04-30,MOF yen buying,FX intervention,official_fx_action,NIKKEI225,Nikkei 225,5d,2026-04-28,2026-05-11,59917.46,62417.88,4.1731,%,return_pct,descriptive_event_window_not_causal,FRED-NIKKEI225
M17,2026-04-30,MOF yen buying,FX intervention,official_fx_action,NIKKEI225,Nikkei 225,20d,2026-04-28,2026-06-01,59917.46,66934.33,11.7109,%,return_pct,descriptive_event_window_not_causal,FRED-NIKKEI225
M17,2026-04-30,MOF yen buying,FX intervention,official_fx_action,VIXCLS,VIX,1d,2026-04-29,2026-04-30,18.81,16.89,-1.92,index points,change,descriptive_event_window_not_causal,FRED-VIXCLS
M17,2026-04-30,MOF yen buying,FX intervention,official_fx_action,VIXCLS,VIX,5d,2026-04-29,2026-05-06,18.81,17.39,-1.42,index points,change,descriptive_event_window_not_causal,FRED-VIXCLS
M17,2026-04-30,MOF yen buying,FX intervention,official_fx_action,VIXCLS,VIX,20d,2026-04-29,2026-05-27,18.81,16.29,-2.52,index points,change,descriptive_event_window_not_causal,FRED-VIXCLS
M17,2026-04-30,MOF yen buying,FX intervention,official_fx_action,DGS10,US 10-year Treasury yield,1d,2026-04-29,2026-04-30,4.42,4.4,-2,bp,change_bp,descriptive_event_window_not_causal,FRED-DGS10
M17,2026-04-30,MOF yen buying,FX intervention,official_fx_action,DGS10,US 10-year Treasury yield,5d,2026-04-29,2026-05-06,4.42,4.36,-6,bp,change_bp,descriptive_event_window_not_causal,FRED-DGS10
M17,2026-04-30,MOF yen buying,FX intervention,official_fx_action,DGS10,US 10-year Treasury yield,20d,2026-04-29,2026-05-28,4.42,4.45,3,bp,change_bp,descriptive_event_window_not_causal,FRED-DGS10
M17,2026-04-30,MOF yen buying,FX intervention,official_fx_action,BAMLH0A0HYM2,US high-yield OAS,1d,2026-04-29,2026-04-30,2.82,2.83,1,bp,change_bp,descriptive_event_window_not_causal,FRED-BAMLH0A0HYM2
M17,2026-04-30,MOF yen buying,FX intervention,official_fx_action,BAMLH0A0HYM2,US high-yield OAS,5d,2026-04-29,2026-05-06,2.82,2.75,-7,bp,change_bp,descriptive_event_window_not_causal,FRED-BAMLH0A0HYM2
M17,2026-04-30,MOF yen buying,FX intervention,official_fx_action,BAMLH0A0HYM2,US high-yield OAS,20d,2026-04-29,2026-05-27,2.82,2.71,-11,bp,change_bp,descriptive_event_window_not_causal,FRED-BAMLH0A0HYM2
M17,2026-04-30,MOF yen buying,FX intervention,official_fx_action,DCOILWTICO,WTI crude oil,1d,2026-04-29,2026-04-30,110.47,108.64,-1.6566,%,return_pct,descriptive_event_window_not_causal,FRED-DCOILWTICO
M17,2026-04-30,MOF yen buying,FX intervention,official_fx_action,DCOILWTICO,WTI crude oil,5d,2026-04-29,2026-05-06,110.47,98.75,-10.6092,%,return_pct,descriptive_event_window_not_causal,FRED-DCOILWTICO
M17,2026-04-30,MOF yen buying,FX intervention,official_fx_action,DCOILWTICO,WTI crude oil,20d,2026-04-29,2026-05-28,110.47,92.65,-16.1311,%,return_pct,descriptive_event_window_not_causal,FRED-DCOILWTICO
M17,2026-04-30,MOF yen buying,FX intervention,official_fx_action,CBBTCUSD,Bitcoin,1d,2026-04-29,2026-04-30,75794.4,76442.08,0.8545,%,return_pct,descriptive_event_window_not_causal,FRED-CBBTCUSD
M17,2026-04-30,MOF yen buying,FX intervention,official_fx_action,CBBTCUSD,Bitcoin,5d,2026-04-29,2026-05-04,75794.4,79926.19,5.4513,%,return_pct,descriptive_event_window_not_causal,FRED-CBBTCUSD
M17,2026-04-30,MOF yen buying,FX intervention,official_fx_action,CBBTCUSD,Bitcoin,20d,2026-04-29,2026-05-19,75794.4,76799.23,1.3257,%,return_pct,descriptive_event_window_not_causal,FRED-CBBTCUSD
M17,2026-04-30,MOF yen buying,FX intervention,official_fx_action,DTWEXBGS,Broad US dollar index,1d,2026-04-29,2026-04-30,119.0975,118.671,-0.3581,%,return_pct,descriptive_event_window_not_causal,FRED-DTWEXBGS
M17,2026-04-30,MOF yen buying,FX intervention,official_fx_action,DTWEXBGS,Broad US dollar index,5d,2026-04-29,2026-05-06,119.0975,118.0982,-0.8391,%,return_pct,descriptive_event_window_not_causal,FRED-DTWEXBGS
M17,2026-04-30,MOF yen buying,FX intervention,official_fx_action,DTWEXBGS,Broad US dollar index,20d,2026-04-29,2026-05-28,119.0975,119.0318,-0.0552,%,return_pct,descriptive_event_window_not_causal,FRED-DTWEXBGS
M18,2026-05-04,MOF yen buying,FX intervention,official_fx_action,DEXJPUS,JPY vs USD,1d,2026-05-01,2026-05-04,156.76,157.21,-0.2871,%,local-currency return vs USD,descriptive_event_window_not_causal,FRED-DEXJPUS
M18,2026-05-04,MOF yen buying,FX intervention,official_fx_action,DEXJPUS,JPY vs USD,5d,2026-05-01,2026-05-08,156.76,156.64,0.0766,%,local-currency return vs USD,descriptive_event_window_not_causal,FRED-DEXJPUS
M18,2026-05-04,MOF yen buying,FX intervention,official_fx_action,DEXJPUS,JPY vs USD,20d,2026-05-01,2026-06-01,156.76,159.66,-1.85,%,local-currency return vs USD,descriptive_event_window_not_causal,FRED-DEXJPUS
M18,2026-05-04,MOF yen buying,FX intervention,official_fx_action,DEXMXUS,MXN vs USD,1d,2026-05-01,2026-05-04,17.3969,17.5019,-0.6036,%,local-currency return vs USD,descriptive_event_window_not_causal,FRED-DEXMXUS
M18,2026-05-04,MOF yen buying,FX intervention,official_fx_action,DEXMXUS,MXN vs USD,5d,2026-05-01,2026-05-08,17.3969,17.207,1.0916,%,local-currency return vs USD,descriptive_event_window_not_causal,FRED-DEXMXUS
M18,2026-05-04,MOF yen buying,FX intervention,official_fx_action,DEXMXUS,MXN vs USD,20d,2026-05-01,2026-06-01,17.3969,17.3726,0.1397,%,local-currency return vs USD,descriptive_event_window_not_causal,FRED-DEXMXUS
M18,2026-05-04,MOF yen buying,FX intervention,official_fx_action,DEXUSAL,AUD vs USD,1d,2026-05-01,2026-05-04,0.7219,0.7167,-0.7203,%,local-currency return vs USD,descriptive_event_window_not_causal,FRED-DEXUSAL
M18,2026-05-04,MOF yen buying,FX intervention,official_fx_action,DEXUSAL,AUD vs USD,5d,2026-05-01,2026-05-08,0.7219,0.7242,0.3186,%,local-currency return vs USD,descriptive_event_window_not_causal,FRED-DEXUSAL
M18,2026-05-04,MOF yen buying,FX intervention,official_fx_action,DEXUSAL,AUD vs USD,20d,2026-05-01,2026-06-01,0.7219,0.7153,-0.9143,%,local-currency return vs USD,descriptive_event_window_not_causal,FRED-DEXUSAL
M18,2026-05-04,MOF yen buying,FX intervention,official_fx_action,DEXUSNZ,NZD vs USD,1d,2026-05-01,2026-05-04,0.5918,0.5873,-0.7604,%,local-currency return vs USD,descriptive_event_window_not_causal,FRED-DEXUSNZ
M18,2026-05-04,MOF yen buying,FX intervention,official_fx_action,DEXUSNZ,NZD vs USD,5d,2026-05-01,2026-05-08,0.5918,0.596,0.7097,%,local-currency return vs USD,descriptive_event_window_not_causal,FRED-DEXUSNZ
M18,2026-05-04,MOF yen buying,FX intervention,official_fx_action,DEXUSNZ,NZD vs USD,20d,2026-05-01,2026-06-01,0.5918,0.5931,0.2197,%,local-currency return vs USD,descriptive_event_window_not_causal,FRED-DEXUSNZ
M18,2026-05-04,MOF yen buying,FX intervention,official_fx_action,DEXBZUS,BRL vs USD,1d,2026-05-01,2026-05-04,4.955,4.9669,-0.2402,%,local-currency return vs USD,descriptive_event_window_not_causal,FRED-DEXBZUS
M18,2026-05-04,MOF yen buying,FX intervention,official_fx_action,DEXBZUS,BRL vs USD,5d,2026-05-01,2026-05-08,4.955,4.8976,1.1584,%,local-currency return vs USD,descriptive_event_window_not_causal,FRED-DEXBZUS
M18,2026-05-04,MOF yen buying,FX intervention,official_fx_action,DEXBZUS,BRL vs USD,20d,2026-05-01,2026-06-01,4.955,5.0323,-1.56,%,local-currency return vs USD,descriptive_event_window_not_causal,FRED-DEXBZUS
M18,2026-05-04,MOF yen buying,FX intervention,official_fx_action,SP500,S&P 500,1d,2026-05-01,2026-05-04,7230.12,7200.75,-0.4062,%,return_pct,descriptive_event_window_not_causal,FRED-SP500
M18,2026-05-04,MOF yen buying,FX intervention,official_fx_action,SP500,S&P 500,5d,2026-05-01,2026-05-08,7230.12,7398.93,2.3348,%,return_pct,descriptive_event_window_not_causal,FRED-SP500
M18,2026-05-04,MOF yen buying,FX intervention,official_fx_action,SP500,S&P 500,20d,2026-05-01,2026-06-01,7230.12,7599.96,5.1153,%,return_pct,descriptive_event_window_not_causal,FRED-SP500
M18,2026-05-04,MOF yen buying,FX intervention,official_fx_action,NASDAQCOM,Nasdaq Composite,1d,2026-05-01,2026-05-04,25114.44,25067.8,-0.1857,%,return_pct,descriptive_event_window_not_causal,FRED-NASDAQCOM
M18,2026-05-04,MOF yen buying,FX intervention,official_fx_action,NASDAQCOM,Nasdaq Composite,5d,2026-05-01,2026-05-08,25114.44,26247.08,4.5099,%,return_pct,descriptive_event_window_not_causal,FRED-NASDAQCOM
M18,2026-05-04,MOF yen buying,FX intervention,official_fx_action,NASDAQCOM,Nasdaq Composite,20d,2026-05-01,2026-06-01,25114.44,27086.81,7.8535,%,return_pct,descriptive_event_window_not_causal,FRED-NASDAQCOM
M18,2026-05-04,MOF yen buying,FX intervention,official_fx_action,NIKKEI225,Nikkei 225,1d,2026-05-01,2026-05-07,59513.12,62833.84,5.5798,%,return_pct,descriptive_event_window_not_causal,FRED-NIKKEI225
M18,2026-05-04,MOF yen buying,FX intervention,official_fx_action,NIKKEI225,Nikkei 225,5d,2026-05-01,2026-05-13,59513.12,63272.11,6.3162,%,return_pct,descriptive_event_window_not_causal,FRED-NIKKEI225
M18,2026-05-04,MOF yen buying,FX intervention,official_fx_action,NIKKEI225,Nikkei 225,20d,2026-05-01,2026-06-03,59513.12,68402.13,14.9362,%,return_pct,descriptive_event_window_not_causal,FRED-NIKKEI225
M18,2026-05-04,MOF yen buying,FX intervention,official_fx_action,VIXCLS,VIX,1d,2026-05-01,2026-05-04,16.99,18.29,1.3,index points,change,descriptive_event_window_not_causal,FRED-VIXCLS
M18,2026-05-04,MOF yen buying,FX intervention,official_fx_action,VIXCLS,VIX,5d,2026-05-01,2026-05-08,16.99,17.19,0.2,index points,change,descriptive_event_window_not_causal,FRED-VIXCLS
M18,2026-05-04,MOF yen buying,FX intervention,official_fx_action,VIXCLS,VIX,20d,2026-05-01,2026-05-29,16.99,15.32,-1.67,index points,change,descriptive_event_window_not_causal,FRED-VIXCLS
M18,2026-05-04,MOF yen buying,FX intervention,official_fx_action,DGS10,US 10-year Treasury yield,1d,2026-05-01,2026-05-04,4.39,4.45,6,bp,change_bp,descriptive_event_window_not_causal,FRED-DGS10
M18,2026-05-04,MOF yen buying,FX intervention,official_fx_action,DGS10,US 10-year Treasury yield,5d,2026-05-01,2026-05-08,4.39,4.38,-1,bp,change_bp,descriptive_event_window_not_causal,FRED-DGS10
M18,2026-05-04,MOF yen buying,FX intervention,official_fx_action,DGS10,US 10-year Treasury yield,20d,2026-05-01,2026-06-01,4.39,4.47,8,bp,change_bp,descriptive_event_window_not_causal,FRED-DGS10
M18,2026-05-04,MOF yen buying,FX intervention,official_fx_action,BAMLH0A0HYM2,US high-yield OAS,1d,2026-05-01,2026-05-04,2.77,2.78,1,bp,change_bp,descriptive_event_window_not_causal,FRED-BAMLH0A0HYM2
M18,2026-05-04,MOF yen buying,FX intervention,official_fx_action,BAMLH0A0HYM2,US high-yield OAS,5d,2026-05-01,2026-05-08,2.77,2.81,4,bp,change_bp,descriptive_event_window_not_causal,FRED-BAMLH0A0HYM2
M18,2026-05-04,MOF yen buying,FX intervention,official_fx_action,BAMLH0A0HYM2,US high-yield OAS,20d,2026-05-01,2026-05-29,2.77,2.72,-5,bp,change_bp,descriptive_event_window_not_causal,FRED-BAMLH0A0HYM2
M18,2026-05-04,MOF yen buying,FX intervention,official_fx_action,DCOILWTICO,WTI crude oil,1d,2026-05-01,2026-05-04,105.38,109.76,4.1564,%,return_pct,descriptive_event_window_not_causal,FRED-DCOILWTICO
M18,2026-05-04,MOF yen buying,FX intervention,official_fx_action,DCOILWTICO,WTI crude oil,5d,2026-05-01,2026-05-08,105.38,98.87,-6.1776,%,return_pct,descriptive_event_window_not_causal,FRED-DCOILWTICO
M18,2026-05-04,MOF yen buying,FX intervention,official_fx_action,DCOILWTICO,WTI crude oil,20d,2026-05-01,2026-06-01,105.38,95.96,-8.9391,%,return_pct,descriptive_event_window_not_causal,FRED-DCOILWTICO
M18,2026-05-04,MOF yen buying,FX intervention,official_fx_action,CBBTCUSD,Bitcoin,1d,2026-05-03,2026-05-04,78496.31,79926.19,1.8216,%,return_pct,descriptive_event_window_not_causal,FRED-CBBTCUSD
M18,2026-05-04,MOF yen buying,FX intervention,official_fx_action,CBBTCUSD,Bitcoin,5d,2026-05-03,2026-05-08,78496.31,80150.27,2.1071,%,return_pct,descriptive_event_window_not_causal,FRED-CBBTCUSD
M18,2026-05-04,MOF yen buying,FX intervention,official_fx_action,CBBTCUSD,Bitcoin,20d,2026-05-03,2026-05-23,78496.31,76627.99,-2.3801,%,return_pct,descriptive_event_window_not_causal,FRED-CBBTCUSD
M18,2026-05-04,MOF yen buying,FX intervention,official_fx_action,DTWEXBGS,Broad US dollar index,1d,2026-05-01,2026-05-04,118.3926,118.8264,0.3664,%,return_pct,descriptive_event_window_not_causal,FRED-DTWEXBGS
M18,2026-05-04,MOF yen buying,FX intervention,official_fx_action,DTWEXBGS,Broad US dollar index,5d,2026-05-01,2026-05-08,118.3926,118.0392,-0.2985,%,return_pct,descriptive_event_window_not_causal,FRED-DTWEXBGS
M18,2026-05-04,MOF yen buying,FX intervention,official_fx_action,DTWEXBGS,Broad US dollar index,20d,2026-05-01,2026-06-01,118.3926,119.1653,0.6527,%,return_pct,descriptive_event_window_not_causal,FRED-DTWEXBGS
M19,2026-05-06,MOF yen buying,FX intervention,official_fx_action,DEXJPUS,JPY vs USD,1d,2026-05-05,2026-05-06,157.68,156.44,0.7864,%,local-currency return vs USD,descriptive_event_window_not_causal,FRED-DEXJPUS
M19,2026-05-06,MOF yen buying,FX intervention,official_fx_action,DEXJPUS,JPY vs USD,5d,2026-05-05,2026-05-12,157.68,157.71,-0.019,%,local-currency return vs USD,descriptive_event_window_not_causal,FRED-DEXJPUS
M19,2026-05-06,MOF yen buying,FX intervention,official_fx_action,DEXJPUS,JPY vs USD,20d,2026-05-05,2026-06-03,157.68,159.97,-1.4523,%,local-currency return vs USD,descriptive_event_window_not_causal,FRED-DEXJPUS
M19,2026-05-06,MOF yen buying,FX intervention,official_fx_action,DEXMXUS,MXN vs USD,1d,2026-05-05,2026-05-06,17.3741,17.2577,0.67,%,local-currency return vs USD,descriptive_event_window_not_causal,FRED-DEXMXUS
M19,2026-05-06,MOF yen buying,FX intervention,official_fx_action,DEXMXUS,MXN vs USD,5d,2026-05-05,2026-05-12,17.3741,17.2543,0.6895,%,local-currency return vs USD,descriptive_event_window_not_causal,FRED-DEXMXUS
M19,2026-05-06,MOF yen buying,FX intervention,official_fx_action,DEXMXUS,MXN vs USD,20d,2026-05-05,2026-06-03,17.3741,17.319,0.3171,%,local-currency return vs USD,descriptive_event_window_not_causal,FRED-DEXMXUS
M19,2026-05-06,MOF yen buying,FX intervention,official_fx_action,DEXUSAL,AUD vs USD,1d,2026-05-05,2026-05-06,0.7196,0.7235,0.542,%,local-currency return vs USD,descriptive_event_window_not_causal,FRED-DEXUSAL
M19,2026-05-06,MOF yen buying,FX intervention,official_fx_action,DEXUSAL,AUD vs USD,5d,2026-05-05,2026-05-12,0.7196,0.7224,0.3891,%,local-currency return vs USD,descriptive_event_window_not_causal,FRED-DEXUSAL
M19,2026-05-06,MOF yen buying,FX intervention,official_fx_action,DEXUSAL,AUD vs USD,20d,2026-05-05,2026-06-03,0.7196,0.7139,-0.7921,%,local-currency return vs USD,descriptive_event_window_not_causal,FRED-DEXUSAL
M19,2026-05-06,MOF yen buying,FX intervention,official_fx_action,DEXUSNZ,NZD vs USD,1d,2026-05-05,2026-05-06,0.5903,0.5956,0.8978,%,local-currency return vs USD,descriptive_event_window_not_causal,FRED-DEXUSNZ
M19,2026-05-06,MOF yen buying,FX intervention,official_fx_action,DEXUSNZ,NZD vs USD,5d,2026-05-05,2026-05-12,0.5903,0.5944,0.6946,%,local-currency return vs USD,descriptive_event_window_not_causal,FRED-DEXUSNZ
M19,2026-05-06,MOF yen buying,FX intervention,official_fx_action,DEXUSNZ,NZD vs USD,20d,2026-05-05,2026-06-03,0.5903,0.5871,-0.5421,%,local-currency return vs USD,descriptive_event_window_not_causal,FRED-DEXUSNZ
M19,2026-05-06,MOF yen buying,FX intervention,official_fx_action,DEXBZUS,BRL vs USD,1d,2026-05-05,2026-05-06,4.9103,4.9264,-0.3279,%,local-currency return vs USD,descriptive_event_window_not_causal,FRED-DEXBZUS
M19,2026-05-06,MOF yen buying,FX intervention,official_fx_action,DEXBZUS,BRL vs USD,5d,2026-05-05,2026-05-12,4.9103,4.9005,0.1996,%,local-currency return vs USD,descriptive_event_window_not_causal,FRED-DEXBZUS
M19,2026-05-06,MOF yen buying,FX intervention,official_fx_action,DEXBZUS,BRL vs USD,20d,2026-05-05,2026-06-03,4.9103,5.0461,-2.7656,%,local-currency return vs USD,descriptive_event_window_not_causal,FRED-DEXBZUS
M19,2026-05-06,MOF yen buying,FX intervention,official_fx_action,SP500,S&P 500,1d,2026-05-05,2026-05-06,7259.22,7365.12,1.4588,%,return_pct,descriptive_event_window_not_causal,FRED-SP500
M19,2026-05-06,MOF yen buying,FX intervention,official_fx_action,SP500,S&P 500,5d,2026-05-05,2026-05-12,7259.22,7400.96,1.9526,%,return_pct,descriptive_event_window_not_causal,FRED-SP500
M19,2026-05-06,MOF yen buying,FX intervention,official_fx_action,SP500,S&P 500,20d,2026-05-05,2026-06-03,7259.22,7553.68,4.0564,%,return_pct,descriptive_event_window_not_causal,FRED-SP500
M19,2026-05-06,MOF yen buying,FX intervention,official_fx_action,NASDAQCOM,Nasdaq Composite,1d,2026-05-05,2026-05-06,25326.13,25838.94,2.0248,%,return_pct,descriptive_event_window_not_causal,FRED-NASDAQCOM
M19,2026-05-06,MOF yen buying,FX intervention,official_fx_action,NASDAQCOM,Nasdaq Composite,5d,2026-05-05,2026-05-12,25326.13,26088.2,3.009,%,return_pct,descriptive_event_window_not_causal,FRED-NASDAQCOM
M19,2026-05-06,MOF yen buying,FX intervention,official_fx_action,NASDAQCOM,Nasdaq Composite,20d,2026-05-05,2026-06-03,25326.13,26853.98,6.0327,%,return_pct,descriptive_event_window_not_causal,FRED-NASDAQCOM
M19,2026-05-06,MOF yen buying,FX intervention,official_fx_action,NIKKEI225,Nikkei 225,1d,2026-05-01,2026-05-07,59513.12,62833.84,5.5798,%,return_pct,descriptive_event_window_not_causal,FRED-NIKKEI225
M19,2026-05-06,MOF yen buying,FX intervention,official_fx_action,NIKKEI225,Nikkei 225,5d,2026-05-01,2026-05-13,59513.12,63272.11,6.3162,%,return_pct,descriptive_event_window_not_causal,FRED-NIKKEI225
M19,2026-05-06,MOF yen buying,FX intervention,official_fx_action,NIKKEI225,Nikkei 225,20d,2026-05-01,2026-06-03,59513.12,68402.13,14.9362,%,return_pct,descriptive_event_window_not_causal,FRED-NIKKEI225
M19,2026-05-06,MOF yen buying,FX intervention,official_fx_action,VIXCLS,VIX,1d,2026-05-05,2026-05-06,17.38,17.39,0.01,index points,change,descriptive_event_window_not_causal,FRED-VIXCLS
M19,2026-05-06,MOF yen buying,FX intervention,official_fx_action,VIXCLS,VIX,5d,2026-05-05,2026-05-12,17.38,17.99,0.61,index points,change,descriptive_event_window_not_causal,FRED-VIXCLS
M19,2026-05-06,MOF yen buying,FX intervention,official_fx_action,VIXCLS,VIX,20d,2026-05-05,2026-06-02,17.38,15.77,-1.61,index points,change,descriptive_event_window_not_causal,FRED-VIXCLS
M19,2026-05-06,MOF yen buying,FX intervention,official_fx_action,DGS10,US 10-year Treasury yield,1d,2026-05-05,2026-05-06,4.43,4.36,-7,bp,change_bp,descriptive_event_window_not_causal,FRED-DGS10
M19,2026-05-06,MOF yen buying,FX intervention,official_fx_action,DGS10,US 10-year Treasury yield,5d,2026-05-05,2026-05-12,4.43,4.46,3,bp,change_bp,descriptive_event_window_not_causal,FRED-DGS10
M19,2026-05-06,MOF yen buying,FX intervention,official_fx_action,DGS10,US 10-year Treasury yield,20d,2026-05-05,2026-06-03,4.43,4.49,6,bp,change_bp,descriptive_event_window_not_causal,FRED-DGS10
M19,2026-05-06,MOF yen buying,FX intervention,official_fx_action,BAMLH0A0HYM2,US high-yield OAS,1d,2026-05-05,2026-05-06,2.77,2.75,-2,bp,change_bp,descriptive_event_window_not_causal,FRED-BAMLH0A0HYM2
M19,2026-05-06,MOF yen buying,FX intervention,official_fx_action,BAMLH0A0HYM2,US high-yield OAS,5d,2026-05-05,2026-05-12,2.77,2.82,5,bp,change_bp,descriptive_event_window_not_causal,FRED-BAMLH0A0HYM2
M19,2026-05-06,MOF yen buying,FX intervention,official_fx_action,BAMLH0A0HYM2,US high-yield OAS,20d,2026-05-05,2026-06-01,2.77,2.72,-5,bp,change_bp,descriptive_event_window_not_causal,FRED-BAMLH0A0HYM2
M19,2026-05-06,MOF yen buying,FX intervention,official_fx_action,DCOILWTICO,WTI crude oil,1d,2026-05-05,2026-05-06,105.66,98.75,-6.5398,%,return_pct,descriptive_event_window_not_causal,FRED-DCOILWTICO
M19,2026-05-06,MOF yen buying,FX intervention,official_fx_action,DCOILWTICO,WTI crude oil,5d,2026-05-05,2026-05-12,105.66,105.78,0.1136,%,return_pct,descriptive_event_window_not_causal,FRED-DCOILWTICO
M19,2026-05-06,MOF yen buying,FX intervention,official_fx_action,DCOILWTICO,WTI crude oil,20d,2026-05-05,2026-06-03,105.66,99.76,-5.5839,%,return_pct,descriptive_event_window_not_causal,FRED-DCOILWTICO
M19,2026-05-06,MOF yen buying,FX intervention,official_fx_action,CBBTCUSD,Bitcoin,1d,2026-05-05,2026-05-06,81028.26,81476.51,0.5532,%,return_pct,descriptive_event_window_not_causal,FRED-CBBTCUSD
M19,2026-05-06,MOF yen buying,FX intervention,official_fx_action,CBBTCUSD,Bitcoin,5d,2026-05-05,2026-05-10,81028.26,82103.78,1.3273,%,return_pct,descriptive_event_window_not_causal,FRED-CBBTCUSD
M19,2026-05-06,MOF yen buying,FX intervention,official_fx_action,CBBTCUSD,Bitcoin,20d,2026-05-05,2026-05-25,81028.26,77196.83,-4.7285,%,return_pct,descriptive_event_window_not_causal,FRED-CBBTCUSD
M19,2026-05-06,MOF yen buying,FX intervention,official_fx_action,DTWEXBGS,Broad US dollar index,1d,2026-05-05,2026-05-06,118.6207,118.0982,-0.4405,%,return_pct,descriptive_event_window_not_causal,FRED-DTWEXBGS
M19,2026-05-06,MOF yen buying,FX intervention,official_fx_action,DTWEXBGS,Broad US dollar index,5d,2026-05-05,2026-05-12,118.6207,118.5238,-0.0817,%,return_pct,descriptive_event_window_not_causal,FRED-DTWEXBGS
M19,2026-05-06,MOF yen buying,FX intervention,official_fx_action,DTWEXBGS,Broad US dollar index,20d,2026-05-05,2026-06-03,118.6207,119.3848,0.6442,%,return_pct,descriptive_event_window_not_causal,FRED-DTWEXBGS
M20,2026-06-16,BOJ announces 1.00% policy guideline,BOJ policy,monetary_regime_change,DEXJPUS,JPY vs USD,1d,2026-06-15,2026-06-16,160.2,160.39,-0.1186,%,local-currency return vs USD,descriptive_event_window_not_causal,FRED-DEXJPUS
M20,2026-06-16,BOJ announces 1.00% policy guideline,BOJ policy,monetary_regime_change,DEXJPUS,JPY vs USD,5d,2026-06-15,2026-06-23,160.2,161.55,-0.8427,%,local-currency return vs USD,descriptive_event_window_not_causal,FRED-DEXJPUS
M20,2026-06-16,BOJ announces 1.00% policy guideline,BOJ policy,monetary_regime_change,DEXJPUS,JPY vs USD,20d,2026-06-15,2026-07-15,160.2,162.13,-1.2047,%,local-currency return vs USD,descriptive_event_window_not_causal,FRED-DEXJPUS
M20,2026-06-16,BOJ announces 1.00% policy guideline,BOJ policy,monetary_regime_change,DEXMXUS,MXN vs USD,1d,2026-06-15,2026-06-16,17.1934,17.1924,0.0058,%,local-currency return vs USD,descriptive_event_window_not_causal,FRED-DEXMXUS
M20,2026-06-16,BOJ announces 1.00% policy guideline,BOJ policy,monetary_regime_change,DEXMXUS,MXN vs USD,5d,2026-06-15,2026-06-23,17.1934,17.543,-2.0333,%,local-currency return vs USD,descriptive_event_window_not_causal,FRED-DEXMXUS
M20,2026-06-16,BOJ announces 1.00% policy guideline,BOJ policy,monetary_regime_change,DEXMXUS,MXN vs USD,20d,2026-06-15,2026-07-15,17.1934,17.3858,-1.119,%,local-currency return vs USD,descriptive_event_window_not_causal,FRED-DEXMXUS
M20,2026-06-16,BOJ announces 1.00% policy guideline,BOJ policy,monetary_regime_change,DEXUSAL,AUD vs USD,1d,2026-06-15,2026-06-16,0.7081,0.7077,-0.0565,%,local-currency return vs USD,descriptive_event_window_not_causal,FRED-DEXUSAL
M20,2026-06-16,BOJ announces 1.00% policy guideline,BOJ policy,monetary_regime_change,DEXUSAL,AUD vs USD,5d,2026-06-15,2026-06-23,0.7081,0.6926,-2.189,%,local-currency return vs USD,descriptive_event_window_not_causal,FRED-DEXUSAL
M20,2026-06-16,BOJ announces 1.00% policy guideline,BOJ policy,monetary_regime_change,DEXUSAL,AUD vs USD,20d,2026-06-15,2026-07-15,0.7081,0.6999,-1.158,%,local-currency return vs USD,descriptive_event_window_not_causal,FRED-DEXUSAL
M20,2026-06-16,BOJ announces 1.00% policy guideline,BOJ policy,monetary_regime_change,DEXUSNZ,NZD vs USD,1d,2026-06-15,2026-06-16,0.5835,0.5841,0.1028,%,local-currency return vs USD,descriptive_event_window_not_causal,FRED-DEXUSNZ
M20,2026-06-16,BOJ announces 1.00% policy guideline,BOJ policy,monetary_regime_change,DEXUSNZ,NZD vs USD,5d,2026-06-15,2026-06-23,0.5835,0.5672,-2.7935,%,local-currency return vs USD,descriptive_event_window_not_causal,FRED-DEXUSNZ
M20,2026-06-16,BOJ announces 1.00% policy guideline,BOJ policy,monetary_regime_change,DEXUSNZ,NZD vs USD,20d,2026-06-15,2026-07-15,0.5835,0.5839,0.0686,%,local-currency return vs USD,descriptive_event_window_not_causal,FRED-DEXUSNZ
M20,2026-06-16,BOJ announces 1.00% policy guideline,BOJ policy,monetary_regime_change,DEXBZUS,BRL vs USD,1d,2026-06-15,2026-06-16,5.0567,5.0777,-0.4153,%,local-currency return vs USD,descriptive_event_window_not_causal,FRED-DEXBZUS
M20,2026-06-16,BOJ announces 1.00% policy guideline,BOJ policy,monetary_regime_change,DEXBZUS,BRL vs USD,5d,2026-06-15,2026-06-23,5.0567,5.1812,-2.4621,%,local-currency return vs USD,descriptive_event_window_not_causal,FRED-DEXBZUS
M20,2026-06-16,BOJ announces 1.00% policy guideline,BOJ policy,monetary_regime_change,DEXBZUS,BRL vs USD,20d,2026-06-15,2026-07-15,5.0567,5.0796,-0.4529,%,local-currency return vs USD,descriptive_event_window_not_causal,FRED-DEXBZUS
M20,2026-06-16,BOJ announces 1.00% policy guideline,BOJ policy,monetary_regime_change,SP500,S&P 500,1d,2026-06-15,2026-06-16,7554.29,7511.35,-0.5684,%,return_pct,descriptive_event_window_not_causal,FRED-SP500
M20,2026-06-16,BOJ announces 1.00% policy guideline,BOJ policy,monetary_regime_change,SP500,S&P 500,5d,2026-06-15,2026-06-23,7554.29,7365.46,-2.4996,%,return_pct,descriptive_event_window_not_causal,FRED-SP500
M20,2026-06-16,BOJ announces 1.00% policy guideline,BOJ policy,monetary_regime_change,SP500,S&P 500,20d,2026-06-15,2026-07-15,7554.29,7572.4,0.2397,%,return_pct,descriptive_event_window_not_causal,FRED-SP500
M20,2026-06-16,BOJ announces 1.00% policy guideline,BOJ policy,monetary_regime_change,NASDAQCOM,Nasdaq Composite,1d,2026-06-15,2026-06-16,26683.94,26376.34,-1.1528,%,return_pct,descriptive_event_window_not_causal,FRED-NASDAQCOM
M20,2026-06-16,BOJ announces 1.00% policy guideline,BOJ policy,monetary_regime_change,NASDAQCOM,Nasdaq Composite,5d,2026-06-15,2026-06-23,26683.94,25587.04,-4.1107,%,return_pct,descriptive_event_window_not_causal,FRED-NASDAQCOM
M20,2026-06-16,BOJ announces 1.00% policy guideline,BOJ policy,monetary_regime_change,NASDAQCOM,Nasdaq Composite,20d,2026-06-15,2026-07-15,26683.94,26269.23,-1.5542,%,return_pct,descriptive_event_window_not_causal,FRED-NASDAQCOM
M20,2026-06-16,BOJ announces 1.00% policy guideline,BOJ policy,monetary_regime_change,NIKKEI225,Nikkei 225,1d,2026-06-15,2026-06-16,69317.5,69404.5,0.1255,%,return_pct,descriptive_event_window_not_causal,FRED-NIKKEI225
M20,2026-06-16,BOJ announces 1.00% policy guideline,BOJ policy,monetary_regime_change,NIKKEI225,Nikkei 225,5d,2026-06-15,2026-06-22,69317.5,72353.96,4.3805,%,return_pct,descriptive_event_window_not_causal,FRED-NIKKEI225
M20,2026-06-16,BOJ announces 1.00% policy guideline,BOJ policy,monetary_regime_change,NIKKEI225,Nikkei 225,20d,2026-06-15,2026-07-13,69317.5,67242.73,-2.9931,%,return_pct,descriptive_event_window_not_causal,FRED-NIKKEI225
M20,2026-06-16,BOJ announces 1.00% policy guideline,BOJ policy,monetary_regime_change,VIXCLS,VIX,1d,2026-06-15,2026-06-16,16.2,16.41,0.21,index points,change,descriptive_event_window_not_causal,FRED-VIXCLS
M20,2026-06-16,BOJ announces 1.00% policy guideline,BOJ policy,monetary_regime_change,VIXCLS,VIX,5d,2026-06-15,2026-06-22,16.2,17.28,1.08,index points,change,descriptive_event_window_not_causal,FRED-VIXCLS
M20,2026-06-16,BOJ announces 1.00% policy guideline,BOJ policy,monetary_regime_change,VIXCLS,VIX,20d,2026-06-15,2026-07-13,16.2,17.16,0.96,index points,change,descriptive_event_window_not_causal,FRED-VIXCLS
M20,2026-06-16,BOJ announces 1.00% policy guideline,BOJ policy,monetary_regime_change,DGS10,US 10-year Treasury yield,1d,2026-06-15,2026-06-16,4.47,4.43,-4,bp,change_bp,descriptive_event_window_not_causal,FRED-DGS10
M20,2026-06-16,BOJ announces 1.00% policy guideline,BOJ policy,monetary_regime_change,DGS10,US 10-year Treasury yield,5d,2026-06-15,2026-06-23,4.47,4.5,3,bp,change_bp,descriptive_event_window_not_causal,FRED-DGS10
M20,2026-06-16,BOJ announces 1.00% policy guideline,BOJ policy,monetary_regime_change,DGS10,US 10-year Treasury yield,20d,2026-06-15,2026-07-15,4.47,4.55,8,bp,change_bp,descriptive_event_window_not_causal,FRED-DGS10
M20,2026-06-16,BOJ announces 1.00% policy guideline,BOJ policy,monetary_regime_change,BAMLH0A0HYM2,US high-yield OAS,1d,2026-06-15,2026-06-16,2.66,2.71,5,bp,change_bp,descriptive_event_window_not_causal,FRED-BAMLH0A0HYM2
M20,2026-06-16,BOJ announces 1.00% policy guideline,BOJ policy,monetary_regime_change,BAMLH0A0HYM2,US high-yield OAS,5d,2026-06-15,2026-06-22,2.66,2.65,-1,bp,change_bp,descriptive_event_window_not_causal,FRED-BAMLH0A0HYM2
M20,2026-06-16,BOJ announces 1.00% policy guideline,BOJ policy,monetary_regime_change,BAMLH0A0HYM2,US high-yield OAS,20d,2026-06-15,2026-07-13,2.66,2.69,3,bp,change_bp,descriptive_event_window_not_causal,FRED-BAMLH0A0HYM2
M20,2026-06-16,BOJ announces 1.00% policy guideline,BOJ policy,monetary_regime_change,DCOILWTICO,WTI crude oil,1d,2026-06-15,2026-06-16,84.65,79.8,-5.7295,%,return_pct,descriptive_event_window_not_causal,FRED-DCOILWTICO
M20,2026-06-16,BOJ announces 1.00% policy guideline,BOJ policy,monetary_regime_change,DCOILWTICO,WTI crude oil,5d,2026-06-15,2026-06-23,84.65,74.62,-11.8488,%,return_pct,descriptive_event_window_not_causal,FRED-DCOILWTICO
M20,2026-06-16,BOJ announces 1.00% policy guideline,BOJ policy,monetary_regime_change,DCOILWTICO,WTI crude oil,20d,2026-06-15,2026-07-15,84.65,80.73,-4.6308,%,return_pct,descriptive_event_window_not_causal,FRED-DCOILWTICO
M20,2026-06-16,BOJ announces 1.00% policy guideline,BOJ policy,monetary_regime_change,CBBTCUSD,Bitcoin,1d,2026-06-15,2026-06-16,66231.94,65679.13,-0.8347,%,return_pct,descriptive_event_window_not_causal,FRED-CBBTCUSD
M20,2026-06-16,BOJ announces 1.00% policy guideline,BOJ policy,monetary_regime_change,CBBTCUSD,Bitcoin,5d,2026-06-15,2026-06-20,66231.94,64180,-3.0981,%,return_pct,descriptive_event_window_not_causal,FRED-CBBTCUSD
M20,2026-06-16,BOJ announces 1.00% policy guideline,BOJ policy,monetary_regime_change,CBBTCUSD,Bitcoin,20d,2026-06-15,2026-07-05,66231.94,63577.07,-4.0084,%,return_pct,descriptive_event_window_not_causal,FRED-CBBTCUSD
M20,2026-06-16,BOJ announces 1.00% policy guideline,BOJ policy,monetary_regime_change,DTWEXBGS,Broad US dollar index,1d,2026-06-15,2026-06-16,119.3158,119.256,-0.0501,%,return_pct,descriptive_event_window_not_causal,FRED-DTWEXBGS
M20,2026-06-16,BOJ announces 1.00% policy guideline,BOJ policy,monetary_regime_change,DTWEXBGS,Broad US dollar index,5d,2026-06-15,2026-06-23,119.3158,121.0552,1.4578,%,return_pct,descriptive_event_window_not_causal,FRED-DTWEXBGS
M20,2026-06-16,BOJ announces 1.00% policy guideline,BOJ policy,monetary_regime_change,DTWEXBGS,Broad US dollar index,20d,2026-06-15,2026-07-15,119.3158,120.3088,0.8322,%,return_pct,descriptive_event_window_not_causal,FRED-DTWEXBGS
M21,2026-06-17,BOJ 1.00% guideline takes effect,BOJ policy,monetary_regime_change,DEXJPUS,JPY vs USD,1d,2026-06-16,2026-06-17,160.39,160.22,0.106,%,local-currency return vs USD,descriptive_event_window_not_causal,FRED-DEXJPUS
M21,2026-06-17,BOJ 1.00% guideline takes effect,BOJ policy,monetary_regime_change,DEXJPUS,JPY vs USD,5d,2026-06-16,2026-06-24,160.39,161.76,-0.8542,%,local-currency return vs USD,descriptive_event_window_not_causal,FRED-DEXJPUS
M21,2026-06-17,BOJ 1.00% guideline takes effect,BOJ policy,monetary_regime_change,DEXJPUS,JPY vs USD,20d,2026-06-16,2026-07-16,160.39,162.42,-1.2657,%,local-currency return vs USD,descriptive_event_window_not_causal,FRED-DEXJPUS
M21,2026-06-17,BOJ 1.00% guideline takes effect,BOJ policy,monetary_regime_change,DEXMXUS,MXN vs USD,1d,2026-06-16,2026-06-17,17.1924,17.1796,0.0745,%,local-currency return vs USD,descriptive_event_window_not_causal,FRED-DEXMXUS
M21,2026-06-17,BOJ 1.00% guideline takes effect,BOJ policy,monetary_regime_change,DEXMXUS,MXN vs USD,5d,2026-06-16,2026-06-24,17.1924,17.6173,-2.4714,%,local-currency return vs USD,descriptive_event_window_not_causal,FRED-DEXMXUS
M21,2026-06-17,BOJ 1.00% guideline takes effect,BOJ policy,monetary_regime_change,DEXMXUS,MXN vs USD,20d,2026-06-16,2026-07-16,17.1924,17.428,-1.3704,%,local-currency return vs USD,descriptive_event_window_not_causal,FRED-DEXMXUS
M21,2026-06-17,BOJ 1.00% guideline takes effect,BOJ policy,monetary_regime_change,DEXUSAL,AUD vs USD,1d,2026-06-16,2026-06-17,0.7077,0.7073,-0.0565,%,local-currency return vs USD,descriptive_event_window_not_causal,FRED-DEXUSAL
M21,2026-06-17,BOJ 1.00% guideline takes effect,BOJ policy,monetary_regime_change,DEXUSAL,AUD vs USD,5d,2026-06-16,2026-06-24,0.7077,0.6895,-2.5717,%,local-currency return vs USD,descriptive_event_window_not_causal,FRED-DEXUSAL
M21,2026-06-17,BOJ 1.00% guideline takes effect,BOJ policy,monetary_regime_change,DEXUSAL,AUD vs USD,20d,2026-06-16,2026-07-16,0.7077,0.7004,-1.0315,%,local-currency return vs USD,descriptive_event_window_not_causal,FRED-DEXUSAL
M21,2026-06-17,BOJ 1.00% guideline takes effect,BOJ policy,monetary_regime_change,DEXUSNZ,NZD vs USD,1d,2026-06-16,2026-06-17,0.5841,0.5818,-0.3938,%,local-currency return vs USD,descriptive_event_window_not_causal,FRED-DEXUSNZ
M21,2026-06-17,BOJ 1.00% guideline takes effect,BOJ policy,monetary_regime_change,DEXUSNZ,NZD vs USD,5d,2026-06-16,2026-06-24,0.5841,0.5646,-3.3385,%,local-currency return vs USD,descriptive_event_window_not_causal,FRED-DEXUSNZ
M21,2026-06-17,BOJ 1.00% guideline takes effect,BOJ policy,monetary_regime_change,DEXUSNZ,NZD vs USD,20d,2026-06-16,2026-07-16,0.5841,0.5845,0.0685,%,local-currency return vs USD,descriptive_event_window_not_causal,FRED-DEXUSNZ
M21,2026-06-17,BOJ 1.00% guideline takes effect,BOJ policy,monetary_regime_change,DEXBZUS,BRL vs USD,1d,2026-06-16,2026-06-17,5.0777,5.0597,0.3545,%,local-currency return vs USD,descriptive_event_window_not_causal,FRED-DEXBZUS
M21,2026-06-17,BOJ 1.00% guideline takes effect,BOJ policy,monetary_regime_change,DEXBZUS,BRL vs USD,5d,2026-06-16,2026-06-24,5.0777,5.2101,-2.6075,%,local-currency return vs USD,descriptive_event_window_not_causal,FRED-DEXBZUS
M21,2026-06-17,BOJ 1.00% guideline takes effect,BOJ policy,monetary_regime_change,DEXBZUS,BRL vs USD,20d,2026-06-16,2026-07-16,5.0777,5.0927,-0.2954,%,local-currency return vs USD,descriptive_event_window_not_causal,FRED-DEXBZUS
M21,2026-06-17,BOJ 1.00% guideline takes effect,BOJ policy,monetary_regime_change,SP500,S&P 500,1d,2026-06-16,2026-06-17,7511.35,7420.1,-1.2148,%,return_pct,descriptive_event_window_not_causal,FRED-SP500
M21,2026-06-17,BOJ 1.00% guideline takes effect,BOJ policy,monetary_regime_change,SP500,S&P 500,5d,2026-06-16,2026-06-24,7511.35,7358.22,-2.0386,%,return_pct,descriptive_event_window_not_causal,FRED-SP500
M21,2026-06-17,BOJ 1.00% guideline takes effect,BOJ policy,monetary_regime_change,SP500,S&P 500,20d,2026-06-16,2026-07-16,7511.35,7533.77,0.2985,%,return_pct,descriptive_event_window_not_causal,FRED-SP500
M21,2026-06-17,BOJ 1.00% guideline takes effect,BOJ policy,monetary_regime_change,NASDAQCOM,Nasdaq Composite,1d,2026-06-16,2026-06-17,26376.34,26021.66,-1.3447,%,return_pct,descriptive_event_window_not_causal,FRED-NASDAQCOM
M21,2026-06-17,BOJ 1.00% guideline takes effect,BOJ policy,monetary_regime_change,NASDAQCOM,Nasdaq Composite,5d,2026-06-16,2026-06-24,26376.34,25476.64,-3.411,%,return_pct,descriptive_event_window_not_causal,FRED-NASDAQCOM
M21,2026-06-17,BOJ 1.00% guideline takes effect,BOJ policy,monetary_regime_change,NASDAQCOM,Nasdaq Composite,20d,2026-06-16,2026-07-16,26376.34,25881.95,-1.8744,%,return_pct,descriptive_event_window_not_causal,FRED-NASDAQCOM
M21,2026-06-17,BOJ 1.00% guideline takes effect,BOJ policy,monetary_regime_change,NIKKEI225,Nikkei 225,1d,2026-06-16,2026-06-17,69404.5,69902.25,0.7172,%,return_pct,descriptive_event_window_not_causal,FRED-NIKKEI225
M21,2026-06-17,BOJ 1.00% guideline takes effect,BOJ policy,monetary_regime_change,NIKKEI225,Nikkei 225,5d,2026-06-16,2026-06-23,69404.5,69788.38,0.5531,%,return_pct,descriptive_event_window_not_causal,FRED-NIKKEI225
M21,2026-06-17,BOJ 1.00% guideline takes effect,BOJ policy,monetary_regime_change,NIKKEI225,Nikkei 225,20d,2026-06-16,2026-07-14,69404.5,67743.5,-2.3932,%,return_pct,descriptive_event_window_not_causal,FRED-NIKKEI225
M21,2026-06-17,BOJ 1.00% guideline takes effect,BOJ policy,monetary_regime_change,VIXCLS,VIX,1d,2026-06-16,2026-06-17,16.41,18.44,2.03,index points,change,descriptive_event_window_not_causal,FRED-VIXCLS
M21,2026-06-17,BOJ 1.00% guideline takes effect,BOJ policy,monetary_regime_change,VIXCLS,VIX,5d,2026-06-16,2026-06-23,16.41,19.49,3.08,index points,change,descriptive_event_window_not_causal,FRED-VIXCLS
M21,2026-06-17,BOJ 1.00% guideline takes effect,BOJ policy,monetary_regime_change,VIXCLS,VIX,20d,2026-06-16,2026-07-14,16.41,16.5,0.09,index points,change,descriptive_event_window_not_causal,FRED-VIXCLS
M21,2026-06-17,BOJ 1.00% guideline takes effect,BOJ policy,monetary_regime_change,DGS10,US 10-year Treasury yield,1d,2026-06-16,2026-06-17,4.43,4.49,6,bp,change_bp,descriptive_event_window_not_causal,FRED-DGS10
M21,2026-06-17,BOJ 1.00% guideline takes effect,BOJ policy,monetary_regime_change,DGS10,US 10-year Treasury yield,5d,2026-06-16,2026-06-24,4.43,4.41,-2,bp,change_bp,descriptive_event_window_not_causal,FRED-DGS10
M21,2026-06-17,BOJ 1.00% guideline takes effect,BOJ policy,monetary_regime_change,DGS10,US 10-year Treasury yield,20d,2026-06-16,2026-07-16,4.43,4.57,14,bp,change_bp,descriptive_event_window_not_causal,FRED-DGS10
M21,2026-06-17,BOJ 1.00% guideline takes effect,BOJ policy,monetary_regime_change,BAMLH0A0HYM2,US high-yield OAS,1d,2026-06-16,2026-06-17,2.71,2.63,-8,bp,change_bp,descriptive_event_window_not_causal,FRED-BAMLH0A0HYM2
M21,2026-06-17,BOJ 1.00% guideline takes effect,BOJ policy,monetary_regime_change,BAMLH0A0HYM2,US high-yield OAS,5d,2026-06-16,2026-06-23,2.71,2.71,0,bp,change_bp,descriptive_event_window_not_causal,FRED-BAMLH0A0HYM2
M21,2026-06-17,BOJ 1.00% guideline takes effect,BOJ policy,monetary_regime_change,BAMLH0A0HYM2,US high-yield OAS,20d,2026-06-16,2026-07-14,2.71,2.72,1,bp,change_bp,descriptive_event_window_not_causal,FRED-BAMLH0A0HYM2
M21,2026-06-17,BOJ 1.00% guideline takes effect,BOJ policy,monetary_regime_change,DCOILWTICO,WTI crude oil,1d,2026-06-16,2026-06-17,79.8,80.65,1.0652,%,return_pct,descriptive_event_window_not_causal,FRED-DCOILWTICO
M21,2026-06-17,BOJ 1.00% guideline takes effect,BOJ policy,monetary_regime_change,DCOILWTICO,WTI crude oil,5d,2026-06-16,2026-06-24,79.8,71.42,-10.5013,%,return_pct,descriptive_event_window_not_causal,FRED-DCOILWTICO
M21,2026-06-17,BOJ 1.00% guideline takes effect,BOJ policy,monetary_regime_change,DCOILWTICO,WTI crude oil,20d,2026-06-16,2026-07-16,79.8,80.03,0.2882,%,return_pct,descriptive_event_window_not_causal,FRED-DCOILWTICO
M21,2026-06-17,BOJ 1.00% guideline takes effect,BOJ policy,monetary_regime_change,CBBTCUSD,Bitcoin,1d,2026-06-16,2026-06-17,65679.13,64529.96,-1.7497,%,return_pct,descriptive_event_window_not_causal,FRED-CBBTCUSD
M21,2026-06-17,BOJ 1.00% guideline takes effect,BOJ policy,monetary_regime_change,CBBTCUSD,Bitcoin,5d,2026-06-16,2026-06-21,65679.13,63321.17,-3.5901,%,return_pct,descriptive_event_window_not_causal,FRED-CBBTCUSD
M21,2026-06-17,BOJ 1.00% guideline takes effect,BOJ policy,monetary_regime_change,CBBTCUSD,Bitcoin,20d,2026-06-16,2026-07-06,65679.13,63980.01,-2.587,%,return_pct,descriptive_event_window_not_causal,FRED-CBBTCUSD
M21,2026-06-17,BOJ 1.00% guideline takes effect,BOJ policy,monetary_regime_change,DTWEXBGS,Broad US dollar index,1d,2026-06-16,2026-06-17,119.256,119.3871,0.1099,%,return_pct,descriptive_event_window_not_causal,FRED-DTWEXBGS
M21,2026-06-17,BOJ 1.00% guideline takes effect,BOJ policy,monetary_regime_change,DTWEXBGS,Broad US dollar index,5d,2026-06-16,2026-06-24,119.256,121.412,1.8079,%,return_pct,descriptive_event_window_not_causal,FRED-DTWEXBGS
M21,2026-06-17,BOJ 1.00% guideline takes effect,BOJ policy,monetary_regime_change,DTWEXBGS,Broad US dollar index,20d,2026-06-16,2026-07-16,119.256,120.331,0.9014,%,return_pct,descriptive_event_window_not_causal,FRED-DTWEXBGS
M22,2026-07-31,BOJ holds policy guideline near 1.00%,BOJ policy,monetary_regime_change,DEXJPUS,JPY vs USD,1d,2026-07-30,2026-07-31,159.47,159.16,0.1944,%,local-currency return vs USD,descriptive_event_window_not_causal,FRED-DEXJPUS
M22,2026-07-31,BOJ holds policy guideline near 1.00%,BOJ policy,monetary_regime_change,DEXJPUS,JPY vs USD,5d,2026-07-30,2026-08-06,159.47,158.45,0.6396,%,local-currency return vs USD,descriptive_event_window_not_causal,FRED-DEXJPUS
M22,2026-07-31,BOJ holds policy guideline near 1.00%,BOJ policy,monetary_regime_change,DEXJPUS,JPY vs USD,20d,2026-07-30,2026-08-27,159.47,159.26,0.1317,%,local-currency return vs USD,descriptive_event_window_not_causal,FRED-DEXJPUS
M22,2026-07-31,BOJ holds policy guideline near 1.00%,BOJ policy,monetary_regime_change,DEXMXUS,MXN vs USD,1d,2026-07-30,2026-07-31,17.338,17.3235,0.0836,%,local-currency return vs USD,descriptive_event_window_not_causal,FRED-DEXMXUS
M22,2026-07-31,BOJ holds policy guideline near 1.00%,BOJ policy,monetary_regime_change,DEXMXUS,MXN vs USD,5d,2026-07-30,2026-08-06,17.338,17.2255,0.6489,%,local-currency return vs USD,descriptive_event_window_not_causal,FRED-DEXMXUS
M22,2026-07-31,BOJ holds policy guideline near 1.00%,BOJ policy,monetary_regime_change,DEXMXUS,MXN vs USD,20d,2026-07-30,2026-08-27,17.338,16.9585,2.1888,%,local-currency return vs USD,descriptive_event_window_not_causal,FRED-DEXMXUS
M22,2026-07-31,BOJ holds policy guideline near 1.00%,BOJ policy,monetary_regime_change,DEXUSAL,AUD vs USD,1d,2026-07-30,2026-07-31,0.7022,0.7026,0.057,%,local-currency return vs USD,descriptive_event_window_not_causal,FRED-DEXUSAL
M22,2026-07-31,BOJ holds policy guideline near 1.00%,BOJ policy,monetary_regime_change,DEXUSAL,AUD vs USD,5d,2026-07-30,2026-08-06,0.7022,0.7028,0.0854,%,local-currency return vs USD,descriptive_event_window_not_causal,FRED-DEXUSAL
M22,2026-07-31,BOJ holds policy guideline near 1.00%,BOJ policy,monetary_regime_change,DEXUSAL,AUD vs USD,20d,2026-07-30,2026-08-27,0.7022,0.7198,2.5064,%,local-currency return vs USD,descriptive_event_window_not_causal,FRED-DEXUSAL
M22,2026-07-31,BOJ holds policy guideline near 1.00%,BOJ policy,monetary_regime_change,DEXUSNZ,NZD vs USD,1d,2026-07-30,2026-07-31,0.5876,0.5879,0.0511,%,local-currency return vs USD,descriptive_event_window_not_causal,FRED-DEXUSNZ
M22,2026-07-31,BOJ holds policy guideline near 1.00%,BOJ policy,monetary_regime_change,DEXUSNZ,NZD vs USD,5d,2026-07-30,2026-08-06,0.5876,0.5867,-0.1532,%,local-currency return vs USD,descriptive_event_window_not_causal,FRED-DEXUSNZ
M22,2026-07-31,BOJ holds policy guideline near 1.00%,BOJ policy,monetary_regime_change,DEXUSNZ,NZD vs USD,20d,2026-07-30,2026-08-27,0.5876,0.5953,1.3104,%,local-currency return vs USD,descriptive_event_window_not_causal,FRED-DEXUSNZ
M22,2026-07-31,BOJ holds policy guideline near 1.00%,BOJ policy,monetary_regime_change,DEXBZUS,BRL vs USD,1d,2026-07-30,2026-07-31,5.0673,5.0709,-0.071,%,local-currency return vs USD,descriptive_event_window_not_causal,FRED-DEXBZUS
M22,2026-07-31,BOJ holds policy guideline near 1.00%,BOJ policy,monetary_regime_change,DEXBZUS,BRL vs USD,5d,2026-07-30,2026-08-06,5.0673,5.1064,-0.7716,%,local-currency return vs USD,descriptive_event_window_not_causal,FRED-DEXBZUS
M22,2026-07-31,BOJ holds policy guideline near 1.00%,BOJ policy,monetary_regime_change,DEXBZUS,BRL vs USD,20d,2026-07-30,2026-08-27,5.0673,5.17,-2.0267,%,local-currency return vs USD,descriptive_event_window_not_causal,FRED-DEXBZUS
M22,2026-07-31,BOJ holds policy guideline near 1.00%,BOJ policy,monetary_regime_change,SP500,S&P 500,1d,2026-07-30,2026-07-31,7437.63,7489.72,0.7004,%,return_pct,descriptive_event_window_not_causal,FRED-SP500
M22,2026-07-31,BOJ holds policy guideline near 1.00%,BOJ policy,monetary_regime_change,SP500,S&P 500,5d,2026-07-30,2026-08-06,7437.63,7709.96,3.6615,%,return_pct,descriptive_event_window_not_causal,FRED-SP500
M22,2026-07-31,BOJ holds policy guideline near 1.00%,BOJ policy,monetary_regime_change,SP500,S&P 500,20d,2026-07-30,2026-08-27,7437.63,7730.99,3.9443,%,return_pct,descriptive_event_window_not_causal,FRED-SP500
M22,2026-07-31,BOJ holds policy guideline near 1.00%,BOJ policy,monetary_regime_change,NASDAQCOM,Nasdaq Composite,1d,2026-07-30,2026-07-31,25122.18,25373.85,1.0018,%,return_pct,descriptive_event_window_not_causal,FRED-NASDAQCOM
M22,2026-07-31,BOJ holds policy guideline near 1.00%,BOJ policy,monetary_regime_change,NASDAQCOM,Nasdaq Composite,5d,2026-07-30,2026-08-06,25122.18,26348.35,4.8808,%,return_pct,descriptive_event_window_not_causal,FRED-NASDAQCOM
M22,2026-07-31,BOJ holds policy guideline near 1.00%,BOJ policy,monetary_regime_change,NASDAQCOM,Nasdaq Composite,20d,2026-07-30,2026-08-27,25122.18,26541.35,5.6491,%,return_pct,descriptive_event_window_not_causal,FRED-NASDAQCOM
M22,2026-07-31,BOJ holds policy guideline near 1.00%,BOJ policy,monetary_regime_change,NIKKEI225,Nikkei 225,1d,2026-07-30,2026-07-31,61867.43,64362.02,4.0322,%,return_pct,descriptive_event_window_not_causal,FRED-NIKKEI225
M22,2026-07-31,BOJ holds policy guideline near 1.00%,BOJ policy,monetary_regime_change,NIKKEI225,Nikkei 225,5d,2026-07-30,2026-08-06,61867.43,65683.26,6.1678,%,return_pct,descriptive_event_window_not_causal,FRED-NIKKEI225
M22,2026-07-31,BOJ holds policy guideline near 1.00%,BOJ policy,monetary_regime_change,NIKKEI225,Nikkei 225,20d,2026-07-30,2026-08-28,61867.43,66405.56,7.3352,%,return_pct,descriptive_event_window_not_causal,FRED-NIKKEI225
M22,2026-07-31,BOJ holds policy guideline near 1.00%,BOJ policy,monetary_regime_change,VIXCLS,VIX,1d,2026-07-30,2026-07-31,17.09,15.99,-1.1,index points,change,descriptive_event_window_not_causal,FRED-VIXCLS
M22,2026-07-31,BOJ holds policy guideline near 1.00%,BOJ policy,monetary_regime_change,VIXCLS,VIX,5d,2026-07-30,2026-08-06,17.09,15.15,-1.94,index points,change,descriptive_event_window_not_causal,FRED-VIXCLS
M22,2026-07-31,BOJ holds policy guideline near 1.00%,BOJ policy,monetary_regime_change,VIXCLS,VIX,20d,2026-07-30,2026-08-27,17.09,14.51,-2.58,index points,change,descriptive_event_window_not_causal,FRED-VIXCLS
M22,2026-07-31,BOJ holds policy guideline near 1.00%,BOJ policy,monetary_regime_change,DGS10,US 10-year Treasury yield,1d,2026-07-30,2026-07-31,4.68,4.75,7,bp,change_bp,descriptive_event_window_not_causal,FRED-DGS10
M22,2026-07-31,BOJ holds policy guideline near 1.00%,BOJ policy,monetary_regime_change,DGS10,US 10-year Treasury yield,5d,2026-07-30,2026-08-06,4.68,4.69,1,bp,change_bp,descriptive_event_window_not_causal,FRED-DGS10
M22,2026-07-31,BOJ holds policy guideline near 1.00%,BOJ policy,monetary_regime_change,DGS10,US 10-year Treasury yield,20d,2026-07-30,2026-08-27,4.68,4.67,-1,bp,change_bp,descriptive_event_window_not_causal,FRED-DGS10
M22,2026-07-31,BOJ holds policy guideline near 1.00%,BOJ policy,monetary_regime_change,BAMLH0A0HYM2,US high-yield OAS,1d,2026-07-30,2026-07-31,2.84,2.85,1,bp,change_bp,descriptive_event_window_not_causal,FRED-BAMLH0A0HYM2
M22,2026-07-31,BOJ holds policy guideline near 1.00%,BOJ policy,monetary_regime_change,BAMLH0A0HYM2,US high-yield OAS,5d,2026-07-30,2026-08-06,2.84,2.71,-13,bp,change_bp,descriptive_event_window_not_causal,FRED-BAMLH0A0HYM2
M22,2026-07-31,BOJ holds policy guideline near 1.00%,BOJ policy,monetary_regime_change,BAMLH0A0HYM2,US high-yield OAS,20d,2026-07-30,2026-08-27,2.84,2.63,-21,bp,change_bp,descriptive_event_window_not_causal,FRED-BAMLH0A0HYM2
M22,2026-07-31,BOJ holds policy guideline near 1.00%,BOJ policy,monetary_regime_change,DCOILWTICO,WTI crude oil,1d,2026-07-30,2026-07-31,85.15,86.16,1.1861,%,return_pct,descriptive_event_window_not_causal,FRED-DCOILWTICO
M22,2026-07-31,BOJ holds policy guideline near 1.00%,BOJ policy,monetary_regime_change,DCOILWTICO,WTI crude oil,5d,2026-07-30,2026-08-06,85.15,78.88,-7.3635,%,return_pct,descriptive_event_window_not_causal,FRED-DCOILWTICO
M22,2026-07-31,BOJ holds policy guideline near 1.00%,BOJ policy,monetary_regime_change,DCOILWTICO,WTI crude oil,20d,2026-07-30,2026-08-27,85.15,84.81,-0.3993,%,return_pct,descriptive_event_window_not_causal,FRED-DCOILWTICO
M22,2026-07-31,BOJ holds policy guideline near 1.00%,BOJ policy,monetary_regime_change,CBBTCUSD,Bitcoin,1d,2026-07-30,2026-07-31,64817.71,62886.64,-2.9792,%,return_pct,descriptive_event_window_not_causal,FRED-CBBTCUSD
M22,2026-07-31,BOJ holds policy guideline near 1.00%,BOJ policy,monetary_regime_change,CBBTCUSD,Bitcoin,5d,2026-07-30,2026-08-04,64817.71,64023.39,-1.2255,%,return_pct,descriptive_event_window_not_causal,FRED-CBBTCUSD
M22,2026-07-31,BOJ holds policy guideline near 1.00%,BOJ policy,monetary_regime_change,CBBTCUSD,Bitcoin,20d,2026-07-30,2026-08-19,64817.71,69487.6,7.2047,%,return_pct,descriptive_event_window_not_causal,FRED-CBBTCUSD
M22,2026-07-31,BOJ holds policy guideline near 1.00%,BOJ policy,monetary_regime_change,DTWEXBGS,Broad US dollar index,1d,2026-07-30,2026-07-31,119.6753,119.7034,0.0235,%,return_pct,descriptive_event_window_not_causal,FRED-DTWEXBGS
M22,2026-07-31,BOJ holds policy guideline near 1.00%,BOJ policy,monetary_regime_change,DTWEXBGS,Broad US dollar index,5d,2026-07-30,2026-08-06,119.6753,119.5113,-0.137,%,return_pct,descriptive_event_window_not_causal,FRED-DTWEXBGS
M22,2026-07-31,BOJ holds policy guideline near 1.00%,BOJ policy,monetary_regime_change,DTWEXBGS,Broad US dollar index,20d,2026-07-30,2026-08-27,119.6753,118.3583,-1.1005,%,return_pct,descriptive_event_window_not_causal,FRED-DTWEXBGS
M23,2026-07-31,MOF reports zero intervention for 29 June-29 July,FX intervention,information_release,DEXJPUS,JPY vs USD,1d,2026-07-30,2026-07-31,159.47,159.16,0.1944,%,local-currency return vs USD,descriptive_event_window_not_causal,FRED-DEXJPUS
M23,2026-07-31,MOF reports zero intervention for 29 June-29 July,FX intervention,information_release,DEXJPUS,JPY vs USD,5d,2026-07-30,2026-08-06,159.47,158.45,0.6396,%,local-currency return vs USD,descriptive_event_window_not_causal,FRED-DEXJPUS
M23,2026-07-31,MOF reports zero intervention for 29 June-29 July,FX intervention,information_release,DEXJPUS,JPY vs USD,20d,2026-07-30,2026-08-27,159.47,159.26,0.1317,%,local-currency return vs USD,descriptive_event_window_not_causal,FRED-DEXJPUS
M23,2026-07-31,MOF reports zero intervention for 29 June-29 July,FX intervention,information_release,DEXMXUS,MXN vs USD,1d,2026-07-30,2026-07-31,17.338,17.3235,0.0836,%,local-currency return vs USD,descriptive_event_window_not_causal,FRED-DEXMXUS
M23,2026-07-31,MOF reports zero intervention for 29 June-29 July,FX intervention,information_release,DEXMXUS,MXN vs USD,5d,2026-07-30,2026-08-06,17.338,17.2255,0.6489,%,local-currency return vs USD,descriptive_event_window_not_causal,FRED-DEXMXUS
M23,2026-07-31,MOF reports zero intervention for 29 June-29 July,FX intervention,information_release,DEXMXUS,MXN vs USD,20d,2026-07-30,2026-08-27,17.338,16.9585,2.1888,%,local-currency return vs USD,descriptive_event_window_not_causal,FRED-DEXMXUS
M23,2026-07-31,MOF reports zero intervention for 29 June-29 July,FX intervention,information_release,DEXUSAL,AUD vs USD,1d,2026-07-30,2026-07-31,0.7022,0.7026,0.057,%,local-currency return vs USD,descriptive_event_window_not_causal,FRED-DEXUSAL
M23,2026-07-31,MOF reports zero intervention for 29 June-29 July,FX intervention,information_release,DEXUSAL,AUD vs USD,5d,2026-07-30,2026-08-06,0.7022,0.7028,0.0854,%,local-currency return vs USD,descriptive_event_window_not_causal,FRED-DEXUSAL
M23,2026-07-31,MOF reports zero intervention for 29 June-29 July,FX intervention,information_release,DEXUSAL,AUD vs USD,20d,2026-07-30,2026-08-27,0.7022,0.7198,2.5064,%,local-currency return vs USD,descriptive_event_window_not_causal,FRED-DEXUSAL
M23,2026-07-31,MOF reports zero intervention for 29 June-29 July,FX intervention,information_release,DEXUSNZ,NZD vs USD,1d,2026-07-30,2026-07-31,0.5876,0.5879,0.0511,%,local-currency return vs USD,descriptive_event_window_not_causal,FRED-DEXUSNZ
M23,2026-07-31,MOF reports zero intervention for 29 June-29 July,FX intervention,information_release,DEXUSNZ,NZD vs USD,5d,2026-07-30,2026-08-06,0.5876,0.5867,-0.1532,%,local-currency return vs USD,descriptive_event_window_not_causal,FRED-DEXUSNZ
M23,2026-07-31,MOF reports zero intervention for 29 June-29 July,FX intervention,information_release,DEXUSNZ,NZD vs USD,20d,2026-07-30,2026-08-27,0.5876,0.5953,1.3104,%,local-currency return vs USD,descriptive_event_window_not_causal,FRED-DEXUSNZ
M23,2026-07-31,MOF reports zero intervention for 29 June-29 July,FX intervention,information_release,DEXBZUS,BRL vs USD,1d,2026-07-30,2026-07-31,5.0673,5.0709,-0.071,%,local-currency return vs USD,descriptive_event_window_not_causal,FRED-DEXBZUS
M23,2026-07-31,MOF reports zero intervention for 29 June-29 July,FX intervention,information_release,DEXBZUS,BRL vs USD,5d,2026-07-30,2026-08-06,5.0673,5.1064,-0.7716,%,local-currency return vs USD,descriptive_event_window_not_causal,FRED-DEXBZUS
M23,2026-07-31,MOF reports zero intervention for 29 June-29 July,FX intervention,information_release,DEXBZUS,BRL vs USD,20d,2026-07-30,2026-08-27,5.0673,5.17,-2.0267,%,local-currency return vs USD,descriptive_event_window_not_causal,FRED-DEXBZUS
M23,2026-07-31,MOF reports zero intervention for 29 June-29 July,FX intervention,information_release,SP500,S&P 500,1d,2026-07-30,2026-07-31,7437.63,7489.72,0.7004,%,return_pct,descriptive_event_window_not_causal,FRED-SP500
M23,2026-07-31,MOF reports zero intervention for 29 June-29 July,FX intervention,information_release,SP500,S&P 500,5d,2026-07-30,2026-08-06,7437.63,7709.96,3.6615,%,return_pct,descriptive_event_window_not_causal,FRED-SP500
M23,2026-07-31,MOF reports zero intervention for 29 June-29 July,FX intervention,information_release,SP500,S&P 500,20d,2026-07-30,2026-08-27,7437.63,7730.99,3.9443,%,return_pct,descriptive_event_window_not_causal,FRED-SP500
M23,2026-07-31,MOF reports zero intervention for 29 June-29 July,FX intervention,information_release,NASDAQCOM,Nasdaq Composite,1d,2026-07-30,2026-07-31,25122.18,25373.85,1.0018,%,return_pct,descriptive_event_window_not_causal,FRED-NASDAQCOM
M23,2026-07-31,MOF reports zero intervention for 29 June-29 July,FX intervention,information_release,NASDAQCOM,Nasdaq Composite,5d,2026-07-30,2026-08-06,25122.18,26348.35,4.8808,%,return_pct,descriptive_event_window_not_causal,FRED-NASDAQCOM
M23,2026-07-31,MOF reports zero intervention for 29 June-29 July,FX intervention,information_release,NASDAQCOM,Nasdaq Composite,20d,2026-07-30,2026-08-27,25122.18,26541.35,5.6491,%,return_pct,descriptive_event_window_not_causal,FRED-NASDAQCOM
M23,2026-07-31,MOF reports zero intervention for 29 June-29 July,FX intervention,information_release,NIKKEI225,Nikkei 225,1d,2026-07-30,2026-07-31,61867.43,64362.02,4.0322,%,return_pct,descriptive_event_window_not_causal,FRED-NIKKEI225
M23,2026-07-31,MOF reports zero intervention for 29 June-29 July,FX intervention,information_release,NIKKEI225,Nikkei 225,5d,2026-07-30,2026-08-06,61867.43,65683.26,6.1678,%,return_pct,descriptive_event_window_not_causal,FRED-NIKKEI225
M23,2026-07-31,MOF reports zero intervention for 29 June-29 July,FX intervention,information_release,NIKKEI225,Nikkei 225,20d,2026-07-30,2026-08-28,61867.43,66405.56,7.3352,%,return_pct,descriptive_event_window_not_causal,FRED-NIKKEI225
M23,2026-07-31,MOF reports zero intervention for 29 June-29 July,FX intervention,information_release,VIXCLS,VIX,1d,2026-07-30,2026-07-31,17.09,15.99,-1.1,index points,change,descriptive_event_window_not_causal,FRED-VIXCLS
M23,2026-07-31,MOF reports zero intervention for 29 June-29 July,FX intervention,information_release,VIXCLS,VIX,5d,2026-07-30,2026-08-06,17.09,15.15,-1.94,index points,change,descriptive_event_window_not_causal,FRED-VIXCLS
M23,2026-07-31,MOF reports zero intervention for 29 June-29 July,FX intervention,information_release,VIXCLS,VIX,20d,2026-07-30,2026-08-27,17.09,14.51,-2.58,index points,change,descriptive_event_window_not_causal,FRED-VIXCLS
M23,2026-07-31,MOF reports zero intervention for 29 June-29 July,FX intervention,information_release,DGS10,US 10-year Treasury yield,1d,2026-07-30,2026-07-31,4.68,4.75,7,bp,change_bp,descriptive_event_window_not_causal,FRED-DGS10
M23,2026-07-31,MOF reports zero intervention for 29 June-29 July,FX intervention,information_release,DGS10,US 10-year Treasury yield,5d,2026-07-30,2026-08-06,4.68,4.69,1,bp,change_bp,descriptive_event_window_not_causal,FRED-DGS10
M23,2026-07-31,MOF reports zero intervention for 29 June-29 July,FX intervention,information_release,DGS10,US 10-year Treasury yield,20d,2026-07-30,2026-08-27,4.68,4.67,-1,bp,change_bp,descriptive_event_window_not_causal,FRED-DGS10
M23,2026-07-31,MOF reports zero intervention for 29 June-29 July,FX intervention,information_release,BAMLH0A0HYM2,US high-yield OAS,1d,2026-07-30,2026-07-31,2.84,2.85,1,bp,change_bp,descriptive_event_window_not_causal,FRED-BAMLH0A0HYM2
M23,2026-07-31,MOF reports zero intervention for 29 June-29 July,FX intervention,information_release,BAMLH0A0HYM2,US high-yield OAS,5d,2026-07-30,2026-08-06,2.84,2.71,-13,bp,change_bp,descriptive_event_window_not_causal,FRED-BAMLH0A0HYM2
M23,2026-07-31,MOF reports zero intervention for 29 June-29 July,FX intervention,information_release,BAMLH0A0HYM2,US high-yield OAS,20d,2026-07-30,2026-08-27,2.84,2.63,-21,bp,change_bp,descriptive_event_window_not_causal,FRED-BAMLH0A0HYM2
M23,2026-07-31,MOF reports zero intervention for 29 June-29 July,FX intervention,information_release,DCOILWTICO,WTI crude oil,1d,2026-07-30,2026-07-31,85.15,86.16,1.1861,%,return_pct,descriptive_event_window_not_causal,FRED-DCOILWTICO
M23,2026-07-31,MOF reports zero intervention for 29 June-29 July,FX intervention,information_release,DCOILWTICO,WTI crude oil,5d,2026-07-30,2026-08-06,85.15,78.88,-7.3635,%,return_pct,descriptive_event_window_not_causal,FRED-DCOILWTICO
M23,2026-07-31,MOF reports zero intervention for 29 June-29 July,FX intervention,information_release,DCOILWTICO,WTI crude oil,20d,2026-07-30,2026-08-27,85.15,84.81,-0.3993,%,return_pct,descriptive_event_window_not_causal,FRED-DCOILWTICO
M23,2026-07-31,MOF reports zero intervention for 29 June-29 July,FX intervention,information_release,CBBTCUSD,Bitcoin,1d,2026-07-30,2026-07-31,64817.71,62886.64,-2.9792,%,return_pct,descriptive_event_window_not_causal,FRED-CBBTCUSD
M23,2026-07-31,MOF reports zero intervention for 29 June-29 July,FX intervention,information_release,CBBTCUSD,Bitcoin,5d,2026-07-30,2026-08-04,64817.71,64023.39,-1.2255,%,return_pct,descriptive_event_window_not_causal,FRED-CBBTCUSD
M23,2026-07-31,MOF reports zero intervention for 29 June-29 July,FX intervention,information_release,CBBTCUSD,Bitcoin,20d,2026-07-30,2026-08-19,64817.71,69487.6,7.2047,%,return_pct,descriptive_event_window_not_causal,FRED-CBBTCUSD
M23,2026-07-31,MOF reports zero intervention for 29 June-29 July,FX intervention,information_release,DTWEXBGS,Broad US dollar index,1d,2026-07-30,2026-07-31,119.6753,119.7034,0.0235,%,return_pct,descriptive_event_window_not_causal,FRED-DTWEXBGS
M23,2026-07-31,MOF reports zero intervention for 29 June-29 July,FX intervention,information_release,DTWEXBGS,Broad US dollar index,5d,2026-07-30,2026-08-06,119.6753,119.5113,-0.137,%,return_pct,descriptive_event_window_not_causal,FRED-DTWEXBGS
M23,2026-07-31,MOF reports zero intervention for 29 June-29 July,FX intervention,information_release,DTWEXBGS,Broad US dollar index,20d,2026-07-30,2026-08-27,119.6753,118.3583,-1.1005,%,return_pct,descriptive_event_window_not_causal,FRED-DTWEXBGS
M24,2026-08-07,MOF publishes April-June daily intervention details,FX intervention,information_release,DEXJPUS,JPY vs USD,1d,2026-08-06,2026-08-07,158.45,157.54,0.5743,%,local-currency return vs USD,descriptive_event_window_not_causal,FRED-DEXJPUS
M24,2026-08-07,MOF publishes April-June daily intervention details,FX intervention,information_release,DEXJPUS,JPY vs USD,5d,2026-08-06,2026-08-13,158.45,159.35,-0.568,%,local-currency return vs USD,descriptive_event_window_not_causal,FRED-DEXJPUS
M24,2026-08-07,MOF publishes April-June daily intervention details,FX intervention,information_release,DEXJPUS,JPY vs USD,20d,2026-08-06,2026-09-03,158.45,155.39,1.9312,%,local-currency return vs USD,descriptive_event_window_not_causal,FRED-DEXJPUS
M24,2026-08-07,MOF publishes April-June daily intervention details,FX intervention,information_release,DEXMXUS,MXN vs USD,1d,2026-08-06,2026-08-07,17.2255,17.1357,0.5213,%,local-currency return vs USD,descriptive_event_window_not_causal,FRED-DEXMXUS
M24,2026-08-07,MOF publishes April-June daily intervention details,FX intervention,information_release,DEXMXUS,MXN vs USD,5d,2026-08-06,2026-08-13,17.2255,17.054,0.9956,%,local-currency return vs USD,descriptive_event_window_not_causal,FRED-DEXMXUS
M24,2026-08-07,MOF publishes April-June daily intervention details,FX intervention,information_release,DEXMXUS,MXN vs USD,20d,2026-08-06,2026-09-03,17.2255,16.9602,1.5402,%,local-currency return vs USD,descriptive_event_window_not_causal,FRED-DEXMXUS
M24,2026-08-07,MOF publishes April-June daily intervention details,FX intervention,information_release,DEXUSAL,AUD vs USD,1d,2026-08-06,2026-08-07,0.7028,0.7064,0.5122,%,local-currency return vs USD,descriptive_event_window_not_causal,FRED-DEXUSAL
M24,2026-08-07,MOF publishes April-June daily intervention details,FX intervention,information_release,DEXUSAL,AUD vs USD,5d,2026-08-06,2026-08-13,0.7028,0.7058,0.4269,%,local-currency return vs USD,descriptive_event_window_not_causal,FRED-DEXUSAL
M24,2026-08-07,MOF publishes April-June daily intervention details,FX intervention,information_release,DEXUSAL,AUD vs USD,20d,2026-08-06,2026-09-03,0.7028,0.7199,2.4331,%,local-currency return vs USD,descriptive_event_window_not_causal,FRED-DEXUSAL
M24,2026-08-07,MOF publishes April-June daily intervention details,FX intervention,information_release,DEXUSNZ,NZD vs USD,1d,2026-08-06,2026-08-07,0.5867,0.5892,0.4261,%,local-currency return vs USD,descriptive_event_window_not_causal,FRED-DEXUSNZ
M24,2026-08-07,MOF publishes April-June daily intervention details,FX intervention,information_release,DEXUSNZ,NZD vs USD,5d,2026-08-06,2026-08-13,0.5867,0.5848,-0.3238,%,local-currency return vs USD,descriptive_event_window_not_causal,FRED-DEXUSNZ
M24,2026-08-07,MOF publishes April-June daily intervention details,FX intervention,information_release,DEXUSNZ,NZD vs USD,20d,2026-08-06,2026-09-03,0.5867,0.5885,0.3068,%,local-currency return vs USD,descriptive_event_window_not_causal,FRED-DEXUSNZ
M24,2026-08-07,MOF publishes April-June daily intervention details,FX intervention,information_release,DEXBZUS,BRL vs USD,1d,2026-08-06,2026-08-07,5.1064,5.0882,0.3564,%,local-currency return vs USD,descriptive_event_window_not_causal,FRED-DEXBZUS
M24,2026-08-07,MOF publishes April-June daily intervention details,FX intervention,information_release,DEXBZUS,BRL vs USD,5d,2026-08-06,2026-08-13,5.1064,5.1879,-1.596,%,local-currency return vs USD,descriptive_event_window_not_causal,FRED-DEXBZUS
M24,2026-08-07,MOF publishes April-June daily intervention details,FX intervention,information_release,DEXBZUS,BRL vs USD,20d,2026-08-06,2026-09-03,5.1064,5.1062,0.0039,%,local-currency return vs USD,descriptive_event_window_not_causal,FRED-DEXBZUS
M24,2026-08-07,MOF publishes April-June daily intervention details,FX intervention,information_release,SP500,S&P 500,1d,2026-08-06,2026-08-07,7709.96,7757.64,0.6184,%,return_pct,descriptive_event_window_not_causal,FRED-SP500
M24,2026-08-07,MOF publishes April-June daily intervention details,FX intervention,information_release,SP500,S&P 500,5d,2026-08-06,2026-08-13,7709.96,7798.99,1.1547,%,return_pct,descriptive_event_window_not_causal,FRED-SP500
M24,2026-08-07,MOF publishes April-June daily intervention details,FX intervention,information_release,SP500,S&P 500,20d,2026-08-06,2026-09-03,7709.96,7747.71,0.4896,%,return_pct,descriptive_event_window_not_causal,FRED-SP500
M24,2026-08-07,MOF publishes April-June daily intervention details,FX intervention,information_release,NASDAQCOM,Nasdaq Composite,1d,2026-08-06,2026-08-07,26348.35,26690.62,1.299,%,return_pct,descriptive_event_window_not_causal,FRED-NASDAQCOM
M24,2026-08-07,MOF publishes April-June daily intervention details,FX intervention,information_release,NASDAQCOM,Nasdaq Composite,5d,2026-08-06,2026-08-13,26348.35,26803.03,1.7256,%,return_pct,descriptive_event_window_not_causal,FRED-NASDAQCOM
M24,2026-08-07,MOF publishes April-June daily intervention details,FX intervention,information_release,NASDAQCOM,Nasdaq Composite,20d,2026-08-06,2026-09-03,26348.35,26584.06,0.8946,%,return_pct,descriptive_event_window_not_causal,FRED-NASDAQCOM
M24,2026-08-07,MOF publishes April-June daily intervention details,FX intervention,information_release,NIKKEI225,Nikkei 225,1d,2026-08-06,2026-08-07,65683.26,65606.71,-0.1165,%,return_pct,descriptive_event_window_not_causal,FRED-NIKKEI225
M24,2026-08-07,MOF publishes April-June daily intervention details,FX intervention,information_release,NIKKEI225,Nikkei 225,5d,2026-08-06,2026-08-14,65683.26,68713.8,4.6139,%,return_pct,descriptive_event_window_not_causal,FRED-NIKKEI225
M24,2026-08-07,MOF publishes April-June daily intervention details,FX intervention,information_release,NIKKEI225,Nikkei 225,20d,2026-08-06,2026-09-04,65683.26,65020.94,-1.0084,%,return_pct,descriptive_event_window_not_causal,FRED-NIKKEI225
M24,2026-08-07,MOF publishes April-June daily intervention details,FX intervention,information_release,VIXCLS,VIX,1d,2026-08-06,2026-08-07,15.15,14.9,-0.25,index points,change,descriptive_event_window_not_causal,FRED-VIXCLS
M24,2026-08-07,MOF publishes April-June daily intervention details,FX intervention,information_release,VIXCLS,VIX,5d,2026-08-06,2026-08-13,15.15,14.63,-0.52,index points,change,descriptive_event_window_not_causal,FRED-VIXCLS
M24,2026-08-07,MOF publishes April-June daily intervention details,FX intervention,information_release,VIXCLS,VIX,20d,2026-08-06,2026-09-03,15.15,14.32,-0.83,index points,change,descriptive_event_window_not_causal,FRED-VIXCLS
M24,2026-08-07,MOF publishes April-June daily intervention details,FX intervention,information_release,DGS10,US 10-year Treasury yield,1d,2026-08-06,2026-08-07,4.69,4.65,-4,bp,change_bp,descriptive_event_window_not_causal,FRED-DGS10
M24,2026-08-07,MOF publishes April-June daily intervention details,FX intervention,information_release,DGS10,US 10-year Treasury yield,5d,2026-08-06,2026-08-13,4.69,4.63,-6,bp,change_bp,descriptive_event_window_not_causal,FRED-DGS10
M24,2026-08-07,MOF publishes April-June daily intervention details,FX intervention,information_release,DGS10,US 10-year Treasury yield,20d,2026-08-06,2026-09-03,4.69,4.77,8,bp,change_bp,descriptive_event_window_not_causal,FRED-DGS10
M24,2026-08-07,MOF publishes April-June daily intervention details,FX intervention,information_release,BAMLH0A0HYM2,US high-yield OAS,1d,2026-08-06,2026-08-07,2.71,2.7,-1,bp,change_bp,descriptive_event_window_not_causal,FRED-BAMLH0A0HYM2
M24,2026-08-07,MOF publishes April-June daily intervention details,FX intervention,information_release,BAMLH0A0HYM2,US high-yield OAS,5d,2026-08-06,2026-08-13,2.71,2.71,0,bp,change_bp,descriptive_event_window_not_causal,FRED-BAMLH0A0HYM2
M24,2026-08-07,MOF publishes April-June daily intervention details,FX intervention,information_release,BAMLH0A0HYM2,US high-yield OAS,20d,2026-08-06,2026-09-03,2.71,2.65,-6,bp,change_bp,descriptive_event_window_not_causal,FRED-BAMLH0A0HYM2
M24,2026-08-07,MOF publishes April-June daily intervention details,FX intervention,information_release,DCOILWTICO,WTI crude oil,1d,2026-08-06,2026-08-07,78.88,79.77,1.1283,%,return_pct,descriptive_event_window_not_causal,FRED-DCOILWTICO
M24,2026-08-07,MOF publishes April-June daily intervention details,FX intervention,information_release,DCOILWTICO,WTI crude oil,5d,2026-08-06,2026-08-13,78.88,82.77,4.9315,%,return_pct,descriptive_event_window_not_causal,FRED-DCOILWTICO
M24,2026-08-07,MOF publishes April-June daily intervention details,FX intervention,information_release,DCOILWTICO,WTI crude oil,20d,2026-08-06,2026-09-03,78.88,92.55,17.3301,%,return_pct,descriptive_event_window_not_causal,FRED-DCOILWTICO
M24,2026-08-07,MOF publishes April-June daily intervention details,FX intervention,information_release,CBBTCUSD,Bitcoin,1d,2026-08-06,2026-08-07,64291.84,64877.34,0.9107,%,return_pct,descriptive_event_window_not_causal,FRED-CBBTCUSD
M24,2026-08-07,MOF publishes April-June daily intervention details,FX intervention,information_release,CBBTCUSD,Bitcoin,5d,2026-08-06,2026-08-11,64291.84,63528.48,-1.1873,%,return_pct,descriptive_event_window_not_causal,FRED-CBBTCUSD
M24,2026-08-07,MOF publishes April-June daily intervention details,FX intervention,information_release,CBBTCUSD,Bitcoin,20d,2026-08-06,2026-08-26,64291.84,78961.93,22.818,%,return_pct,descriptive_event_window_not_causal,FRED-CBBTCUSD
M24,2026-08-07,MOF publishes April-June daily intervention details,FX intervention,information_release,DTWEXBGS,Broad US dollar index,1d,2026-08-06,2026-08-07,119.5113,119.0649,-0.3735,%,return_pct,descriptive_event_window_not_causal,FRED-DTWEXBGS
M24,2026-08-07,MOF publishes April-June daily intervention details,FX intervention,information_release,DTWEXBGS,Broad US dollar index,5d,2026-08-06,2026-08-13,119.5113,119.1848,-0.2732,%,return_pct,descriptive_event_window_not_causal,FRED-DTWEXBGS
M24,2026-08-07,MOF publishes April-June daily intervention details,FX intervention,information_release,DTWEXBGS,Broad US dollar index,20d,2026-08-06,2026-09-03,119.5113,118.127,-1.1583,%,return_pct,descriptive_event_window_not_causal,FRED-DTWEXBGS
M26,2026-08-28,MOF publishes monthly intervention total,FX intervention,information_release,DEXJPUS,JPY vs USD,1d,2026-08-27,2026-08-28,159.26,159.97,-0.4458,%,local-currency return vs USD,descriptive_event_window_not_causal,FRED-DEXJPUS
M26,2026-08-28,MOF publishes monthly intervention total,FX intervention,information_release,DEXJPUS,JPY vs USD,5d,2026-08-27,2026-09-03,159.26,155.39,2.43,%,local-currency return vs USD,descriptive_event_window_not_causal,FRED-DEXJPUS
M26,2026-08-28,MOF publishes monthly intervention total,FX intervention,information_release,DEXJPUS,JPY vs USD,20d,2026-08-27,2026-09-11,159.26,153.71,3.4849,%,local-currency return vs USD,descriptive_event_window_not_causal,FRED-DEXJPUS
M26,2026-08-28,MOF publishes monthly intervention total,FX intervention,information_release,DEXMXUS,MXN vs USD,1d,2026-08-27,2026-08-28,16.9585,17.043,-0.4983,%,local-currency return vs USD,descriptive_event_window_not_causal,FRED-DEXMXUS
M26,2026-08-28,MOF publishes monthly intervention total,FX intervention,information_release,DEXMXUS,MXN vs USD,5d,2026-08-27,2026-09-03,16.9585,16.9602,-0.01,%,local-currency return vs USD,descriptive_event_window_not_causal,FRED-DEXMXUS
M26,2026-08-28,MOF publishes monthly intervention total,FX intervention,information_release,DEXMXUS,MXN vs USD,20d,2026-08-27,2026-09-11,16.9585,16.9704,-0.0702,%,local-currency return vs USD,descriptive_event_window_not_causal,FRED-DEXMXUS
M26,2026-08-28,MOF publishes monthly intervention total,FX intervention,information_release,DEXUSAL,AUD vs USD,1d,2026-08-27,2026-08-28,0.7198,0.7166,-0.4446,%,local-currency return vs USD,descriptive_event_window_not_causal,FRED-DEXUSAL
M26,2026-08-28,MOF publishes monthly intervention total,FX intervention,information_release,DEXUSAL,AUD vs USD,5d,2026-08-27,2026-09-03,0.7198,0.7199,0.0139,%,local-currency return vs USD,descriptive_event_window_not_causal,FRED-DEXUSAL
M26,2026-08-28,MOF publishes monthly intervention total,FX intervention,information_release,DEXUSAL,AUD vs USD,20d,2026-08-27,2026-09-11,0.7198,0.7174,-0.3334,%,local-currency return vs USD,descriptive_event_window_not_causal,FRED-DEXUSAL
M26,2026-08-28,MOF publishes monthly intervention total,FX intervention,information_release,DEXUSNZ,NZD vs USD,1d,2026-08-27,2026-08-28,0.5953,0.5915,-0.6383,%,local-currency return vs USD,descriptive_event_window_not_causal,FRED-DEXUSNZ
M26,2026-08-28,MOF publishes monthly intervention total,FX intervention,information_release,DEXUSNZ,NZD vs USD,5d,2026-08-27,2026-09-03,0.5953,0.5885,-1.1423,%,local-currency return vs USD,descriptive_event_window_not_causal,FRED-DEXUSNZ
M26,2026-08-28,MOF publishes monthly intervention total,FX intervention,information_release,DEXUSNZ,NZD vs USD,20d,2026-08-27,2026-09-11,0.5953,0.5817,-2.2846,%,local-currency return vs USD,descriptive_event_window_not_causal,FRED-DEXUSNZ
M26,2026-08-28,MOF publishes monthly intervention total,FX intervention,information_release,DEXBZUS,BRL vs USD,1d,2026-08-27,2026-08-28,5.17,5.2168,-0.9052,%,local-currency return vs USD,descriptive_event_window_not_causal,FRED-DEXBZUS
M26,2026-08-28,MOF publishes monthly intervention total,FX intervention,information_release,DEXBZUS,BRL vs USD,5d,2026-08-27,2026-09-03,5.17,5.1062,1.234,%,local-currency return vs USD,descriptive_event_window_not_causal,FRED-DEXBZUS
M26,2026-08-28,MOF publishes monthly intervention total,FX intervention,information_release,DEXBZUS,BRL vs USD,20d,2026-08-27,2026-09-11,5.17,5.1009,1.3366,%,local-currency return vs USD,descriptive_event_window_not_causal,FRED-DEXBZUS
M26,2026-08-28,MOF publishes monthly intervention total,FX intervention,information_release,SP500,S&P 500,1d,2026-08-27,2026-08-28,7730.99,7711.76,-0.2487,%,return_pct,descriptive_event_window_not_causal,FRED-SP500
M26,2026-08-28,MOF publishes monthly intervention total,FX intervention,information_release,SP500,S&P 500,5d,2026-08-27,2026-09-03,7730.99,7747.71,0.2163,%,return_pct,descriptive_event_window_not_causal,FRED-SP500
M26,2026-08-28,MOF publishes monthly intervention total,FX intervention,information_release,SP500,S&P 500,20d,2026-08-27,2026-09-15,7730.99,7585.73,-1.8789,%,return_pct,descriptive_event_window_not_causal,FRED-SP500
M26,2026-08-28,MOF publishes monthly intervention total,FX intervention,information_release,NASDAQCOM,Nasdaq Composite,1d,2026-08-27,2026-08-28,26541.35,26402.42,-0.5234,%,return_pct,descriptive_event_window_not_causal,FRED-NASDAQCOM
M26,2026-08-28,MOF publishes monthly intervention total,FX intervention,information_release,NASDAQCOM,Nasdaq Composite,5d,2026-08-27,2026-09-03,26541.35,26584.06,0.1609,%,return_pct,descriptive_event_window_not_causal,FRED-NASDAQCOM
M26,2026-08-28,MOF publishes monthly intervention total,FX intervention,information_release,NASDAQCOM,Nasdaq Composite,20d,2026-08-27,2026-09-15,26541.35,25981.57,-2.1091,%,return_pct,descriptive_event_window_not_causal,FRED-NASDAQCOM
M26,2026-08-28,MOF publishes monthly intervention total,FX intervention,information_release,NIKKEI225,Nikkei 225,1d,2026-08-27,2026-08-28,66131.98,66405.56,0.4137,%,return_pct,descriptive_event_window_not_causal,FRED-NIKKEI225
M26,2026-08-28,MOF publishes monthly intervention total,FX intervention,information_release,NIKKEI225,Nikkei 225,5d,2026-08-27,2026-09-03,66131.98,64214.48,-2.8995,%,return_pct,descriptive_event_window_not_causal,FRED-NIKKEI225
M26,2026-08-28,MOF publishes monthly intervention total,FX intervention,information_release,NIKKEI225,Nikkei 225,20d,2026-08-27,2026-09-14,66131.98,63492.99,-3.9905,%,return_pct,descriptive_event_window_not_causal,FRED-NIKKEI225
M26,2026-08-28,MOF publishes monthly intervention total,FX intervention,information_release,VIXCLS,VIX,1d,2026-08-27,2026-08-28,14.51,14.43,-0.08,index points,change,descriptive_event_window_not_causal,FRED-VIXCLS
M26,2026-08-28,MOF publishes monthly intervention total,FX intervention,information_release,VIXCLS,VIX,5d,2026-08-27,2026-09-03,14.51,14.32,-0.19,index points,change,descriptive_event_window_not_causal,FRED-VIXCLS
M26,2026-08-28,MOF publishes monthly intervention total,FX intervention,information_release,VIXCLS,VIX,20d,2026-08-27,2026-09-14,14.51,17.1,2.59,index points,change,descriptive_event_window_not_causal,FRED-VIXCLS
M26,2026-08-28,MOF publishes monthly intervention total,FX intervention,information_release,DGS10,US 10-year Treasury yield,1d,2026-08-27,2026-08-28,4.67,4.73,6,bp,change_bp,descriptive_event_window_not_causal,FRED-DGS10
M26,2026-08-28,MOF publishes monthly intervention total,FX intervention,information_release,DGS10,US 10-year Treasury yield,5d,2026-08-27,2026-09-03,4.67,4.77,10,bp,change_bp,descriptive_event_window_not_causal,FRED-DGS10
M26,2026-08-28,MOF publishes monthly intervention total,FX intervention,information_release,DGS10,US 10-year Treasury yield,20d,2026-08-27,2026-09-14,4.67,4.97,30,bp,change_bp,descriptive_event_window_not_causal,FRED-DGS10
M26,2026-08-28,MOF publishes monthly intervention total,FX intervention,information_release,BAMLH0A0HYM2,US high-yield OAS,1d,2026-08-27,2026-08-28,2.63,2.6,-3,bp,change_bp,descriptive_event_window_not_causal,FRED-BAMLH0A0HYM2
M26,2026-08-28,MOF publishes monthly intervention total,FX intervention,information_release,BAMLH0A0HYM2,US high-yield OAS,5d,2026-08-27,2026-09-03,2.63,2.65,2,bp,change_bp,descriptive_event_window_not_causal,FRED-BAMLH0A0HYM2
M26,2026-08-28,MOF publishes monthly intervention total,FX intervention,information_release,BAMLH0A0HYM2,US high-yield OAS,20d,2026-08-27,2026-09-14,2.63,2.71,8,bp,change_bp,descriptive_event_window_not_causal,FRED-BAMLH0A0HYM2
M26,2026-08-28,MOF publishes monthly intervention total,FX intervention,information_release,DCOILWTICO,WTI crude oil,1d,2026-08-27,2026-08-28,84.81,84.57,-0.283,%,return_pct,descriptive_event_window_not_causal,FRED-DCOILWTICO
M26,2026-08-28,MOF publishes monthly intervention total,FX intervention,information_release,DCOILWTICO,WTI crude oil,5d,2026-08-27,2026-09-03,84.81,92.55,9.1263,%,return_pct,descriptive_event_window_not_causal,FRED-DCOILWTICO
M26,2026-08-28,MOF publishes monthly intervention total,FX intervention,information_release,DCOILWTICO,WTI crude oil,20d,2026-08-27,2026-09-09,84.81,97.26,14.6799,%,return_pct,descriptive_event_window_not_causal,FRED-DCOILWTICO
M26,2026-08-28,MOF publishes monthly intervention total,FX intervention,information_release,CBBTCUSD,Bitcoin,1d,2026-08-27,2026-08-28,80209.61,77838.65,-2.956,%,return_pct,descriptive_event_window_not_causal,FRED-CBBTCUSD
M26,2026-08-28,MOF publishes monthly intervention total,FX intervention,information_release,CBBTCUSD,Bitcoin,5d,2026-08-27,2026-09-01,80209.61,77392.65,-3.512,%,return_pct,descriptive_event_window_not_causal,FRED-CBBTCUSD
M26,2026-08-28,MOF publishes monthly intervention total,FX intervention,information_release,CBBTCUSD,Bitcoin,20d,2026-08-27,2026-09-15,80209.61,75656.09,-5.677,%,return_pct,descriptive_event_window_not_causal,FRED-CBBTCUSD
M26,2026-08-28,MOF publishes monthly intervention total,FX intervention,information_release,DTWEXBGS,Broad US dollar index,1d,2026-08-27,2026-08-28,118.3583,118.7479,0.3292,%,return_pct,descriptive_event_window_not_causal,FRED-DTWEXBGS
M26,2026-08-28,MOF publishes monthly intervention total,FX intervention,information_release,DTWEXBGS,Broad US dollar index,5d,2026-08-27,2026-09-03,118.3583,118.127,-0.1954,%,return_pct,descriptive_event_window_not_causal,FRED-DTWEXBGS
M26,2026-08-28,MOF publishes monthly intervention total,FX intervention,information_release,DTWEXBGS,Broad US dollar index,20d,2026-08-27,2026-09-11,118.3583,118.2126,-0.1231,%,return_pct,descriptive_event_window_not_causal,FRED-DTWEXBGS
M27,2026-09-11,Reported continuing US-Japan currency coordination,Disclosure / expectations,information_release,DEXJPUS,JPY vs USD,1d,2026-09-10,2026-09-11,154.06,153.71,0.2272,%,local-currency return vs USD,descriptive_event_window_not_causal,FRED-DEXJPUS
M27,2026-09-11,Reported continuing US-Japan currency coordination,Disclosure / expectations,information_release,DEXJPUS,JPY vs USD,5d,2026-09-10,2026-09-11,154.06,153.71,0.2272,%,local-currency return vs USD,descriptive_event_window_not_causal,FRED-DEXJPUS
M27,2026-09-11,Reported continuing US-Japan currency coordination,Disclosure / expectations,information_release,DEXJPUS,JPY vs USD,20d,2026-09-10,2026-09-11,154.06,153.71,0.2272,%,local-currency return vs USD,descriptive_event_window_not_causal,FRED-DEXJPUS
M27,2026-09-11,Reported continuing US-Japan currency coordination,Disclosure / expectations,information_release,DEXMXUS,MXN vs USD,1d,2026-09-10,2026-09-11,16.973,16.9704,0.0153,%,local-currency return vs USD,descriptive_event_window_not_causal,FRED-DEXMXUS
M27,2026-09-11,Reported continuing US-Japan currency coordination,Disclosure / expectations,information_release,DEXMXUS,MXN vs USD,5d,2026-09-10,2026-09-11,16.973,16.9704,0.0153,%,local-currency return vs USD,descriptive_event_window_not_causal,FRED-DEXMXUS
M27,2026-09-11,Reported continuing US-Japan currency coordination,Disclosure / expectations,information_release,DEXMXUS,MXN vs USD,20d,2026-09-10,2026-09-11,16.973,16.9704,0.0153,%,local-currency return vs USD,descriptive_event_window_not_causal,FRED-DEXMXUS
M27,2026-09-11,Reported continuing US-Japan currency coordination,Disclosure / expectations,information_release,DEXUSAL,AUD vs USD,1d,2026-09-10,2026-09-11,0.7171,0.7174,0.0418,%,local-currency return vs USD,descriptive_event_window_not_causal,FRED-DEXUSAL
M27,2026-09-11,Reported continuing US-Japan currency coordination,Disclosure / expectations,information_release,DEXUSAL,AUD vs USD,5d,2026-09-10,2026-09-11,0.7171,0.7174,0.0418,%,local-currency return vs USD,descriptive_event_window_not_causal,FRED-DEXUSAL
M27,2026-09-11,Reported continuing US-Japan currency coordination,Disclosure / expectations,information_release,DEXUSAL,AUD vs USD,20d,2026-09-10,2026-09-11,0.7171,0.7174,0.0418,%,local-currency return vs USD,descriptive_event_window_not_causal,FRED-DEXUSAL
M27,2026-09-11,Reported continuing US-Japan currency coordination,Disclosure / expectations,information_release,DEXUSNZ,NZD vs USD,1d,2026-09-10,2026-09-11,0.581,0.5817,0.1205,%,local-currency return vs USD,descriptive_event_window_not_causal,FRED-DEXUSNZ
M27,2026-09-11,Reported continuing US-Japan currency coordination,Disclosure / expectations,information_release,DEXUSNZ,NZD vs USD,5d,2026-09-10,2026-09-11,0.581,0.5817,0.1205,%,local-currency return vs USD,descriptive_event_window_not_causal,FRED-DEXUSNZ
M27,2026-09-11,Reported continuing US-Japan currency coordination,Disclosure / expectations,information_release,DEXUSNZ,NZD vs USD,20d,2026-09-10,2026-09-11,0.581,0.5817,0.1205,%,local-currency return vs USD,descriptive_event_window_not_causal,FRED-DEXUSNZ
M27,2026-09-11,Reported continuing US-Japan currency coordination,Disclosure / expectations,information_release,DEXBZUS,BRL vs USD,1d,2026-09-10,2026-09-11,5.0983,5.1009,-0.051,%,local-currency return vs USD,descriptive_event_window_not_causal,FRED-DEXBZUS
M27,2026-09-11,Reported continuing US-Japan currency coordination,Disclosure / expectations,information_release,DEXBZUS,BRL vs USD,5d,2026-09-10,2026-09-11,5.0983,5.1009,-0.051,%,local-currency return vs USD,descriptive_event_window_not_causal,FRED-DEXBZUS
M27,2026-09-11,Reported continuing US-Japan currency coordination,Disclosure / expectations,information_release,DEXBZUS,BRL vs USD,20d,2026-09-10,2026-09-11,5.0983,5.1009,-0.051,%,local-currency return vs USD,descriptive_event_window_not_causal,FRED-DEXBZUS
M27,2026-09-11,Reported continuing US-Japan currency coordination,Disclosure / expectations,information_release,SP500,S&P 500,1d,2026-09-10,2026-09-11,7591.7,7656.98,0.8599,%,return_pct,descriptive_event_window_not_causal,FRED-SP500
M27,2026-09-11,Reported continuing US-Japan currency coordination,Disclosure / expectations,information_release,SP500,S&P 500,5d,2026-09-10,2026-09-15,7591.7,7585.73,-0.0786,%,return_pct,descriptive_event_window_not_causal,FRED-SP500
M27,2026-09-11,Reported continuing US-Japan currency coordination,Disclosure / expectations,information_release,SP500,S&P 500,20d,2026-09-10,2026-09-15,7591.7,7585.73,-0.0786,%,return_pct,descriptive_event_window_not_causal,FRED-SP500
M27,2026-09-11,Reported continuing US-Japan currency coordination,Disclosure / expectations,information_release,NASDAQCOM,Nasdaq Composite,1d,2026-09-10,2026-09-11,26081.72,26333.04,0.9636,%,return_pct,descriptive_event_window_not_causal,FRED-NASDAQCOM
M27,2026-09-11,Reported continuing US-Japan currency coordination,Disclosure / expectations,information_release,NASDAQCOM,Nasdaq Composite,5d,2026-09-10,2026-09-15,26081.72,25981.57,-0.384,%,return_pct,descriptive_event_window_not_causal,FRED-NASDAQCOM
M27,2026-09-11,Reported continuing US-Japan currency coordination,Disclosure / expectations,information_release,NASDAQCOM,Nasdaq Composite,20d,2026-09-10,2026-09-15,26081.72,25981.57,-0.384,%,return_pct,descriptive_event_window_not_causal,FRED-NASDAQCOM
M27,2026-09-11,Reported continuing US-Japan currency coordination,Disclosure / expectations,information_release,NIKKEI225,Nikkei 225,1d,2026-09-10,2026-09-11,65270.95,64011.34,-1.9298,%,return_pct,descriptive_event_window_not_causal,FRED-NIKKEI225
M27,2026-09-11,Reported continuing US-Japan currency coordination,Disclosure / expectations,information_release,NIKKEI225,Nikkei 225,5d,2026-09-10,2026-09-14,65270.95,63492.99,-2.724,%,return_pct,descriptive_event_window_not_causal,FRED-NIKKEI225
M27,2026-09-11,Reported continuing US-Japan currency coordination,Disclosure / expectations,information_release,NIKKEI225,Nikkei 225,20d,2026-09-10,2026-09-14,65270.95,63492.99,-2.724,%,return_pct,descriptive_event_window_not_causal,FRED-NIKKEI225
M27,2026-09-11,Reported continuing US-Japan currency coordination,Disclosure / expectations,information_release,VIXCLS,VIX,1d,2026-09-10,2026-09-11,17.84,15.84,-2,index points,change,descriptive_event_window_not_causal,FRED-VIXCLS
M27,2026-09-11,Reported continuing US-Japan currency coordination,Disclosure / expectations,information_release,VIXCLS,VIX,5d,2026-09-10,2026-09-14,17.84,17.1,-0.74,index points,change,descriptive_event_window_not_causal,FRED-VIXCLS
M27,2026-09-11,Reported continuing US-Japan currency coordination,Disclosure / expectations,information_release,VIXCLS,VIX,20d,2026-09-10,2026-09-14,17.84,17.1,-0.74,index points,change,descriptive_event_window_not_causal,FRED-VIXCLS
M27,2026-09-11,Reported continuing US-Japan currency coordination,Disclosure / expectations,information_release,DGS10,US 10-year Treasury yield,1d,2026-09-10,2026-09-11,4.95,4.96,1,bp,change_bp,descriptive_event_window_not_causal,FRED-DGS10
M27,2026-09-11,Reported continuing US-Japan currency coordination,Disclosure / expectations,information_release,DGS10,US 10-year Treasury yield,5d,2026-09-10,2026-09-14,4.95,4.97,2,bp,change_bp,descriptive_event_window_not_causal,FRED-DGS10
M27,2026-09-11,Reported continuing US-Japan currency coordination,Disclosure / expectations,information_release,DGS10,US 10-year Treasury yield,20d,2026-09-10,2026-09-14,4.95,4.97,2,bp,change_bp,descriptive_event_window_not_causal,FRED-DGS10
M27,2026-09-11,Reported continuing US-Japan currency coordination,Disclosure / expectations,information_release,BAMLH0A0HYM2,US high-yield OAS,1d,2026-09-10,2026-09-11,2.7,2.65,-5,bp,change_bp,descriptive_event_window_not_causal,FRED-BAMLH0A0HYM2
M27,2026-09-11,Reported continuing US-Japan currency coordination,Disclosure / expectations,information_release,BAMLH0A0HYM2,US high-yield OAS,5d,2026-09-10,2026-09-14,2.7,2.71,1,bp,change_bp,descriptive_event_window_not_causal,FRED-BAMLH0A0HYM2
M27,2026-09-11,Reported continuing US-Japan currency coordination,Disclosure / expectations,information_release,BAMLH0A0HYM2,US high-yield OAS,20d,2026-09-10,2026-09-14,2.7,2.71,1,bp,change_bp,descriptive_event_window_not_causal,FRED-BAMLH0A0HYM2
M27,2026-09-11,Reported continuing US-Japan currency coordination,Disclosure / expectations,information_release,CBBTCUSD,Bitcoin,1d,2026-09-10,2026-09-11,76664.89,77276.5,0.7978,%,return_pct,descriptive_event_window_not_causal,FRED-CBBTCUSD
M27,2026-09-11,Reported continuing US-Japan currency coordination,Disclosure / expectations,information_release,CBBTCUSD,Bitcoin,5d,2026-09-10,2026-09-15,76664.89,75656.09,-1.3159,%,return_pct,descriptive_event_window_not_causal,FRED-CBBTCUSD
M27,2026-09-11,Reported continuing US-Japan currency coordination,Disclosure / expectations,information_release,CBBTCUSD,Bitcoin,20d,2026-09-10,2026-09-15,76664.89,75656.09,-1.3159,%,return_pct,descriptive_event_window_not_causal,FRED-CBBTCUSD
M27,2026-09-11,Reported continuing US-Japan currency coordination,Disclosure / expectations,information_release,DTWEXBGS,Broad US dollar index,1d,2026-09-10,2026-09-11,118.0787,118.2126,0.1134,%,return_pct,descriptive_event_window_not_causal,FRED-DTWEXBGS
M27,2026-09-11,Reported continuing US-Japan currency coordination,Disclosure / expectations,information_release,DTWEXBGS,Broad US dollar index,5d,2026-09-10,2026-09-11,118.0787,118.2126,0.1134,%,return_pct,descriptive_event_window_not_causal,FRED-DTWEXBGS
M27,2026-09-11,Reported continuing US-Japan currency coordination,Disclosure / expectations,information_release,DTWEXBGS,Broad US dollar index,20d,2026-09-10,2026-09-11,118.0787,118.2126,0.1134,%,return_pct,descriptive_event_window_not_causal,FRED-DTWEXBGS
M28,2026-09-15,Reported BOJ-expectation test for the yen rally,Disclosure / expectations,information_release,SP500,S&P 500,1d,2026-09-14,2026-09-15,7619.98,7585.73,-0.4495,%,return_pct,descriptive_event_window_not_causal,FRED-SP500
M28,2026-09-15,Reported BOJ-expectation test for the yen rally,Disclosure / expectations,information_release,SP500,S&P 500,5d,2026-09-14,2026-09-15,7619.98,7585.73,-0.4495,%,return_pct,descriptive_event_window_not_causal,FRED-SP500
M28,2026-09-15,Reported BOJ-expectation test for the yen rally,Disclosure / expectations,information_release,SP500,S&P 500,20d,2026-09-14,2026-09-15,7619.98,7585.73,-0.4495,%,return_pct,descriptive_event_window_not_causal,FRED-SP500
M28,2026-09-15,Reported BOJ-expectation test for the yen rally,Disclosure / expectations,information_release,NASDAQCOM,Nasdaq Composite,1d,2026-09-14,2026-09-15,26186.41,25981.57,-0.7822,%,return_pct,descriptive_event_window_not_causal,FRED-NASDAQCOM
M28,2026-09-15,Reported BOJ-expectation test for the yen rally,Disclosure / expectations,information_release,NASDAQCOM,Nasdaq Composite,5d,2026-09-14,2026-09-15,26186.41,25981.57,-0.7822,%,return_pct,descriptive_event_window_not_causal,FRED-NASDAQCOM
M28,2026-09-15,Reported BOJ-expectation test for the yen rally,Disclosure / expectations,information_release,NASDAQCOM,Nasdaq Composite,20d,2026-09-14,2026-09-15,26186.41,25981.57,-0.7822,%,return_pct,descriptive_event_window_not_causal,FRED-NASDAQCOM
M28,2026-09-15,Reported BOJ-expectation test for the yen rally,Disclosure / expectations,information_release,CBBTCUSD,Bitcoin,1d,2026-09-14,2026-09-15,78200.38,75656.09,-3.2536,%,return_pct,descriptive_event_window_not_causal,FRED-CBBTCUSD
M28,2026-09-15,Reported BOJ-expectation test for the yen rally,Disclosure / expectations,information_release,CBBTCUSD,Bitcoin,5d,2026-09-14,2026-09-15,78200.38,75656.09,-3.2536,%,return_pct,descriptive_event_window_not_causal,FRED-CBBTCUSD
M28,2026-09-15,Reported BOJ-expectation test for the yen rally,Disclosure / expectations,information_release,CBBTCUSD,Bitcoin,20d,2026-09-14,2026-09-15,78200.38,75656.09,-3.2536,%,return_pct,descriptive_event_window_not_causal,FRED-CBBTCUSD
